phase,source_url,destination_url,anchor_text,link_context,http_status,final_url,chain_length,verification,rel,recommended_action
after,https://docs.kujolang.ai/,https://docs.kujolang.ai/,Docs,header,200,https://docs.kujolang.ai/,0,rendered local route,,none
after,https://docs.kujolang.ai/,https://docs.kujolang.ai/start-here/,Start here,nav,200,https://docs.kujolang.ai/start-here/,0,rendered local route,,none
after,https://docs.kujolang.ai/,https://docs.kujolang.ai/learn/,Learn Kujo,nav,200,https://docs.kujolang.ai/learn/,0,rendered local route,,none
after,https://docs.kujolang.ai/,https://docs.kujolang.ai/build/,Build with Kujo,nav,200,https://docs.kujolang.ai/build/,0,rendered local route,,none
after,https://docs.kujolang.ai/,https://docs.kujolang.ai/ecosystem/providers/,Providers,nav,200,https://docs.kujolang.ai/ecosystem/providers/,0,rendered local route,,none
after,https://docs.kujolang.ai/,https://docs.kujolang.ai/tools/,Tools,nav,200,https://docs.kujolang.ai/tools/,0,rendered local route,,none
after,https://docs.kujolang.ai/,https://docs.kujolang.ai/showcases/,Showcases,nav,200,https://docs.kujolang.ai/showcases/,0,rendered local route,,none
after,https://docs.kujolang.ai/,https://docs.kujolang.ai/start-here/,Start here,main,200,https://docs.kujolang.ai/start-here/,0,rendered local route,,none
after,https://docs.kujolang.ai/,https://docs.kujolang.ai/quickstart/,Quickstart,main,200,https://docs.kujolang.ai/quickstart/,0,rendered local route,,none
after,https://docs.kujolang.ai/,https://docs.kujolang.ai/install/,"01 Get the toolchain Install or build the CLI, add it to PATH, and verify your local environment. Install Kujo →",main,200,https://docs.kujolang.ai/install/,0,rendered local route,,none
after,https://docs.kujolang.ai/,https://docs.kujolang.ai/quickstart/,"02 Run one program Create a tiny file, run it with the VM-first runtime, and check the source. Quickstart →",main,200,https://docs.kujolang.ai/quickstart/,0,rendered local route,,none
after,https://docs.kujolang.ai/,https://docs.kujolang.ai/build/owned-agent-projects/,"03 Create an agent Install one focused tool group, scaffold an owned Agent Project, and talk to it locally. Build an agent →",main,200,https://docs.kujolang.ai/build/owned-agent-projects/,0,rendered local route,,none
after,https://docs.kujolang.ai/,https://docs.kujolang.ai/review/,"04 Keep work reviewable Define work, focus context, check results, capture proof, and gate releases. Reviewable work →",main,200,https://docs.kujolang.ai/review/,0,rendered local route,,none
after,https://docs.kujolang.ai/,https://docs.kujolang.ai/learn/,Learn Kujo,main,200,https://docs.kujolang.ai/learn/,0,rendered local route,,none
after,https://docs.kujolang.ai/,https://docs.kujolang.ai/learn/runtime/,Runtime and capabilities,main,200,https://docs.kujolang.ai/learn/runtime/,0,rendered local route,,none
after,https://docs.kujolang.ai/,https://docs.kujolang.ai/learn/packages/,Packages with Kennel,main,200,https://docs.kujolang.ai/learn/packages/,0,rendered local route,,none
after,https://docs.kujolang.ai/,https://docs.kujolang.ai/build/owned-agent-projects/,Agent Projects,main,200,https://docs.kujolang.ai/build/owned-agent-projects/,0,rendered local route,,none
after,https://docs.kujolang.ai/,https://docs.kujolang.ai/ecosystem/providers/,Provider packages,main,200,https://docs.kujolang.ai/ecosystem/providers/,0,rendered local route,,none
after,https://docs.kujolang.ai/,https://docs.kujolang.ai/tools/,Tool directory,main,200,https://docs.kujolang.ai/tools/,0,rendered local route,,none
after,https://docs.kujolang.ai/,https://docs.kujolang.ai/showcases/,Showcases,main,200,https://docs.kujolang.ai/showcases/,0,rendered local route,,none
after,https://docs.kujolang.ai/,https://docs.kujolang.ai/collections/,Operating collections,main,200,https://docs.kujolang.ai/collections/,0,rendered local route,,none
after,https://docs.kujolang.ai/,https://docs.kujolang.ai/reference/,CLI and generated reference,main,200,https://docs.kujolang.ai/reference/,0,rendered local route,,none
after,https://docs.kujolang.ai/,https://docs.kujolang.ai/security/,Security model,main,200,https://docs.kujolang.ai/security/,0,rendered local route,,none
after,https://docs.kujolang.ai/,https://docs.kujolang.ai/support/,Support,main,200,https://docs.kujolang.ai/support/,0,rendered local route,,none
after,https://docs.kujolang.ai/,https://docs.kujolang.ai/reference/,Reference,nav,200,https://docs.kujolang.ai/reference/,0,rendered local route,,none
after,https://docs.kujolang.ai/,https://docs.kujolang.ai/support/,Support,nav,200,https://docs.kujolang.ai/support/,0,rendered local route,,none
after,https://docs.kujolang.ai/,https://docs.kujolang.ai/release-boundaries/,Release boundaries,nav,200,https://docs.kujolang.ai/release-boundaries/,0,rendered local route,,none
after,https://docs.kujolang.ai/,https://docs.kujolang.ai/llms.txt,llms.txt,nav,200,https://docs.kujolang.ai/llms.txt,0,rendered local route,,none
after,https://docs.kujolang.ai/build/agent-credentials/,https://docs.kujolang.ai/,Docs,header,200,https://docs.kujolang.ai/,0,rendered local route,,none
after,https://docs.kujolang.ai/build/agent-credentials/,https://docs.kujolang.ai/start-here/,Start here,nav,200,https://docs.kujolang.ai/start-here/,0,rendered local route,,none
after,https://docs.kujolang.ai/build/agent-credentials/,https://docs.kujolang.ai/learn/,Learn Kujo,nav,200,https://docs.kujolang.ai/learn/,0,rendered local route,,none
after,https://docs.kujolang.ai/build/agent-credentials/,https://docs.kujolang.ai/build/,Build with Kujo,nav,200,https://docs.kujolang.ai/build/,0,rendered local route,,none
after,https://docs.kujolang.ai/build/agent-credentials/,https://docs.kujolang.ai/ecosystem/providers/,Providers,nav,200,https://docs.kujolang.ai/ecosystem/providers/,0,rendered local route,,none
after,https://docs.kujolang.ai/build/agent-credentials/,https://docs.kujolang.ai/tools/,Tools,nav,200,https://docs.kujolang.ai/tools/,0,rendered local route,,none
after,https://docs.kujolang.ai/build/agent-credentials/,https://docs.kujolang.ai/showcases/,Showcases,nav,200,https://docs.kujolang.ai/showcases/,0,rendered local route,,none
after,https://docs.kujolang.ai/build/agent-credentials/,https://docs.kujolang.ai/start-here/,Start here,aside,200,https://docs.kujolang.ai/start-here/,0,rendered local route,,none
after,https://docs.kujolang.ai/build/agent-credentials/,https://docs.kujolang.ai/install/,Install Kujo,aside,200,https://docs.kujolang.ai/install/,0,rendered local route,,none
after,https://docs.kujolang.ai/build/agent-credentials/,https://docs.kujolang.ai/quickstart/,Quickstart,aside,200,https://docs.kujolang.ai/quickstart/,0,rendered local route,,none
after,https://docs.kujolang.ai/build/agent-credentials/,https://docs.kujolang.ai/choose-a-path/,Choose a path,aside,200,https://docs.kujolang.ai/choose-a-path/,0,rendered local route,,none
after,https://docs.kujolang.ai/build/agent-credentials/,https://docs.kujolang.ai/learn/,Learn Kujo,aside,200,https://docs.kujolang.ai/learn/,0,rendered local route,,none
after,https://docs.kujolang.ai/build/agent-credentials/,https://docs.kujolang.ai/build/,Build with Kujo,aside,200,https://docs.kujolang.ai/build/,0,rendered local route,,none
after,https://docs.kujolang.ai/build/agent-credentials/,https://docs.kujolang.ai/review/,Reviewable work,aside,200,https://docs.kujolang.ai/review/,0,rendered local route,,none
after,https://docs.kujolang.ai/build/agent-credentials/,https://docs.kujolang.ai/tools/,Tools,aside,200,https://docs.kujolang.ai/tools/,0,rendered local route,,none
after,https://docs.kujolang.ai/build/agent-credentials/,https://docs.kujolang.ai/showcases/,Showcases,aside,200,https://docs.kujolang.ai/showcases/,0,rendered local route,,none
after,https://docs.kujolang.ai/build/agent-credentials/,https://docs.kujolang.ai/collections/,Collections,aside,200,https://docs.kujolang.ai/collections/,0,rendered local route,,none
after,https://docs.kujolang.ai/build/agent-credentials/,https://docs.kujolang.ai/ecosystem/,Ecosystem,aside,200,https://docs.kujolang.ai/ecosystem/,0,rendered local route,,none
after,https://docs.kujolang.ai/build/agent-credentials/,https://docs.kujolang.ai/reference/,Reference,aside,200,https://docs.kujolang.ai/reference/,0,rendered local route,,none
after,https://docs.kujolang.ai/build/agent-credentials/,https://docs.kujolang.ai/security/,Security model,aside,200,https://docs.kujolang.ai/security/,0,rendered local route,,none
after,https://docs.kujolang.ai/build/agent-credentials/,https://docs.kujolang.ai/release-boundaries/,Release boundaries,aside,200,https://docs.kujolang.ai/release-boundaries/,0,rendered local route,,none
after,https://docs.kujolang.ai/build/agent-credentials/,https://docs.kujolang.ai/support/,Support,aside,200,https://docs.kujolang.ai/support/,0,rendered local route,,none
after,https://docs.kujolang.ai/build/agent-credentials/,https://docs.kujolang.ai/build/agent-operations/,agent operations and hardening,article,200,https://docs.kujolang.ai/build/agent-operations/,0,rendered local route,,none
after,https://docs.kujolang.ai/build/agent-credentials/,https://docs.kujolang.ai/build/agent-profiles/,Previous,nav,200,https://docs.kujolang.ai/build/agent-profiles/,0,rendered local route,prev,none
after,https://docs.kujolang.ai/build/agent-credentials/,https://docs.kujolang.ai/build/agent-operations/,Next,nav,200,https://docs.kujolang.ai/build/agent-operations/,0,rendered local route,next,none
after,https://docs.kujolang.ai/build/agent-credentials/,https://docs.kujolang.ai/reference/,Reference,nav,200,https://docs.kujolang.ai/reference/,0,rendered local route,,none
after,https://docs.kujolang.ai/build/agent-credentials/,https://docs.kujolang.ai/support/,Support,nav,200,https://docs.kujolang.ai/support/,0,rendered local route,,none
after,https://docs.kujolang.ai/build/agent-credentials/,https://docs.kujolang.ai/release-boundaries/,Release boundaries,nav,200,https://docs.kujolang.ai/release-boundaries/,0,rendered local route,,none
after,https://docs.kujolang.ai/build/agent-credentials/,https://docs.kujolang.ai/llms.txt,llms.txt,nav,200,https://docs.kujolang.ai/llms.txt,0,rendered local route,,none
after,https://docs.kujolang.ai/build/agent-operations/,https://docs.kujolang.ai/,Docs,header,200,https://docs.kujolang.ai/,0,rendered local route,,none
after,https://docs.kujolang.ai/build/agent-operations/,https://docs.kujolang.ai/start-here/,Start here,nav,200,https://docs.kujolang.ai/start-here/,0,rendered local route,,none
after,https://docs.kujolang.ai/build/agent-operations/,https://docs.kujolang.ai/learn/,Learn Kujo,nav,200,https://docs.kujolang.ai/learn/,0,rendered local route,,none
after,https://docs.kujolang.ai/build/agent-operations/,https://docs.kujolang.ai/build/,Build with Kujo,nav,200,https://docs.kujolang.ai/build/,0,rendered local route,,none
after,https://docs.kujolang.ai/build/agent-operations/,https://docs.kujolang.ai/ecosystem/providers/,Providers,nav,200,https://docs.kujolang.ai/ecosystem/providers/,0,rendered local route,,none
after,https://docs.kujolang.ai/build/agent-operations/,https://docs.kujolang.ai/tools/,Tools,nav,200,https://docs.kujolang.ai/tools/,0,rendered local route,,none
after,https://docs.kujolang.ai/build/agent-operations/,https://docs.kujolang.ai/showcases/,Showcases,nav,200,https://docs.kujolang.ai/showcases/,0,rendered local route,,none
after,https://docs.kujolang.ai/build/agent-operations/,https://docs.kujolang.ai/start-here/,Start here,aside,200,https://docs.kujolang.ai/start-here/,0,rendered local route,,none
after,https://docs.kujolang.ai/build/agent-operations/,https://docs.kujolang.ai/install/,Install Kujo,aside,200,https://docs.kujolang.ai/install/,0,rendered local route,,none
after,https://docs.kujolang.ai/build/agent-operations/,https://docs.kujolang.ai/quickstart/,Quickstart,aside,200,https://docs.kujolang.ai/quickstart/,0,rendered local route,,none
after,https://docs.kujolang.ai/build/agent-operations/,https://docs.kujolang.ai/choose-a-path/,Choose a path,aside,200,https://docs.kujolang.ai/choose-a-path/,0,rendered local route,,none
after,https://docs.kujolang.ai/build/agent-operations/,https://docs.kujolang.ai/learn/,Learn Kujo,aside,200,https://docs.kujolang.ai/learn/,0,rendered local route,,none
after,https://docs.kujolang.ai/build/agent-operations/,https://docs.kujolang.ai/build/,Build with Kujo,aside,200,https://docs.kujolang.ai/build/,0,rendered local route,,none
after,https://docs.kujolang.ai/build/agent-operations/,https://docs.kujolang.ai/review/,Reviewable work,aside,200,https://docs.kujolang.ai/review/,0,rendered local route,,none
after,https://docs.kujolang.ai/build/agent-operations/,https://docs.kujolang.ai/tools/,Tools,aside,200,https://docs.kujolang.ai/tools/,0,rendered local route,,none
after,https://docs.kujolang.ai/build/agent-operations/,https://docs.kujolang.ai/showcases/,Showcases,aside,200,https://docs.kujolang.ai/showcases/,0,rendered local route,,none
after,https://docs.kujolang.ai/build/agent-operations/,https://docs.kujolang.ai/collections/,Collections,aside,200,https://docs.kujolang.ai/collections/,0,rendered local route,,none
after,https://docs.kujolang.ai/build/agent-operations/,https://docs.kujolang.ai/ecosystem/,Ecosystem,aside,200,https://docs.kujolang.ai/ecosystem/,0,rendered local route,,none
after,https://docs.kujolang.ai/build/agent-operations/,https://docs.kujolang.ai/reference/,Reference,aside,200,https://docs.kujolang.ai/reference/,0,rendered local route,,none
after,https://docs.kujolang.ai/build/agent-operations/,https://docs.kujolang.ai/security/,Security model,aside,200,https://docs.kujolang.ai/security/,0,rendered local route,,none
after,https://docs.kujolang.ai/build/agent-operations/,https://docs.kujolang.ai/release-boundaries/,Release boundaries,aside,200,https://docs.kujolang.ai/release-boundaries/,0,rendered local route,,none
after,https://docs.kujolang.ai/build/agent-operations/,https://docs.kujolang.ai/support/,Support,aside,200,https://docs.kujolang.ai/support/,0,rendered local route,,none
after,https://docs.kujolang.ai/build/agent-operations/,https://docs.kujolang.ai/build/agent-credentials/,Agent Credentials,article,200,https://docs.kujolang.ai/build/agent-credentials/,0,rendered local route,,none
after,https://docs.kujolang.ai/build/agent-operations/,https://docs.kujolang.ai/build/owned-agent-projects/,Agent Projects,article,200,https://docs.kujolang.ai/build/owned-agent-projects/,0,rendered local route,,none
after,https://docs.kujolang.ai/build/agent-operations/,https://docs.kujolang.ai/build/agent-credentials/,Previous,nav,200,https://docs.kujolang.ai/build/agent-credentials/,0,rendered local route,prev,none
after,https://docs.kujolang.ai/build/agent-operations/,https://docs.kujolang.ai/review/,Next,nav,200,https://docs.kujolang.ai/review/,0,rendered local route,next,none
after,https://docs.kujolang.ai/build/agent-operations/,https://docs.kujolang.ai/reference/,Reference,nav,200,https://docs.kujolang.ai/reference/,0,rendered local route,,none
after,https://docs.kujolang.ai/build/agent-operations/,https://docs.kujolang.ai/support/,Support,nav,200,https://docs.kujolang.ai/support/,0,rendered local route,,none
after,https://docs.kujolang.ai/build/agent-operations/,https://docs.kujolang.ai/release-boundaries/,Release boundaries,nav,200,https://docs.kujolang.ai/release-boundaries/,0,rendered local route,,none
after,https://docs.kujolang.ai/build/agent-operations/,https://docs.kujolang.ai/llms.txt,llms.txt,nav,200,https://docs.kujolang.ai/llms.txt,0,rendered local route,,none
after,https://docs.kujolang.ai/build/agent-profiles/,https://docs.kujolang.ai/,Docs,header,200,https://docs.kujolang.ai/,0,rendered local route,,none
after,https://docs.kujolang.ai/build/agent-profiles/,https://docs.kujolang.ai/start-here/,Start here,nav,200,https://docs.kujolang.ai/start-here/,0,rendered local route,,none
after,https://docs.kujolang.ai/build/agent-profiles/,https://docs.kujolang.ai/learn/,Learn Kujo,nav,200,https://docs.kujolang.ai/learn/,0,rendered local route,,none
after,https://docs.kujolang.ai/build/agent-profiles/,https://docs.kujolang.ai/build/,Build with Kujo,nav,200,https://docs.kujolang.ai/build/,0,rendered local route,,none
after,https://docs.kujolang.ai/build/agent-profiles/,https://docs.kujolang.ai/ecosystem/providers/,Providers,nav,200,https://docs.kujolang.ai/ecosystem/providers/,0,rendered local route,,none
after,https://docs.kujolang.ai/build/agent-profiles/,https://docs.kujolang.ai/tools/,Tools,nav,200,https://docs.kujolang.ai/tools/,0,rendered local route,,none
after,https://docs.kujolang.ai/build/agent-profiles/,https://docs.kujolang.ai/showcases/,Showcases,nav,200,https://docs.kujolang.ai/showcases/,0,rendered local route,,none
after,https://docs.kujolang.ai/build/agent-profiles/,https://docs.kujolang.ai/start-here/,Start here,aside,200,https://docs.kujolang.ai/start-here/,0,rendered local route,,none
after,https://docs.kujolang.ai/build/agent-profiles/,https://docs.kujolang.ai/install/,Install Kujo,aside,200,https://docs.kujolang.ai/install/,0,rendered local route,,none
after,https://docs.kujolang.ai/build/agent-profiles/,https://docs.kujolang.ai/quickstart/,Quickstart,aside,200,https://docs.kujolang.ai/quickstart/,0,rendered local route,,none
after,https://docs.kujolang.ai/build/agent-profiles/,https://docs.kujolang.ai/choose-a-path/,Choose a path,aside,200,https://docs.kujolang.ai/choose-a-path/,0,rendered local route,,none
after,https://docs.kujolang.ai/build/agent-profiles/,https://docs.kujolang.ai/learn/,Learn Kujo,aside,200,https://docs.kujolang.ai/learn/,0,rendered local route,,none
after,https://docs.kujolang.ai/build/agent-profiles/,https://docs.kujolang.ai/build/,Build with Kujo,aside,200,https://docs.kujolang.ai/build/,0,rendered local route,,none
after,https://docs.kujolang.ai/build/agent-profiles/,https://docs.kujolang.ai/review/,Reviewable work,aside,200,https://docs.kujolang.ai/review/,0,rendered local route,,none
after,https://docs.kujolang.ai/build/agent-profiles/,https://docs.kujolang.ai/tools/,Tools,aside,200,https://docs.kujolang.ai/tools/,0,rendered local route,,none
after,https://docs.kujolang.ai/build/agent-profiles/,https://docs.kujolang.ai/showcases/,Showcases,aside,200,https://docs.kujolang.ai/showcases/,0,rendered local route,,none
after,https://docs.kujolang.ai/build/agent-profiles/,https://docs.kujolang.ai/collections/,Collections,aside,200,https://docs.kujolang.ai/collections/,0,rendered local route,,none
after,https://docs.kujolang.ai/build/agent-profiles/,https://docs.kujolang.ai/ecosystem/,Ecosystem,aside,200,https://docs.kujolang.ai/ecosystem/,0,rendered local route,,none
after,https://docs.kujolang.ai/build/agent-profiles/,https://docs.kujolang.ai/reference/,Reference,aside,200,https://docs.kujolang.ai/reference/,0,rendered local route,,none
after,https://docs.kujolang.ai/build/agent-profiles/,https://docs.kujolang.ai/security/,Security model,aside,200,https://docs.kujolang.ai/security/,0,rendered local route,,none
after,https://docs.kujolang.ai/build/agent-profiles/,https://docs.kujolang.ai/release-boundaries/,Release boundaries,aside,200,https://docs.kujolang.ai/release-boundaries/,0,rendered local route,,none
after,https://docs.kujolang.ai/build/agent-profiles/,https://docs.kujolang.ai/support/,Support,aside,200,https://docs.kujolang.ai/support/,0,rendered local route,,none
after,https://docs.kujolang.ai/build/agent-profiles/,https://docs.kujolang.ai/tools/agents-sdk/,Agents SDK,article,200,https://docs.kujolang.ai/tools/agents-sdk/,0,rendered local route,,none
after,https://docs.kujolang.ai/build/agent-profiles/,https://docs.kujolang.ai/tools/ai-sdk/,AI SDK,article,200,https://docs.kujolang.ai/tools/ai-sdk/,0,rendered local route,,none
after,https://docs.kujolang.ai/build/agent-profiles/,https://docs.kujolang.ai/tools/mcp/,MCP,article,200,https://docs.kujolang.ai/tools/mcp/,0,rendered local route,,none
after,https://docs.kujolang.ai/build/agent-profiles/,https://docs.kujolang.ai/tools/rag/,RAG Starter Kit,article,200,https://docs.kujolang.ai/tools/rag/,0,rendered local route,,none
after,https://docs.kujolang.ai/build/agent-profiles/,https://docs.kujolang.ai/tools/dispatch/,Dispatch,article,200,https://docs.kujolang.ai/tools/dispatch/,0,rendered local route,,none
after,https://docs.kujolang.ai/build/agent-profiles/,https://docs.kujolang.ai/tools/workcell/,Workcell,article,200,https://docs.kujolang.ai/tools/workcell/,0,rendered local route,,none
after,https://docs.kujolang.ai/build/agent-profiles/,https://docs.kujolang.ai/tools/watchdog/,Watchdog,article,200,https://docs.kujolang.ai/tools/watchdog/,0,rendered local route,,none
after,https://docs.kujolang.ai/build/agent-profiles/,https://docs.kujolang.ai/tools/runledger/,RunLedger,article,200,https://docs.kujolang.ai/tools/runledger/,0,rendered local route,,none
after,https://docs.kujolang.ai/build/agent-profiles/,https://docs.kujolang.ai/build/agent-credentials/,configure credentials and connectors,article,200,https://docs.kujolang.ai/build/agent-credentials/,0,rendered local route,,none
after,https://docs.kujolang.ai/build/agent-profiles/,https://docs.kujolang.ai/build/agent-operations/,review operational controls,article,200,https://docs.kujolang.ai/build/agent-operations/,0,rendered local route,,none
after,https://docs.kujolang.ai/build/agent-profiles/,https://docs.kujolang.ai/build/owned-agent-projects/,Previous,nav,200,https://docs.kujolang.ai/build/owned-agent-projects/,0,rendered local route,prev,none
after,https://docs.kujolang.ai/build/agent-profiles/,https://docs.kujolang.ai/build/agent-credentials/,Next,nav,200,https://docs.kujolang.ai/build/agent-credentials/,0,rendered local route,next,none
after,https://docs.kujolang.ai/build/agent-profiles/,https://docs.kujolang.ai/reference/,Reference,nav,200,https://docs.kujolang.ai/reference/,0,rendered local route,,none
after,https://docs.kujolang.ai/build/agent-profiles/,https://docs.kujolang.ai/support/,Support,nav,200,https://docs.kujolang.ai/support/,0,rendered local route,,none
after,https://docs.kujolang.ai/build/agent-profiles/,https://docs.kujolang.ai/release-boundaries/,Release boundaries,nav,200,https://docs.kujolang.ai/release-boundaries/,0,rendered local route,,none
after,https://docs.kujolang.ai/build/agent-profiles/,https://docs.kujolang.ai/llms.txt,llms.txt,nav,200,https://docs.kujolang.ai/llms.txt,0,rendered local route,,none
after,https://docs.kujolang.ai/build/ai-and-agents/,https://docs.kujolang.ai/,Docs,header,200,https://docs.kujolang.ai/,0,rendered local route,,none
after,https://docs.kujolang.ai/build/ai-and-agents/,https://docs.kujolang.ai/start-here/,Start here,nav,200,https://docs.kujolang.ai/start-here/,0,rendered local route,,none
after,https://docs.kujolang.ai/build/ai-and-agents/,https://docs.kujolang.ai/learn/,Learn Kujo,nav,200,https://docs.kujolang.ai/learn/,0,rendered local route,,none
after,https://docs.kujolang.ai/build/ai-and-agents/,https://docs.kujolang.ai/build/,Build with Kujo,nav,200,https://docs.kujolang.ai/build/,0,rendered local route,,none
after,https://docs.kujolang.ai/build/ai-and-agents/,https://docs.kujolang.ai/ecosystem/providers/,Providers,nav,200,https://docs.kujolang.ai/ecosystem/providers/,0,rendered local route,,none
after,https://docs.kujolang.ai/build/ai-and-agents/,https://docs.kujolang.ai/tools/,Tools,nav,200,https://docs.kujolang.ai/tools/,0,rendered local route,,none
after,https://docs.kujolang.ai/build/ai-and-agents/,https://docs.kujolang.ai/showcases/,Showcases,nav,200,https://docs.kujolang.ai/showcases/,0,rendered local route,,none
after,https://docs.kujolang.ai/build/ai-and-agents/,https://docs.kujolang.ai/start-here/,Start here,aside,200,https://docs.kujolang.ai/start-here/,0,rendered local route,,none
after,https://docs.kujolang.ai/build/ai-and-agents/,https://docs.kujolang.ai/install/,Install Kujo,aside,200,https://docs.kujolang.ai/install/,0,rendered local route,,none
after,https://docs.kujolang.ai/build/ai-and-agents/,https://docs.kujolang.ai/quickstart/,Quickstart,aside,200,https://docs.kujolang.ai/quickstart/,0,rendered local route,,none
after,https://docs.kujolang.ai/build/ai-and-agents/,https://docs.kujolang.ai/choose-a-path/,Choose a path,aside,200,https://docs.kujolang.ai/choose-a-path/,0,rendered local route,,none
after,https://docs.kujolang.ai/build/ai-and-agents/,https://docs.kujolang.ai/learn/,Learn Kujo,aside,200,https://docs.kujolang.ai/learn/,0,rendered local route,,none
after,https://docs.kujolang.ai/build/ai-and-agents/,https://docs.kujolang.ai/build/,Build with Kujo,aside,200,https://docs.kujolang.ai/build/,0,rendered local route,,none
after,https://docs.kujolang.ai/build/ai-and-agents/,https://docs.kujolang.ai/review/,Reviewable work,aside,200,https://docs.kujolang.ai/review/,0,rendered local route,,none
after,https://docs.kujolang.ai/build/ai-and-agents/,https://docs.kujolang.ai/tools/,Tools,aside,200,https://docs.kujolang.ai/tools/,0,rendered local route,,none
after,https://docs.kujolang.ai/build/ai-and-agents/,https://docs.kujolang.ai/showcases/,Showcases,aside,200,https://docs.kujolang.ai/showcases/,0,rendered local route,,none
after,https://docs.kujolang.ai/build/ai-and-agents/,https://docs.kujolang.ai/collections/,Collections,aside,200,https://docs.kujolang.ai/collections/,0,rendered local route,,none
after,https://docs.kujolang.ai/build/ai-and-agents/,https://docs.kujolang.ai/ecosystem/,Ecosystem,aside,200,https://docs.kujolang.ai/ecosystem/,0,rendered local route,,none
after,https://docs.kujolang.ai/build/ai-and-agents/,https://docs.kujolang.ai/reference/,Reference,aside,200,https://docs.kujolang.ai/reference/,0,rendered local route,,none
after,https://docs.kujolang.ai/build/ai-and-agents/,https://docs.kujolang.ai/security/,Security model,aside,200,https://docs.kujolang.ai/security/,0,rendered local route,,none
after,https://docs.kujolang.ai/build/ai-and-agents/,https://docs.kujolang.ai/release-boundaries/,Release boundaries,aside,200,https://docs.kujolang.ai/release-boundaries/,0,rendered local route,,none
after,https://docs.kujolang.ai/build/ai-and-agents/,https://docs.kujolang.ai/support/,Support,aside,200,https://docs.kujolang.ai/support/,0,rendered local route,,none
after,https://docs.kujolang.ai/build/ai-and-agents/,https://docs.kujolang.ai/build/owned-agent-projects/,Agent Projects,article,200,https://docs.kujolang.ai/build/owned-agent-projects/,0,rendered local route,,none
after,https://docs.kujolang.ai/build/ai-and-agents/,https://docs.kujolang.ai/build/agent-profiles/,profile,article,200,https://docs.kujolang.ai/build/agent-profiles/,0,rendered local route,,none
after,https://docs.kujolang.ai/build/ai-and-agents/,https://docs.kujolang.ai/build/agent-credentials/,credentials,article,200,https://docs.kujolang.ai/build/agent-credentials/,0,rendered local route,,none
after,https://docs.kujolang.ai/build/ai-and-agents/,https://docs.kujolang.ai/build/agent-operations/,operations guide,article,200,https://docs.kujolang.ai/build/agent-operations/,0,rendered local route,,none
after,https://docs.kujolang.ai/build/ai-and-agents/,https://docs.kujolang.ai/collections/skills/,kujo-way-development,article,200,https://docs.kujolang.ai/collections/skills/,0,rendered local route,,none
after,https://docs.kujolang.ai/build/ai-and-agents/,https://docs.kujolang.ai/tools/ai-sdk/,AI SDK,article,200,https://docs.kujolang.ai/tools/ai-sdk/,0,rendered local route,,none
after,https://docs.kujolang.ai/build/ai-and-agents/,https://docs.kujolang.ai/tools/agents-sdk/,Agents SDK,article,200,https://docs.kujolang.ai/tools/agents-sdk/,0,rendered local route,,none
after,https://docs.kujolang.ai/build/ai-and-agents/,https://docs.kujolang.ai/tools/dispatch/,Dispatch,article,200,https://docs.kujolang.ai/tools/dispatch/,0,rendered local route,,none
after,https://docs.kujolang.ai/build/ai-and-agents/,https://docs.kujolang.ai/tools/watchdog/,Watchdog,article,200,https://docs.kujolang.ai/tools/watchdog/,0,rendered local route,,none
after,https://docs.kujolang.ai/build/ai-and-agents/,https://docs.kujolang.ai/ecosystem/providers/,provider index,article,200,https://docs.kujolang.ai/ecosystem/providers/,0,rendered local route,,none
after,https://docs.kujolang.ai/build/ai-and-agents/,https://docs.kujolang.ai/build/owned-agent-projects/,Next,nav,200,https://docs.kujolang.ai/build/owned-agent-projects/,0,rendered local route,next,none
after,https://docs.kujolang.ai/build/ai-and-agents/,https://docs.kujolang.ai/reference/,Reference,nav,200,https://docs.kujolang.ai/reference/,0,rendered local route,,none
after,https://docs.kujolang.ai/build/ai-and-agents/,https://docs.kujolang.ai/support/,Support,nav,200,https://docs.kujolang.ai/support/,0,rendered local route,,none
after,https://docs.kujolang.ai/build/ai-and-agents/,https://docs.kujolang.ai/release-boundaries/,Release boundaries,nav,200,https://docs.kujolang.ai/release-boundaries/,0,rendered local route,,none
after,https://docs.kujolang.ai/build/ai-and-agents/,https://docs.kujolang.ai/llms.txt,llms.txt,nav,200,https://docs.kujolang.ai/llms.txt,0,rendered local route,,none
after,https://docs.kujolang.ai/build/applications-and-publishing/,https://docs.kujolang.ai/,Docs,header,200,https://docs.kujolang.ai/,0,rendered local route,,none
after,https://docs.kujolang.ai/build/applications-and-publishing/,https://docs.kujolang.ai/start-here/,Start here,nav,200,https://docs.kujolang.ai/start-here/,0,rendered local route,,none
after,https://docs.kujolang.ai/build/applications-and-publishing/,https://docs.kujolang.ai/learn/,Learn Kujo,nav,200,https://docs.kujolang.ai/learn/,0,rendered local route,,none
after,https://docs.kujolang.ai/build/applications-and-publishing/,https://docs.kujolang.ai/build/,Build with Kujo,nav,200,https://docs.kujolang.ai/build/,0,rendered local route,,none
after,https://docs.kujolang.ai/build/applications-and-publishing/,https://docs.kujolang.ai/ecosystem/providers/,Providers,nav,200,https://docs.kujolang.ai/ecosystem/providers/,0,rendered local route,,none
after,https://docs.kujolang.ai/build/applications-and-publishing/,https://docs.kujolang.ai/tools/,Tools,nav,200,https://docs.kujolang.ai/tools/,0,rendered local route,,none
after,https://docs.kujolang.ai/build/applications-and-publishing/,https://docs.kujolang.ai/showcases/,Showcases,nav,200,https://docs.kujolang.ai/showcases/,0,rendered local route,,none
after,https://docs.kujolang.ai/build/applications-and-publishing/,https://docs.kujolang.ai/start-here/,Start here,aside,200,https://docs.kujolang.ai/start-here/,0,rendered local route,,none
after,https://docs.kujolang.ai/build/applications-and-publishing/,https://docs.kujolang.ai/install/,Install Kujo,aside,200,https://docs.kujolang.ai/install/,0,rendered local route,,none
after,https://docs.kujolang.ai/build/applications-and-publishing/,https://docs.kujolang.ai/quickstart/,Quickstart,aside,200,https://docs.kujolang.ai/quickstart/,0,rendered local route,,none
after,https://docs.kujolang.ai/build/applications-and-publishing/,https://docs.kujolang.ai/choose-a-path/,Choose a path,aside,200,https://docs.kujolang.ai/choose-a-path/,0,rendered local route,,none
after,https://docs.kujolang.ai/build/applications-and-publishing/,https://docs.kujolang.ai/learn/,Learn Kujo,aside,200,https://docs.kujolang.ai/learn/,0,rendered local route,,none
after,https://docs.kujolang.ai/build/applications-and-publishing/,https://docs.kujolang.ai/build/,Build with Kujo,aside,200,https://docs.kujolang.ai/build/,0,rendered local route,,none
after,https://docs.kujolang.ai/build/applications-and-publishing/,https://docs.kujolang.ai/review/,Reviewable work,aside,200,https://docs.kujolang.ai/review/,0,rendered local route,,none
after,https://docs.kujolang.ai/build/applications-and-publishing/,https://docs.kujolang.ai/tools/,Tools,aside,200,https://docs.kujolang.ai/tools/,0,rendered local route,,none
after,https://docs.kujolang.ai/build/applications-and-publishing/,https://docs.kujolang.ai/showcases/,Showcases,aside,200,https://docs.kujolang.ai/showcases/,0,rendered local route,,none
after,https://docs.kujolang.ai/build/applications-and-publishing/,https://docs.kujolang.ai/collections/,Collections,aside,200,https://docs.kujolang.ai/collections/,0,rendered local route,,none
after,https://docs.kujolang.ai/build/applications-and-publishing/,https://docs.kujolang.ai/ecosystem/,Ecosystem,aside,200,https://docs.kujolang.ai/ecosystem/,0,rendered local route,,none
after,https://docs.kujolang.ai/build/applications-and-publishing/,https://docs.kujolang.ai/reference/,Reference,aside,200,https://docs.kujolang.ai/reference/,0,rendered local route,,none
after,https://docs.kujolang.ai/build/applications-and-publishing/,https://docs.kujolang.ai/security/,Security model,aside,200,https://docs.kujolang.ai/security/,0,rendered local route,,none
after,https://docs.kujolang.ai/build/applications-and-publishing/,https://docs.kujolang.ai/release-boundaries/,Release boundaries,aside,200,https://docs.kujolang.ai/release-boundaries/,0,rendered local route,,none
after,https://docs.kujolang.ai/build/applications-and-publishing/,https://docs.kujolang.ai/support/,Support,aside,200,https://docs.kujolang.ai/support/,0,rendered local route,,none
after,https://docs.kujolang.ai/build/applications-and-publishing/,https://docs.kujolang.ai/showcases/ai-chat/,AI Chat,article,200,https://docs.kujolang.ai/showcases/ai-chat/,0,rendered local route,,none
after,https://docs.kujolang.ai/build/applications-and-publishing/,https://docs.kujolang.ai/showcases/crud-api/,CRUD API,article,200,https://docs.kujolang.ai/showcases/crud-api/,0,rendered local route,,none
after,https://docs.kujolang.ai/build/applications-and-publishing/,https://docs.kujolang.ai/showcases/cms/,CMS,article,200,https://docs.kujolang.ai/showcases/cms/,0,rendered local route,,none
after,https://docs.kujolang.ai/build/applications-and-publishing/,https://docs.kujolang.ai/showcases/ssg/,SSG,article,200,https://docs.kujolang.ai/showcases/ssg/,0,rendered local route,,none
after,https://docs.kujolang.ai/build/applications-and-publishing/,https://docs.kujolang.ai/showcases/totalrecall/,TotalRecall,article,200,https://docs.kujolang.ai/showcases/totalrecall/,0,rendered local route,,none
after,https://docs.kujolang.ai/build/applications-and-publishing/,https://docs.kujolang.ai/showcases/intake/,Intake,article,200,https://docs.kujolang.ai/showcases/intake/,0,rendered local route,,none
after,https://docs.kujolang.ai/build/applications-and-publishing/,https://docs.kujolang.ai/showcases/cinch/,Cinch,article,200,https://docs.kujolang.ai/showcases/cinch/,0,rendered local route,,none
after,https://docs.kujolang.ai/build/applications-and-publishing/,https://docs.kujolang.ai/tools/commerce/,Commerce,article,200,https://docs.kujolang.ai/tools/commerce/,0,rendered local route,,none
after,https://docs.kujolang.ai/build/applications-and-publishing/,https://docs.kujolang.ai/build/knowledge-and-retrieval/,Previous,nav,200,https://docs.kujolang.ai/build/knowledge-and-retrieval/,0,rendered local route,prev,none
after,https://docs.kujolang.ai/build/applications-and-publishing/,https://docs.kujolang.ai/showcases/ai-chat/,Next,nav,200,https://docs.kujolang.ai/showcases/ai-chat/,0,rendered local route,next,none
after,https://docs.kujolang.ai/build/applications-and-publishing/,https://docs.kujolang.ai/reference/,Reference,nav,200,https://docs.kujolang.ai/reference/,0,rendered local route,,none
after,https://docs.kujolang.ai/build/applications-and-publishing/,https://docs.kujolang.ai/support/,Support,nav,200,https://docs.kujolang.ai/support/,0,rendered local route,,none
after,https://docs.kujolang.ai/build/applications-and-publishing/,https://docs.kujolang.ai/release-boundaries/,Release boundaries,nav,200,https://docs.kujolang.ai/release-boundaries/,0,rendered local route,,none
after,https://docs.kujolang.ai/build/applications-and-publishing/,https://docs.kujolang.ai/llms.txt,llms.txt,nav,200,https://docs.kujolang.ai/llms.txt,0,rendered local route,,none
after,https://docs.kujolang.ai/build/editorial-publishing/,https://docs.kujolang.ai/,Docs,header,200,https://docs.kujolang.ai/,0,rendered local route,,none
after,https://docs.kujolang.ai/build/editorial-publishing/,https://docs.kujolang.ai/start-here/,Start here,nav,200,https://docs.kujolang.ai/start-here/,0,rendered local route,,none
after,https://docs.kujolang.ai/build/editorial-publishing/,https://docs.kujolang.ai/learn/,Learn Kujo,nav,200,https://docs.kujolang.ai/learn/,0,rendered local route,,none
after,https://docs.kujolang.ai/build/editorial-publishing/,https://docs.kujolang.ai/build/,Build with Kujo,nav,200,https://docs.kujolang.ai/build/,0,rendered local route,,none
after,https://docs.kujolang.ai/build/editorial-publishing/,https://docs.kujolang.ai/ecosystem/providers/,Providers,nav,200,https://docs.kujolang.ai/ecosystem/providers/,0,rendered local route,,none
after,https://docs.kujolang.ai/build/editorial-publishing/,https://docs.kujolang.ai/tools/,Tools,nav,200,https://docs.kujolang.ai/tools/,0,rendered local route,,none
after,https://docs.kujolang.ai/build/editorial-publishing/,https://docs.kujolang.ai/showcases/,Showcases,nav,200,https://docs.kujolang.ai/showcases/,0,rendered local route,,none
after,https://docs.kujolang.ai/build/editorial-publishing/,https://docs.kujolang.ai/start-here/,Start here,aside,200,https://docs.kujolang.ai/start-here/,0,rendered local route,,none
after,https://docs.kujolang.ai/build/editorial-publishing/,https://docs.kujolang.ai/install/,Install Kujo,aside,200,https://docs.kujolang.ai/install/,0,rendered local route,,none
after,https://docs.kujolang.ai/build/editorial-publishing/,https://docs.kujolang.ai/quickstart/,Quickstart,aside,200,https://docs.kujolang.ai/quickstart/,0,rendered local route,,none
after,https://docs.kujolang.ai/build/editorial-publishing/,https://docs.kujolang.ai/choose-a-path/,Choose a path,aside,200,https://docs.kujolang.ai/choose-a-path/,0,rendered local route,,none
after,https://docs.kujolang.ai/build/editorial-publishing/,https://docs.kujolang.ai/learn/,Learn Kujo,aside,200,https://docs.kujolang.ai/learn/,0,rendered local route,,none
after,https://docs.kujolang.ai/build/editorial-publishing/,https://docs.kujolang.ai/build/,Build with Kujo,aside,200,https://docs.kujolang.ai/build/,0,rendered local route,,none
after,https://docs.kujolang.ai/build/editorial-publishing/,https://docs.kujolang.ai/review/,Reviewable work,aside,200,https://docs.kujolang.ai/review/,0,rendered local route,,none
after,https://docs.kujolang.ai/build/editorial-publishing/,https://docs.kujolang.ai/tools/,Tools,aside,200,https://docs.kujolang.ai/tools/,0,rendered local route,,none
after,https://docs.kujolang.ai/build/editorial-publishing/,https://docs.kujolang.ai/showcases/,Showcases,aside,200,https://docs.kujolang.ai/showcases/,0,rendered local route,,none
after,https://docs.kujolang.ai/build/editorial-publishing/,https://docs.kujolang.ai/collections/,Collections,aside,200,https://docs.kujolang.ai/collections/,0,rendered local route,,none
after,https://docs.kujolang.ai/build/editorial-publishing/,https://docs.kujolang.ai/ecosystem/,Ecosystem,aside,200,https://docs.kujolang.ai/ecosystem/,0,rendered local route,,none
after,https://docs.kujolang.ai/build/editorial-publishing/,https://docs.kujolang.ai/reference/,Reference,aside,200,https://docs.kujolang.ai/reference/,0,rendered local route,,none
after,https://docs.kujolang.ai/build/editorial-publishing/,https://docs.kujolang.ai/security/,Security model,aside,200,https://docs.kujolang.ai/security/,0,rendered local route,,none
after,https://docs.kujolang.ai/build/editorial-publishing/,https://docs.kujolang.ai/release-boundaries/,Release boundaries,aside,200,https://docs.kujolang.ai/release-boundaries/,0,rendered local route,,none
after,https://docs.kujolang.ai/build/editorial-publishing/,https://docs.kujolang.ai/support/,Support,aside,200,https://docs.kujolang.ai/support/,0,rendered local route,,none
after,https://docs.kujolang.ai/build/editorial-publishing/,https://docs.kujolang.ai/tools/storydesk/,StoryDesk,article,200,https://docs.kujolang.ai/tools/storydesk/,0,rendered local route,,none
after,https://docs.kujolang.ai/build/editorial-publishing/,https://docs.kujolang.ai/tools/dossier/,Dossier,article,200,https://docs.kujolang.ai/tools/dossier/,0,rendered local route,,none
after,https://docs.kujolang.ai/build/editorial-publishing/,https://docs.kujolang.ai/tools/assetworks/,AssetWorks,article,200,https://docs.kujolang.ai/tools/assetworks/,0,rendered local route,,none
after,https://docs.kujolang.ai/build/editorial-publishing/,https://docs.kujolang.ai/tools/bluepencil/,BluePencil,article,200,https://docs.kujolang.ai/tools/bluepencil/,0,rendered local route,,none
after,https://docs.kujolang.ai/build/editorial-publishing/,https://docs.kujolang.ai/tools/galleypack/,GalleyPack,article,200,https://docs.kujolang.ai/tools/galleypack/,0,rendered local route,,none
after,https://docs.kujolang.ai/build/editorial-publishing/,https://docs.kujolang.ai/tools/versionseal/,VersionSeal,article,200,https://docs.kujolang.ai/tools/versionseal/,0,rendered local route,,none
after,https://docs.kujolang.ai/build/editorial-publishing/,https://docs.kujolang.ai/tools/presswire/,PressWire,article,200,https://docs.kujolang.ai/tools/presswire/,0,rendered local route,,none
after,https://docs.kujolang.ai/build/editorial-publishing/,https://docs.kujolang.ai/tools/readersignal/,ReaderSignal,article,200,https://docs.kujolang.ai/tools/readersignal/,0,rendered local route,,none
after,https://docs.kujolang.ai/build/editorial-publishing/,https://docs.kujolang.ai/build/publishing-house-operator/,Publishing House Operator,article,200,https://docs.kujolang.ai/build/publishing-house-operator/,0,rendered local route,,none
after,https://docs.kujolang.ai/build/editorial-publishing/,https://docs.kujolang.ai/reference/,Reference,nav,200,https://docs.kujolang.ai/reference/,0,rendered local route,,none
after,https://docs.kujolang.ai/build/editorial-publishing/,https://docs.kujolang.ai/support/,Support,nav,200,https://docs.kujolang.ai/support/,0,rendered local route,,none
after,https://docs.kujolang.ai/build/editorial-publishing/,https://docs.kujolang.ai/release-boundaries/,Release boundaries,nav,200,https://docs.kujolang.ai/release-boundaries/,0,rendered local route,,none
after,https://docs.kujolang.ai/build/editorial-publishing/,https://docs.kujolang.ai/llms.txt,llms.txt,nav,200,https://docs.kujolang.ai/llms.txt,0,rendered local route,,none
after,https://docs.kujolang.ai/build/,https://docs.kujolang.ai/,Docs,header,200,https://docs.kujolang.ai/,0,rendered local route,,none
after,https://docs.kujolang.ai/build/,https://docs.kujolang.ai/start-here/,Start here,nav,200,https://docs.kujolang.ai/start-here/,0,rendered local route,,none
after,https://docs.kujolang.ai/build/,https://docs.kujolang.ai/learn/,Learn Kujo,nav,200,https://docs.kujolang.ai/learn/,0,rendered local route,,none
after,https://docs.kujolang.ai/build/,https://docs.kujolang.ai/build/,Build with Kujo,nav,200,https://docs.kujolang.ai/build/,0,rendered local route,,none
after,https://docs.kujolang.ai/build/,https://docs.kujolang.ai/ecosystem/providers/,Providers,nav,200,https://docs.kujolang.ai/ecosystem/providers/,0,rendered local route,,none
after,https://docs.kujolang.ai/build/,https://docs.kujolang.ai/tools/,Tools,nav,200,https://docs.kujolang.ai/tools/,0,rendered local route,,none
after,https://docs.kujolang.ai/build/,https://docs.kujolang.ai/showcases/,Showcases,nav,200,https://docs.kujolang.ai/showcases/,0,rendered local route,,none
after,https://docs.kujolang.ai/build/,https://docs.kujolang.ai/build/owned-agent-projects/,Repository-owned Agent Projects,main,200,https://docs.kujolang.ai/build/owned-agent-projects/,0,rendered local route,,none
after,https://docs.kujolang.ai/build/,https://docs.kujolang.ai/build/owned-agent-projects/,Build an agent,main,200,https://docs.kujolang.ai/build/owned-agent-projects/,0,rendered local route,,none
after,https://docs.kujolang.ai/build/,https://docs.kujolang.ai/build/agent-profiles/,Agent profiles,main,200,https://docs.kujolang.ai/build/agent-profiles/,0,rendered local route,,none
after,https://docs.kujolang.ai/build/,https://docs.kujolang.ai/build/agent-profiles/,Compare profiles,main,200,https://docs.kujolang.ai/build/agent-profiles/,0,rendered local route,,none
after,https://docs.kujolang.ai/build/,https://docs.kujolang.ai/build/agent-credentials/,Agent credentials,main,200,https://docs.kujolang.ai/build/agent-credentials/,0,rendered local route,,none
after,https://docs.kujolang.ai/build/,https://docs.kujolang.ai/build/agent-credentials/,Manage credentials,main,200,https://docs.kujolang.ai/build/agent-credentials/,0,rendered local route,,none
after,https://docs.kujolang.ai/build/,https://docs.kujolang.ai/build/agent-operations/,Agent operations,main,200,https://docs.kujolang.ai/build/agent-operations/,0,rendered local route,,none
after,https://docs.kujolang.ai/build/,https://docs.kujolang.ai/build/agent-operations/,Operate an agent,main,200,https://docs.kujolang.ai/build/agent-operations/,0,rendered local route,,none
after,https://docs.kujolang.ai/build/,https://docs.kujolang.ai/build/ai-and-agents/,AI and agents,main,200,https://docs.kujolang.ai/build/ai-and-agents/,0,rendered local route,,none
after,https://docs.kujolang.ai/build/,https://docs.kujolang.ai/build/ai-and-agents/,View AI path,main,200,https://docs.kujolang.ai/build/ai-and-agents/,0,rendered local route,,none
after,https://docs.kujolang.ai/build/,https://docs.kujolang.ai/build/workflows-and-approvals/,Workflows and approvals,main,200,https://docs.kujolang.ai/build/workflows-and-approvals/,0,rendered local route,,none
after,https://docs.kujolang.ai/build/,https://docs.kujolang.ai/build/workflows-and-approvals/,View workflows,main,200,https://docs.kujolang.ai/build/workflows-and-approvals/,0,rendered local route,,none
after,https://docs.kujolang.ai/build/,https://docs.kujolang.ai/build/knowledge-and-retrieval/,Knowledge and retrieval,main,200,https://docs.kujolang.ai/build/knowledge-and-retrieval/,0,rendered local route,,none
after,https://docs.kujolang.ai/build/,https://docs.kujolang.ai/build/knowledge-and-retrieval/,View retrieval,main,200,https://docs.kujolang.ai/build/knowledge-and-retrieval/,0,rendered local route,,none
after,https://docs.kujolang.ai/build/,https://docs.kujolang.ai/build/applications-and-publishing/,Applications and publishing,main,200,https://docs.kujolang.ai/build/applications-and-publishing/,0,rendered local route,,none
after,https://docs.kujolang.ai/build/,https://docs.kujolang.ai/build/applications-and-publishing/,View applications,main,200,https://docs.kujolang.ai/build/applications-and-publishing/,0,rendered local route,,none
after,https://docs.kujolang.ai/build/,https://docs.kujolang.ai/build/web-operations/,Web operations,main,200,https://docs.kujolang.ai/build/web-operations/,0,rendered local route,,none
after,https://docs.kujolang.ai/build/,https://docs.kujolang.ai/build/web-operations/,View WebOps,main,200,https://docs.kujolang.ai/build/web-operations/,0,rendered local route,,none
after,https://docs.kujolang.ai/build/,https://docs.kujolang.ai/build/editorial-publishing/,Editorial publishing,main,200,https://docs.kujolang.ai/build/editorial-publishing/,0,rendered local route,,none
after,https://docs.kujolang.ai/build/,https://docs.kujolang.ai/build/editorial-publishing/,View publishing,main,200,https://docs.kujolang.ai/build/editorial-publishing/,0,rendered local route,,none
after,https://docs.kujolang.ai/build/,https://docs.kujolang.ai/reference/,Reference,nav,200,https://docs.kujolang.ai/reference/,0,rendered local route,,none
after,https://docs.kujolang.ai/build/,https://docs.kujolang.ai/support/,Support,nav,200,https://docs.kujolang.ai/support/,0,rendered local route,,none
after,https://docs.kujolang.ai/build/,https://docs.kujolang.ai/release-boundaries/,Release boundaries,nav,200,https://docs.kujolang.ai/release-boundaries/,0,rendered local route,,none
after,https://docs.kujolang.ai/build/,https://docs.kujolang.ai/llms.txt,llms.txt,nav,200,https://docs.kujolang.ai/llms.txt,0,rendered local route,,none
after,https://docs.kujolang.ai/build/knowledge-and-retrieval/,https://docs.kujolang.ai/,Docs,header,200,https://docs.kujolang.ai/,0,rendered local route,,none
after,https://docs.kujolang.ai/build/knowledge-and-retrieval/,https://docs.kujolang.ai/start-here/,Start here,nav,200,https://docs.kujolang.ai/start-here/,0,rendered local route,,none
after,https://docs.kujolang.ai/build/knowledge-and-retrieval/,https://docs.kujolang.ai/learn/,Learn Kujo,nav,200,https://docs.kujolang.ai/learn/,0,rendered local route,,none
after,https://docs.kujolang.ai/build/knowledge-and-retrieval/,https://docs.kujolang.ai/build/,Build with Kujo,nav,200,https://docs.kujolang.ai/build/,0,rendered local route,,none
after,https://docs.kujolang.ai/build/knowledge-and-retrieval/,https://docs.kujolang.ai/ecosystem/providers/,Providers,nav,200,https://docs.kujolang.ai/ecosystem/providers/,0,rendered local route,,none
after,https://docs.kujolang.ai/build/knowledge-and-retrieval/,https://docs.kujolang.ai/tools/,Tools,nav,200,https://docs.kujolang.ai/tools/,0,rendered local route,,none
after,https://docs.kujolang.ai/build/knowledge-and-retrieval/,https://docs.kujolang.ai/showcases/,Showcases,nav,200,https://docs.kujolang.ai/showcases/,0,rendered local route,,none
after,https://docs.kujolang.ai/build/knowledge-and-retrieval/,https://docs.kujolang.ai/start-here/,Start here,aside,200,https://docs.kujolang.ai/start-here/,0,rendered local route,,none
after,https://docs.kujolang.ai/build/knowledge-and-retrieval/,https://docs.kujolang.ai/install/,Install Kujo,aside,200,https://docs.kujolang.ai/install/,0,rendered local route,,none
after,https://docs.kujolang.ai/build/knowledge-and-retrieval/,https://docs.kujolang.ai/quickstart/,Quickstart,aside,200,https://docs.kujolang.ai/quickstart/,0,rendered local route,,none
after,https://docs.kujolang.ai/build/knowledge-and-retrieval/,https://docs.kujolang.ai/choose-a-path/,Choose a path,aside,200,https://docs.kujolang.ai/choose-a-path/,0,rendered local route,,none
after,https://docs.kujolang.ai/build/knowledge-and-retrieval/,https://docs.kujolang.ai/learn/,Learn Kujo,aside,200,https://docs.kujolang.ai/learn/,0,rendered local route,,none
after,https://docs.kujolang.ai/build/knowledge-and-retrieval/,https://docs.kujolang.ai/build/,Build with Kujo,aside,200,https://docs.kujolang.ai/build/,0,rendered local route,,none
after,https://docs.kujolang.ai/build/knowledge-and-retrieval/,https://docs.kujolang.ai/review/,Reviewable work,aside,200,https://docs.kujolang.ai/review/,0,rendered local route,,none
after,https://docs.kujolang.ai/build/knowledge-and-retrieval/,https://docs.kujolang.ai/tools/,Tools,aside,200,https://docs.kujolang.ai/tools/,0,rendered local route,,none
after,https://docs.kujolang.ai/build/knowledge-and-retrieval/,https://docs.kujolang.ai/showcases/,Showcases,aside,200,https://docs.kujolang.ai/showcases/,0,rendered local route,,none
after,https://docs.kujolang.ai/build/knowledge-and-retrieval/,https://docs.kujolang.ai/collections/,Collections,aside,200,https://docs.kujolang.ai/collections/,0,rendered local route,,none
after,https://docs.kujolang.ai/build/knowledge-and-retrieval/,https://docs.kujolang.ai/ecosystem/,Ecosystem,aside,200,https://docs.kujolang.ai/ecosystem/,0,rendered local route,,none
after,https://docs.kujolang.ai/build/knowledge-and-retrieval/,https://docs.kujolang.ai/reference/,Reference,aside,200,https://docs.kujolang.ai/reference/,0,rendered local route,,none
after,https://docs.kujolang.ai/build/knowledge-and-retrieval/,https://docs.kujolang.ai/security/,Security model,aside,200,https://docs.kujolang.ai/security/,0,rendered local route,,none
after,https://docs.kujolang.ai/build/knowledge-and-retrieval/,https://docs.kujolang.ai/release-boundaries/,Release boundaries,aside,200,https://docs.kujolang.ai/release-boundaries/,0,rendered local route,,none
after,https://docs.kujolang.ai/build/knowledge-and-retrieval/,https://docs.kujolang.ai/support/,Support,aside,200,https://docs.kujolang.ai/support/,0,rendered local route,,none
after,https://docs.kujolang.ai/build/knowledge-and-retrieval/,https://docs.kujolang.ai/tools/rag/,RAG,article,200,https://docs.kujolang.ai/tools/rag/,0,rendered local route,,none
after,https://docs.kujolang.ai/build/knowledge-and-retrieval/,https://docs.kujolang.ai/build/workflows-and-approvals/,Previous,nav,200,https://docs.kujolang.ai/build/workflows-and-approvals/,0,rendered local route,prev,none
after,https://docs.kujolang.ai/build/knowledge-and-retrieval/,https://docs.kujolang.ai/tools/rag/,Next,nav,200,https://docs.kujolang.ai/tools/rag/,0,rendered local route,next,none
after,https://docs.kujolang.ai/build/knowledge-and-retrieval/,https://docs.kujolang.ai/reference/,Reference,nav,200,https://docs.kujolang.ai/reference/,0,rendered local route,,none
after,https://docs.kujolang.ai/build/knowledge-and-retrieval/,https://docs.kujolang.ai/support/,Support,nav,200,https://docs.kujolang.ai/support/,0,rendered local route,,none
after,https://docs.kujolang.ai/build/knowledge-and-retrieval/,https://docs.kujolang.ai/release-boundaries/,Release boundaries,nav,200,https://docs.kujolang.ai/release-boundaries/,0,rendered local route,,none
after,https://docs.kujolang.ai/build/knowledge-and-retrieval/,https://docs.kujolang.ai/llms.txt,llms.txt,nav,200,https://docs.kujolang.ai/llms.txt,0,rendered local route,,none
after,https://docs.kujolang.ai/build/owned-agent-projects/,https://docs.kujolang.ai/,Docs,header,200,https://docs.kujolang.ai/,0,rendered local route,,none
after,https://docs.kujolang.ai/build/owned-agent-projects/,https://docs.kujolang.ai/start-here/,Start here,nav,200,https://docs.kujolang.ai/start-here/,0,rendered local route,,none
after,https://docs.kujolang.ai/build/owned-agent-projects/,https://docs.kujolang.ai/learn/,Learn Kujo,nav,200,https://docs.kujolang.ai/learn/,0,rendered local route,,none
after,https://docs.kujolang.ai/build/owned-agent-projects/,https://docs.kujolang.ai/build/,Build with Kujo,nav,200,https://docs.kujolang.ai/build/,0,rendered local route,,none
after,https://docs.kujolang.ai/build/owned-agent-projects/,https://docs.kujolang.ai/ecosystem/providers/,Providers,nav,200,https://docs.kujolang.ai/ecosystem/providers/,0,rendered local route,,none
after,https://docs.kujolang.ai/build/owned-agent-projects/,https://docs.kujolang.ai/tools/,Tools,nav,200,https://docs.kujolang.ai/tools/,0,rendered local route,,none
after,https://docs.kujolang.ai/build/owned-agent-projects/,https://docs.kujolang.ai/showcases/,Showcases,nav,200,https://docs.kujolang.ai/showcases/,0,rendered local route,,none
after,https://docs.kujolang.ai/build/owned-agent-projects/,https://docs.kujolang.ai/start-here/,Start here,aside,200,https://docs.kujolang.ai/start-here/,0,rendered local route,,none
after,https://docs.kujolang.ai/build/owned-agent-projects/,https://docs.kujolang.ai/install/,Install Kujo,aside,200,https://docs.kujolang.ai/install/,0,rendered local route,,none
after,https://docs.kujolang.ai/build/owned-agent-projects/,https://docs.kujolang.ai/quickstart/,Quickstart,aside,200,https://docs.kujolang.ai/quickstart/,0,rendered local route,,none
after,https://docs.kujolang.ai/build/owned-agent-projects/,https://docs.kujolang.ai/choose-a-path/,Choose a path,aside,200,https://docs.kujolang.ai/choose-a-path/,0,rendered local route,,none
after,https://docs.kujolang.ai/build/owned-agent-projects/,https://docs.kujolang.ai/learn/,Learn Kujo,aside,200,https://docs.kujolang.ai/learn/,0,rendered local route,,none
after,https://docs.kujolang.ai/build/owned-agent-projects/,https://docs.kujolang.ai/build/,Build with Kujo,aside,200,https://docs.kujolang.ai/build/,0,rendered local route,,none
after,https://docs.kujolang.ai/build/owned-agent-projects/,https://docs.kujolang.ai/review/,Reviewable work,aside,200,https://docs.kujolang.ai/review/,0,rendered local route,,none
after,https://docs.kujolang.ai/build/owned-agent-projects/,https://docs.kujolang.ai/tools/,Tools,aside,200,https://docs.kujolang.ai/tools/,0,rendered local route,,none
after,https://docs.kujolang.ai/build/owned-agent-projects/,https://docs.kujolang.ai/showcases/,Showcases,aside,200,https://docs.kujolang.ai/showcases/,0,rendered local route,,none
after,https://docs.kujolang.ai/build/owned-agent-projects/,https://docs.kujolang.ai/collections/,Collections,aside,200,https://docs.kujolang.ai/collections/,0,rendered local route,,none
after,https://docs.kujolang.ai/build/owned-agent-projects/,https://docs.kujolang.ai/ecosystem/,Ecosystem,aside,200,https://docs.kujolang.ai/ecosystem/,0,rendered local route,,none
after,https://docs.kujolang.ai/build/owned-agent-projects/,https://docs.kujolang.ai/reference/,Reference,aside,200,https://docs.kujolang.ai/reference/,0,rendered local route,,none
after,https://docs.kujolang.ai/build/owned-agent-projects/,https://docs.kujolang.ai/security/,Security model,aside,200,https://docs.kujolang.ai/security/,0,rendered local route,,none
after,https://docs.kujolang.ai/build/owned-agent-projects/,https://docs.kujolang.ai/release-boundaries/,Release boundaries,aside,200,https://docs.kujolang.ai/release-boundaries/,0,rendered local route,,none
after,https://docs.kujolang.ai/build/owned-agent-projects/,https://docs.kujolang.ai/support/,Support,aside,200,https://docs.kujolang.ai/support/,0,rendered local route,,none
after,https://docs.kujolang.ai/build/owned-agent-projects/,https://docs.kujolang.ai/build/agent-profiles/,Choose an Agent Project profile,article,200,https://docs.kujolang.ai/build/agent-profiles/,0,rendered local route,,none
after,https://docs.kujolang.ai/build/owned-agent-projects/,https://docs.kujolang.ai/build/agent-credentials/,Store provider keys and connector credentials,article,200,https://docs.kujolang.ai/build/agent-credentials/,0,rendered local route,,none
after,https://docs.kujolang.ai/build/owned-agent-projects/,https://docs.kujolang.ai/build/agent-operations/,"Operate, evaluate, and harden an agent",article,200,https://docs.kujolang.ai/build/agent-operations/,0,rendered local route,,none
after,https://docs.kujolang.ai/build/owned-agent-projects/,https://docs.kujolang.ai/build/agent-profiles/,Next,nav,200,https://docs.kujolang.ai/build/agent-profiles/,0,rendered local route,next,none
after,https://docs.kujolang.ai/build/owned-agent-projects/,https://docs.kujolang.ai/reference/,Reference,nav,200,https://docs.kujolang.ai/reference/,0,rendered local route,,none
after,https://docs.kujolang.ai/build/owned-agent-projects/,https://docs.kujolang.ai/support/,Support,nav,200,https://docs.kujolang.ai/support/,0,rendered local route,,none
after,https://docs.kujolang.ai/build/owned-agent-projects/,https://docs.kujolang.ai/release-boundaries/,Release boundaries,nav,200,https://docs.kujolang.ai/release-boundaries/,0,rendered local route,,none
after,https://docs.kujolang.ai/build/owned-agent-projects/,https://docs.kujolang.ai/llms.txt,llms.txt,nav,200,https://docs.kujolang.ai/llms.txt,0,rendered local route,,none
after,https://docs.kujolang.ai/build/publishing-house-operator/,https://docs.kujolang.ai/,Docs,header,200,https://docs.kujolang.ai/,0,rendered local route,,none
after,https://docs.kujolang.ai/build/publishing-house-operator/,https://docs.kujolang.ai/start-here/,Start here,nav,200,https://docs.kujolang.ai/start-here/,0,rendered local route,,none
after,https://docs.kujolang.ai/build/publishing-house-operator/,https://docs.kujolang.ai/learn/,Learn Kujo,nav,200,https://docs.kujolang.ai/learn/,0,rendered local route,,none
after,https://docs.kujolang.ai/build/publishing-house-operator/,https://docs.kujolang.ai/build/,Build with Kujo,nav,200,https://docs.kujolang.ai/build/,0,rendered local route,,none
after,https://docs.kujolang.ai/build/publishing-house-operator/,https://docs.kujolang.ai/ecosystem/providers/,Providers,nav,200,https://docs.kujolang.ai/ecosystem/providers/,0,rendered local route,,none
after,https://docs.kujolang.ai/build/publishing-house-operator/,https://docs.kujolang.ai/tools/,Tools,nav,200,https://docs.kujolang.ai/tools/,0,rendered local route,,none
after,https://docs.kujolang.ai/build/publishing-house-operator/,https://docs.kujolang.ai/showcases/,Showcases,nav,200,https://docs.kujolang.ai/showcases/,0,rendered local route,,none
after,https://docs.kujolang.ai/build/publishing-house-operator/,https://docs.kujolang.ai/start-here/,Start here,aside,200,https://docs.kujolang.ai/start-here/,0,rendered local route,,none
after,https://docs.kujolang.ai/build/publishing-house-operator/,https://docs.kujolang.ai/install/,Install Kujo,aside,200,https://docs.kujolang.ai/install/,0,rendered local route,,none
after,https://docs.kujolang.ai/build/publishing-house-operator/,https://docs.kujolang.ai/quickstart/,Quickstart,aside,200,https://docs.kujolang.ai/quickstart/,0,rendered local route,,none
after,https://docs.kujolang.ai/build/publishing-house-operator/,https://docs.kujolang.ai/choose-a-path/,Choose a path,aside,200,https://docs.kujolang.ai/choose-a-path/,0,rendered local route,,none
after,https://docs.kujolang.ai/build/publishing-house-operator/,https://docs.kujolang.ai/learn/,Learn Kujo,aside,200,https://docs.kujolang.ai/learn/,0,rendered local route,,none
after,https://docs.kujolang.ai/build/publishing-house-operator/,https://docs.kujolang.ai/build/,Build with Kujo,aside,200,https://docs.kujolang.ai/build/,0,rendered local route,,none
after,https://docs.kujolang.ai/build/publishing-house-operator/,https://docs.kujolang.ai/review/,Reviewable work,aside,200,https://docs.kujolang.ai/review/,0,rendered local route,,none
after,https://docs.kujolang.ai/build/publishing-house-operator/,https://docs.kujolang.ai/tools/,Tools,aside,200,https://docs.kujolang.ai/tools/,0,rendered local route,,none
after,https://docs.kujolang.ai/build/publishing-house-operator/,https://docs.kujolang.ai/showcases/,Showcases,aside,200,https://docs.kujolang.ai/showcases/,0,rendered local route,,none
after,https://docs.kujolang.ai/build/publishing-house-operator/,https://docs.kujolang.ai/collections/,Collections,aside,200,https://docs.kujolang.ai/collections/,0,rendered local route,,none
after,https://docs.kujolang.ai/build/publishing-house-operator/,https://docs.kujolang.ai/ecosystem/,Ecosystem,aside,200,https://docs.kujolang.ai/ecosystem/,0,rendered local route,,none
after,https://docs.kujolang.ai/build/publishing-house-operator/,https://docs.kujolang.ai/reference/,Reference,aside,200,https://docs.kujolang.ai/reference/,0,rendered local route,,none
after,https://docs.kujolang.ai/build/publishing-house-operator/,https://docs.kujolang.ai/security/,Security model,aside,200,https://docs.kujolang.ai/security/,0,rendered local route,,none
after,https://docs.kujolang.ai/build/publishing-house-operator/,https://docs.kujolang.ai/release-boundaries/,Release boundaries,aside,200,https://docs.kujolang.ai/release-boundaries/,0,rendered local route,,none
after,https://docs.kujolang.ai/build/publishing-house-operator/,https://docs.kujolang.ai/support/,Support,aside,200,https://docs.kujolang.ai/support/,0,rendered local route,,none
after,https://docs.kujolang.ai/build/publishing-house-operator/,https://docs.kujolang.ai/tools/storydesk/,StoryDesk,article,200,https://docs.kujolang.ai/tools/storydesk/,0,rendered local route,,none
after,https://docs.kujolang.ai/build/publishing-house-operator/,https://docs.kujolang.ai/tools/versionseal/,VersionSeal,article,200,https://docs.kujolang.ai/tools/versionseal/,0,rendered local route,,none
after,https://docs.kujolang.ai/build/publishing-house-operator/,https://docs.kujolang.ai/tools/presswire/,PressWire,article,200,https://docs.kujolang.ai/tools/presswire/,0,rendered local route,,none
after,https://docs.kujolang.ai/build/publishing-house-operator/,https://docs.kujolang.ai/build/editorial-publishing/,Editorial publishing ownership guide,article,200,https://docs.kujolang.ai/build/editorial-publishing/,0,rendered local route,,none
after,https://docs.kujolang.ai/build/publishing-house-operator/,https://docs.kujolang.ai/reference/,Reference,nav,200,https://docs.kujolang.ai/reference/,0,rendered local route,,none
after,https://docs.kujolang.ai/build/publishing-house-operator/,https://docs.kujolang.ai/support/,Support,nav,200,https://docs.kujolang.ai/support/,0,rendered local route,,none
after,https://docs.kujolang.ai/build/publishing-house-operator/,https://docs.kujolang.ai/release-boundaries/,Release boundaries,nav,200,https://docs.kujolang.ai/release-boundaries/,0,rendered local route,,none
after,https://docs.kujolang.ai/build/publishing-house-operator/,https://docs.kujolang.ai/llms.txt,llms.txt,nav,200,https://docs.kujolang.ai/llms.txt,0,rendered local route,,none
after,https://docs.kujolang.ai/build/web-operations/,https://docs.kujolang.ai/,Docs,header,200,https://docs.kujolang.ai/,0,rendered local route,,none
after,https://docs.kujolang.ai/build/web-operations/,https://docs.kujolang.ai/start-here/,Start here,nav,200,https://docs.kujolang.ai/start-here/,0,rendered local route,,none
after,https://docs.kujolang.ai/build/web-operations/,https://docs.kujolang.ai/learn/,Learn Kujo,nav,200,https://docs.kujolang.ai/learn/,0,rendered local route,,none
after,https://docs.kujolang.ai/build/web-operations/,https://docs.kujolang.ai/build/,Build with Kujo,nav,200,https://docs.kujolang.ai/build/,0,rendered local route,,none
after,https://docs.kujolang.ai/build/web-operations/,https://docs.kujolang.ai/ecosystem/providers/,Providers,nav,200,https://docs.kujolang.ai/ecosystem/providers/,0,rendered local route,,none
after,https://docs.kujolang.ai/build/web-operations/,https://docs.kujolang.ai/tools/,Tools,nav,200,https://docs.kujolang.ai/tools/,0,rendered local route,,none
after,https://docs.kujolang.ai/build/web-operations/,https://docs.kujolang.ai/showcases/,Showcases,nav,200,https://docs.kujolang.ai/showcases/,0,rendered local route,,none
after,https://docs.kujolang.ai/build/web-operations/,https://docs.kujolang.ai/start-here/,Start here,aside,200,https://docs.kujolang.ai/start-here/,0,rendered local route,,none
after,https://docs.kujolang.ai/build/web-operations/,https://docs.kujolang.ai/install/,Install Kujo,aside,200,https://docs.kujolang.ai/install/,0,rendered local route,,none
after,https://docs.kujolang.ai/build/web-operations/,https://docs.kujolang.ai/quickstart/,Quickstart,aside,200,https://docs.kujolang.ai/quickstart/,0,rendered local route,,none
after,https://docs.kujolang.ai/build/web-operations/,https://docs.kujolang.ai/choose-a-path/,Choose a path,aside,200,https://docs.kujolang.ai/choose-a-path/,0,rendered local route,,none
after,https://docs.kujolang.ai/build/web-operations/,https://docs.kujolang.ai/learn/,Learn Kujo,aside,200,https://docs.kujolang.ai/learn/,0,rendered local route,,none
after,https://docs.kujolang.ai/build/web-operations/,https://docs.kujolang.ai/build/,Build with Kujo,aside,200,https://docs.kujolang.ai/build/,0,rendered local route,,none
after,https://docs.kujolang.ai/build/web-operations/,https://docs.kujolang.ai/review/,Reviewable work,aside,200,https://docs.kujolang.ai/review/,0,rendered local route,,none
after,https://docs.kujolang.ai/build/web-operations/,https://docs.kujolang.ai/tools/,Tools,aside,200,https://docs.kujolang.ai/tools/,0,rendered local route,,none
after,https://docs.kujolang.ai/build/web-operations/,https://docs.kujolang.ai/showcases/,Showcases,aside,200,https://docs.kujolang.ai/showcases/,0,rendered local route,,none
after,https://docs.kujolang.ai/build/web-operations/,https://docs.kujolang.ai/collections/,Collections,aside,200,https://docs.kujolang.ai/collections/,0,rendered local route,,none
after,https://docs.kujolang.ai/build/web-operations/,https://docs.kujolang.ai/ecosystem/,Ecosystem,aside,200,https://docs.kujolang.ai/ecosystem/,0,rendered local route,,none
after,https://docs.kujolang.ai/build/web-operations/,https://docs.kujolang.ai/reference/,Reference,aside,200,https://docs.kujolang.ai/reference/,0,rendered local route,,none
after,https://docs.kujolang.ai/build/web-operations/,https://docs.kujolang.ai/security/,Security model,aside,200,https://docs.kujolang.ai/security/,0,rendered local route,,none
after,https://docs.kujolang.ai/build/web-operations/,https://docs.kujolang.ai/release-boundaries/,Release boundaries,aside,200,https://docs.kujolang.ai/release-boundaries/,0,rendered local route,,none
after,https://docs.kujolang.ai/build/web-operations/,https://docs.kujolang.ai/support/,Support,aside,200,https://docs.kujolang.ai/support/,0,rendered local route,,none
after,https://docs.kujolang.ai/build/web-operations/,https://docs.kujolang.ai/tools/site-kit/,SiteKit,article,200,https://docs.kujolang.ai/tools/site-kit/,0,rendered local route,,none
after,https://docs.kujolang.ai/build/web-operations/,https://docs.kujolang.ai/showcases/ssg/,SSG,article,200,https://docs.kujolang.ai/showcases/ssg/,0,rendered local route,,none
after,https://docs.kujolang.ai/build/web-operations/,https://docs.kujolang.ai/tools/siteprobe/,SiteProbe,article,200,https://docs.kujolang.ai/tools/siteprobe/,0,rendered local route,,none
after,https://docs.kujolang.ai/build/web-operations/,https://docs.kujolang.ai/tools/searchbridge/,SearchBridge,article,200,https://docs.kujolang.ai/tools/searchbridge/,0,rendered local route,,none
after,https://docs.kujolang.ai/build/web-operations/,https://docs.kujolang.ai/tools/contentgraph/,ContentGraph,article,200,https://docs.kujolang.ai/tools/contentgraph/,0,rendered local route,,none
after,https://docs.kujolang.ai/build/web-operations/,https://docs.kujolang.ai/tools/lens/,Lens,article,200,https://docs.kujolang.ai/tools/lens/,0,rendered local route,,none
after,https://docs.kujolang.ai/build/web-operations/,https://docs.kujolang.ai/reference/,Reference,nav,200,https://docs.kujolang.ai/reference/,0,rendered local route,,none
after,https://docs.kujolang.ai/build/web-operations/,https://docs.kujolang.ai/support/,Support,nav,200,https://docs.kujolang.ai/support/,0,rendered local route,,none
after,https://docs.kujolang.ai/build/web-operations/,https://docs.kujolang.ai/release-boundaries/,Release boundaries,nav,200,https://docs.kujolang.ai/release-boundaries/,0,rendered local route,,none
after,https://docs.kujolang.ai/build/web-operations/,https://docs.kujolang.ai/llms.txt,llms.txt,nav,200,https://docs.kujolang.ai/llms.txt,0,rendered local route,,none
after,https://docs.kujolang.ai/build/workflows-and-approvals/,https://docs.kujolang.ai/,Docs,header,200,https://docs.kujolang.ai/,0,rendered local route,,none
after,https://docs.kujolang.ai/build/workflows-and-approvals/,https://docs.kujolang.ai/start-here/,Start here,nav,200,https://docs.kujolang.ai/start-here/,0,rendered local route,,none
after,https://docs.kujolang.ai/build/workflows-and-approvals/,https://docs.kujolang.ai/learn/,Learn Kujo,nav,200,https://docs.kujolang.ai/learn/,0,rendered local route,,none
after,https://docs.kujolang.ai/build/workflows-and-approvals/,https://docs.kujolang.ai/build/,Build with Kujo,nav,200,https://docs.kujolang.ai/build/,0,rendered local route,,none
after,https://docs.kujolang.ai/build/workflows-and-approvals/,https://docs.kujolang.ai/ecosystem/providers/,Providers,nav,200,https://docs.kujolang.ai/ecosystem/providers/,0,rendered local route,,none
after,https://docs.kujolang.ai/build/workflows-and-approvals/,https://docs.kujolang.ai/tools/,Tools,nav,200,https://docs.kujolang.ai/tools/,0,rendered local route,,none
after,https://docs.kujolang.ai/build/workflows-and-approvals/,https://docs.kujolang.ai/showcases/,Showcases,nav,200,https://docs.kujolang.ai/showcases/,0,rendered local route,,none
after,https://docs.kujolang.ai/build/workflows-and-approvals/,https://docs.kujolang.ai/start-here/,Start here,aside,200,https://docs.kujolang.ai/start-here/,0,rendered local route,,none
after,https://docs.kujolang.ai/build/workflows-and-approvals/,https://docs.kujolang.ai/install/,Install Kujo,aside,200,https://docs.kujolang.ai/install/,0,rendered local route,,none
after,https://docs.kujolang.ai/build/workflows-and-approvals/,https://docs.kujolang.ai/quickstart/,Quickstart,aside,200,https://docs.kujolang.ai/quickstart/,0,rendered local route,,none
after,https://docs.kujolang.ai/build/workflows-and-approvals/,https://docs.kujolang.ai/choose-a-path/,Choose a path,aside,200,https://docs.kujolang.ai/choose-a-path/,0,rendered local route,,none
after,https://docs.kujolang.ai/build/workflows-and-approvals/,https://docs.kujolang.ai/learn/,Learn Kujo,aside,200,https://docs.kujolang.ai/learn/,0,rendered local route,,none
after,https://docs.kujolang.ai/build/workflows-and-approvals/,https://docs.kujolang.ai/build/,Build with Kujo,aside,200,https://docs.kujolang.ai/build/,0,rendered local route,,none
after,https://docs.kujolang.ai/build/workflows-and-approvals/,https://docs.kujolang.ai/review/,Reviewable work,aside,200,https://docs.kujolang.ai/review/,0,rendered local route,,none
after,https://docs.kujolang.ai/build/workflows-and-approvals/,https://docs.kujolang.ai/tools/,Tools,aside,200,https://docs.kujolang.ai/tools/,0,rendered local route,,none
after,https://docs.kujolang.ai/build/workflows-and-approvals/,https://docs.kujolang.ai/showcases/,Showcases,aside,200,https://docs.kujolang.ai/showcases/,0,rendered local route,,none
after,https://docs.kujolang.ai/build/workflows-and-approvals/,https://docs.kujolang.ai/collections/,Collections,aside,200,https://docs.kujolang.ai/collections/,0,rendered local route,,none
after,https://docs.kujolang.ai/build/workflows-and-approvals/,https://docs.kujolang.ai/ecosystem/,Ecosystem,aside,200,https://docs.kujolang.ai/ecosystem/,0,rendered local route,,none
after,https://docs.kujolang.ai/build/workflows-and-approvals/,https://docs.kujolang.ai/reference/,Reference,aside,200,https://docs.kujolang.ai/reference/,0,rendered local route,,none
after,https://docs.kujolang.ai/build/workflows-and-approvals/,https://docs.kujolang.ai/security/,Security model,aside,200,https://docs.kujolang.ai/security/,0,rendered local route,,none
after,https://docs.kujolang.ai/build/workflows-and-approvals/,https://docs.kujolang.ai/release-boundaries/,Release boundaries,aside,200,https://docs.kujolang.ai/release-boundaries/,0,rendered local route,,none
after,https://docs.kujolang.ai/build/workflows-and-approvals/,https://docs.kujolang.ai/support/,Support,aside,200,https://docs.kujolang.ai/support/,0,rendered local route,,none
after,https://docs.kujolang.ai/build/workflows-and-approvals/,https://docs.kujolang.ai/tools/spec/,Spec,article,200,https://docs.kujolang.ai/tools/spec/,0,rendered local route,,none
after,https://docs.kujolang.ai/build/workflows-and-approvals/,https://docs.kujolang.ai/tools/scent/,Scent,article,200,https://docs.kujolang.ai/tools/scent/,0,rendered local route,,none
after,https://docs.kujolang.ai/build/workflows-and-approvals/,https://docs.kujolang.ai/tools/packwrite/,PackWrite,article,200,https://docs.kujolang.ai/tools/packwrite/,0,rendered local route,,none
after,https://docs.kujolang.ai/build/workflows-and-approvals/,https://docs.kujolang.ai/tools/dispatch/,Dispatch,article,200,https://docs.kujolang.ai/tools/dispatch/,0,rendered local route,,none
after,https://docs.kujolang.ai/build/workflows-and-approvals/,https://docs.kujolang.ai/build/ai-and-agents/,Previous,nav,200,https://docs.kujolang.ai/build/ai-and-agents/,0,rendered local route,prev,none
after,https://docs.kujolang.ai/build/workflows-and-approvals/,https://docs.kujolang.ai/tools/spec/,Next,nav,200,https://docs.kujolang.ai/tools/spec/,0,rendered local route,next,none
after,https://docs.kujolang.ai/build/workflows-and-approvals/,https://docs.kujolang.ai/reference/,Reference,nav,200,https://docs.kujolang.ai/reference/,0,rendered local route,,none
after,https://docs.kujolang.ai/build/workflows-and-approvals/,https://docs.kujolang.ai/support/,Support,nav,200,https://docs.kujolang.ai/support/,0,rendered local route,,none
after,https://docs.kujolang.ai/build/workflows-and-approvals/,https://docs.kujolang.ai/release-boundaries/,Release boundaries,nav,200,https://docs.kujolang.ai/release-boundaries/,0,rendered local route,,none
after,https://docs.kujolang.ai/build/workflows-and-approvals/,https://docs.kujolang.ai/llms.txt,llms.txt,nav,200,https://docs.kujolang.ai/llms.txt,0,rendered local route,,none
after,https://docs.kujolang.ai/choose-a-path/,https://docs.kujolang.ai/,Docs,header,200,https://docs.kujolang.ai/,0,rendered local route,,none
after,https://docs.kujolang.ai/choose-a-path/,https://docs.kujolang.ai/start-here/,Start here,nav,200,https://docs.kujolang.ai/start-here/,0,rendered local route,,none
after,https://docs.kujolang.ai/choose-a-path/,https://docs.kujolang.ai/learn/,Learn Kujo,nav,200,https://docs.kujolang.ai/learn/,0,rendered local route,,none
after,https://docs.kujolang.ai/choose-a-path/,https://docs.kujolang.ai/build/,Build with Kujo,nav,200,https://docs.kujolang.ai/build/,0,rendered local route,,none
after,https://docs.kujolang.ai/choose-a-path/,https://docs.kujolang.ai/ecosystem/providers/,Providers,nav,200,https://docs.kujolang.ai/ecosystem/providers/,0,rendered local route,,none
after,https://docs.kujolang.ai/choose-a-path/,https://docs.kujolang.ai/tools/,Tools,nav,200,https://docs.kujolang.ai/tools/,0,rendered local route,,none
after,https://docs.kujolang.ai/choose-a-path/,https://docs.kujolang.ai/showcases/,Showcases,nav,200,https://docs.kujolang.ai/showcases/,0,rendered local route,,none
after,https://docs.kujolang.ai/choose-a-path/,https://docs.kujolang.ai/start-here/,Start here,aside,200,https://docs.kujolang.ai/start-here/,0,rendered local route,,none
after,https://docs.kujolang.ai/choose-a-path/,https://docs.kujolang.ai/install/,Install Kujo,aside,200,https://docs.kujolang.ai/install/,0,rendered local route,,none
after,https://docs.kujolang.ai/choose-a-path/,https://docs.kujolang.ai/quickstart/,Quickstart,aside,200,https://docs.kujolang.ai/quickstart/,0,rendered local route,,none
after,https://docs.kujolang.ai/choose-a-path/,https://docs.kujolang.ai/choose-a-path/,Choose a path,aside,200,https://docs.kujolang.ai/choose-a-path/,0,rendered local route,,none
after,https://docs.kujolang.ai/choose-a-path/,https://docs.kujolang.ai/learn/,Learn Kujo,aside,200,https://docs.kujolang.ai/learn/,0,rendered local route,,none
after,https://docs.kujolang.ai/choose-a-path/,https://docs.kujolang.ai/build/,Build with Kujo,aside,200,https://docs.kujolang.ai/build/,0,rendered local route,,none
after,https://docs.kujolang.ai/choose-a-path/,https://docs.kujolang.ai/ecosystem/providers/,Provider packages,aside,200,https://docs.kujolang.ai/ecosystem/providers/,0,rendered local route,,none
after,https://docs.kujolang.ai/choose-a-path/,https://docs.kujolang.ai/review/,Reviewable work,aside,200,https://docs.kujolang.ai/review/,0,rendered local route,,none
after,https://docs.kujolang.ai/choose-a-path/,https://docs.kujolang.ai/tools/,Tools,aside,200,https://docs.kujolang.ai/tools/,0,rendered local route,,none
after,https://docs.kujolang.ai/choose-a-path/,https://docs.kujolang.ai/showcases/,Showcases,aside,200,https://docs.kujolang.ai/showcases/,0,rendered local route,,none
after,https://docs.kujolang.ai/choose-a-path/,https://docs.kujolang.ai/collections/,Collections,aside,200,https://docs.kujolang.ai/collections/,0,rendered local route,,none
after,https://docs.kujolang.ai/choose-a-path/,https://docs.kujolang.ai/ecosystem/,Ecosystem,aside,200,https://docs.kujolang.ai/ecosystem/,0,rendered local route,,none
after,https://docs.kujolang.ai/choose-a-path/,https://docs.kujolang.ai/reference/,Reference,aside,200,https://docs.kujolang.ai/reference/,0,rendered local route,,none
after,https://docs.kujolang.ai/choose-a-path/,https://docs.kujolang.ai/security/,Security model,aside,200,https://docs.kujolang.ai/security/,0,rendered local route,,none
after,https://docs.kujolang.ai/choose-a-path/,https://docs.kujolang.ai/release-boundaries/,Release boundaries,aside,200,https://docs.kujolang.ai/release-boundaries/,0,rendered local route,,none
after,https://docs.kujolang.ai/choose-a-path/,https://docs.kujolang.ai/support/,Support,aside,200,https://docs.kujolang.ai/support/,0,rendered local route,,none
after,https://docs.kujolang.ai/choose-a-path/,https://docs.kujolang.ai/learn/,Learn Kujo,article,200,https://docs.kujolang.ai/learn/,0,rendered local route,,none
after,https://docs.kujolang.ai/choose-a-path/,https://docs.kujolang.ai/reference/,Reference,article,200,https://docs.kujolang.ai/reference/,0,rendered local route,,none
after,https://docs.kujolang.ai/choose-a-path/,https://docs.kujolang.ai/tools/kennel/,Kennel,article,200,https://docs.kujolang.ai/tools/kennel/,0,rendered local route,,none
after,https://docs.kujolang.ai/choose-a-path/,https://docs.kujolang.ai/build/owned-agent-projects/,Agent Projects,article,200,https://docs.kujolang.ai/build/owned-agent-projects/,0,rendered local route,,none
after,https://docs.kujolang.ai/choose-a-path/,https://docs.kujolang.ai/build/agent-profiles/,profiles,article,200,https://docs.kujolang.ai/build/agent-profiles/,0,rendered local route,,none
after,https://docs.kujolang.ai/choose-a-path/,https://docs.kujolang.ai/build/agent-credentials/,credentials,article,200,https://docs.kujolang.ai/build/agent-credentials/,0,rendered local route,,none
after,https://docs.kujolang.ai/choose-a-path/,https://docs.kujolang.ai/build/agent-operations/,operations,article,200,https://docs.kujolang.ai/build/agent-operations/,0,rendered local route,,none
after,https://docs.kujolang.ai/choose-a-path/,https://docs.kujolang.ai/ecosystem/providers/,Provider packages,article,200,https://docs.kujolang.ai/ecosystem/providers/,0,rendered local route,,none
after,https://docs.kujolang.ai/choose-a-path/,https://docs.kujolang.ai/tools/ai-sdk/,AI SDK,article,200,https://docs.kujolang.ai/tools/ai-sdk/,0,rendered local route,,none
after,https://docs.kujolang.ai/choose-a-path/,https://docs.kujolang.ai/tools/agents-sdk/,Agents SDK,article,200,https://docs.kujolang.ai/tools/agents-sdk/,0,rendered local route,,none
after,https://docs.kujolang.ai/choose-a-path/,https://docs.kujolang.ai/showcases/ai-chat/,AI Chat,article,200,https://docs.kujolang.ai/showcases/ai-chat/,0,rendered local route,,none
after,https://docs.kujolang.ai/choose-a-path/,https://docs.kujolang.ai/tools/spec/,Spec,article,200,https://docs.kujolang.ai/tools/spec/,0,rendered local route,,none
after,https://docs.kujolang.ai/choose-a-path/,https://docs.kujolang.ai/tools/scent/,Scent,article,200,https://docs.kujolang.ai/tools/scent/,0,rendered local route,,none
after,https://docs.kujolang.ai/choose-a-path/,https://docs.kujolang.ai/tools/packwrite/,PackWrite,article,200,https://docs.kujolang.ai/tools/packwrite/,0,rendered local route,,none
after,https://docs.kujolang.ai/choose-a-path/,https://docs.kujolang.ai/tools/dispatch/,Dispatch,article,200,https://docs.kujolang.ai/tools/dispatch/,0,rendered local route,,none
after,https://docs.kujolang.ai/choose-a-path/,https://docs.kujolang.ai/tools/eval/,Eval,article,200,https://docs.kujolang.ai/tools/eval/,0,rendered local route,,none
after,https://docs.kujolang.ai/choose-a-path/,https://docs.kujolang.ai/tools/concord/,Concord,article,200,https://docs.kujolang.ai/tools/concord/,0,rendered local route,,none
after,https://docs.kujolang.ai/choose-a-path/,https://docs.kujolang.ai/tools/shipcheck/,ShipCheck,article,200,https://docs.kujolang.ai/tools/shipcheck/,0,rendered local route,,none
after,https://docs.kujolang.ai/choose-a-path/,https://docs.kujolang.ai/tools/lens/,Lens,article,200,https://docs.kujolang.ai/tools/lens/,0,rendered local route,,none
after,https://docs.kujolang.ai/choose-a-path/,https://docs.kujolang.ai/tools/casefile/,CaseFile,article,200,https://docs.kujolang.ai/tools/casefile/,0,rendered local route,,none
after,https://docs.kujolang.ai/choose-a-path/,https://docs.kujolang.ai/tools/runledger/,RunLedger,article,200,https://docs.kujolang.ai/tools/runledger/,0,rendered local route,,none
after,https://docs.kujolang.ai/choose-a-path/,https://docs.kujolang.ai/tools/patchbrief/,PatchBrief,article,200,https://docs.kujolang.ai/tools/patchbrief/,0,rendered local route,,none
after,https://docs.kujolang.ai/choose-a-path/,https://docs.kujolang.ai/tools/changebucket/,ChangeBucket,article,200,https://docs.kujolang.ai/tools/changebucket/,0,rendered local route,,none
after,https://docs.kujolang.ai/choose-a-path/,https://docs.kujolang.ai/showcases/cms/,CMS,article,200,https://docs.kujolang.ai/showcases/cms/,0,rendered local route,,none
after,https://docs.kujolang.ai/choose-a-path/,https://docs.kujolang.ai/showcases/crud-api/,CRUD API Showcase,article,200,https://docs.kujolang.ai/showcases/crud-api/,0,rendered local route,,none
after,https://docs.kujolang.ai/choose-a-path/,https://docs.kujolang.ai/showcases/ai-chat/,AI Chat,article,200,https://docs.kujolang.ai/showcases/ai-chat/,0,rendered local route,,none
after,https://docs.kujolang.ai/choose-a-path/,https://docs.kujolang.ai/showcases/ssg/,SSG,article,200,https://docs.kujolang.ai/showcases/ssg/,0,rendered local route,,none
after,https://docs.kujolang.ai/choose-a-path/,https://docs.kujolang.ai/showcases/totalrecall/,TotalRecall,article,200,https://docs.kujolang.ai/showcases/totalrecall/,0,rendered local route,,none
after,https://docs.kujolang.ai/choose-a-path/,https://docs.kujolang.ai/tools/mcp/,MCP,article,200,https://docs.kujolang.ai/tools/mcp/,0,rendered local route,,none
after,https://docs.kujolang.ai/choose-a-path/,https://docs.kujolang.ai/tools/rag/,RAG,article,200,https://docs.kujolang.ai/tools/rag/,0,rendered local route,,none
after,https://docs.kujolang.ai/choose-a-path/,https://docs.kujolang.ai/tools/watchdog/,Watchdog,article,200,https://docs.kujolang.ai/tools/watchdog/,0,rendered local route,,none
after,https://docs.kujolang.ai/choose-a-path/,https://docs.kujolang.ai/tools/leash/,Leash,article,200,https://docs.kujolang.ai/tools/leash/,0,rendered local route,,none
after,https://docs.kujolang.ai/choose-a-path/,https://docs.kujolang.ai/tools/workcell/,Workcell,article,200,https://docs.kujolang.ai/tools/workcell/,0,rendered local route,,none
after,https://docs.kujolang.ai/choose-a-path/,https://docs.kujolang.ai/tools/relay/,Relay,article,200,https://docs.kujolang.ai/tools/relay/,0,rendered local route,,none
after,https://docs.kujolang.ai/choose-a-path/,https://docs.kujolang.ai/tools/redact/,Redact,article,200,https://docs.kujolang.ai/tools/redact/,0,rendered local route,,none
after,https://docs.kujolang.ai/choose-a-path/,https://docs.kujolang.ai/tools/siteprobe/,SiteProbe,article,200,https://docs.kujolang.ai/tools/siteprobe/,0,rendered local route,,none
after,https://docs.kujolang.ai/choose-a-path/,https://docs.kujolang.ai/tools/searchbridge/,SearchBridge,article,200,https://docs.kujolang.ai/tools/searchbridge/,0,rendered local route,,none
after,https://docs.kujolang.ai/choose-a-path/,https://docs.kujolang.ai/tools/contentgraph/,ContentGraph,article,200,https://docs.kujolang.ai/tools/contentgraph/,0,rendered local route,,none
after,https://docs.kujolang.ai/choose-a-path/,https://docs.kujolang.ai/tools/lens/,Lens,article,200,https://docs.kujolang.ai/tools/lens/,0,rendered local route,,none
after,https://docs.kujolang.ai/choose-a-path/,https://docs.kujolang.ai/tools/storydesk/,StoryDesk,article,200,https://docs.kujolang.ai/tools/storydesk/,0,rendered local route,,none
after,https://docs.kujolang.ai/choose-a-path/,https://docs.kujolang.ai/tools/dossier/,Dossier,article,200,https://docs.kujolang.ai/tools/dossier/,0,rendered local route,,none
after,https://docs.kujolang.ai/choose-a-path/,https://docs.kujolang.ai/tools/bluepencil/,BluePencil,article,200,https://docs.kujolang.ai/tools/bluepencil/,0,rendered local route,,none
after,https://docs.kujolang.ai/choose-a-path/,https://docs.kujolang.ai/tools/galleypack/,GalleyPack,article,200,https://docs.kujolang.ai/tools/galleypack/,0,rendered local route,,none
after,https://docs.kujolang.ai/choose-a-path/,https://docs.kujolang.ai/tools/presswire/,PressWire,article,200,https://docs.kujolang.ai/tools/presswire/,0,rendered local route,,none
after,https://docs.kujolang.ai/choose-a-path/,https://docs.kujolang.ai/tools/tribunal/,Tribunal,article,200,https://docs.kujolang.ai/tools/tribunal/,0,rendered local route,,none
after,https://docs.kujolang.ai/choose-a-path/,https://docs.kujolang.ai/quickstart/,Previous,nav,200,https://docs.kujolang.ai/quickstart/,0,rendered local route,prev,none
after,https://docs.kujolang.ai/choose-a-path/,https://docs.kujolang.ai/learn/,Next,nav,200,https://docs.kujolang.ai/learn/,0,rendered local route,next,none
after,https://docs.kujolang.ai/choose-a-path/,https://docs.kujolang.ai/reference/,Reference,nav,200,https://docs.kujolang.ai/reference/,0,rendered local route,,none
after,https://docs.kujolang.ai/choose-a-path/,https://docs.kujolang.ai/support/,Support,nav,200,https://docs.kujolang.ai/support/,0,rendered local route,,none
after,https://docs.kujolang.ai/choose-a-path/,https://docs.kujolang.ai/release-boundaries/,Release boundaries,nav,200,https://docs.kujolang.ai/release-boundaries/,0,rendered local route,,none
after,https://docs.kujolang.ai/choose-a-path/,https://docs.kujolang.ai/llms.txt,llms.txt,nav,200,https://docs.kujolang.ai/llms.txt,0,rendered local route,,none
after,https://docs.kujolang.ai/collections/agents/,https://docs.kujolang.ai/,Docs,header,200,https://docs.kujolang.ai/,0,rendered local route,,none
after,https://docs.kujolang.ai/collections/agents/,https://docs.kujolang.ai/start-here/,Start here,nav,200,https://docs.kujolang.ai/start-here/,0,rendered local route,,none
after,https://docs.kujolang.ai/collections/agents/,https://docs.kujolang.ai/learn/,Learn Kujo,nav,200,https://docs.kujolang.ai/learn/,0,rendered local route,,none
after,https://docs.kujolang.ai/collections/agents/,https://docs.kujolang.ai/build/,Build with Kujo,nav,200,https://docs.kujolang.ai/build/,0,rendered local route,,none
after,https://docs.kujolang.ai/collections/agents/,https://docs.kujolang.ai/ecosystem/providers/,Providers,nav,200,https://docs.kujolang.ai/ecosystem/providers/,0,rendered local route,,none
after,https://docs.kujolang.ai/collections/agents/,https://docs.kujolang.ai/tools/,Tools,nav,200,https://docs.kujolang.ai/tools/,0,rendered local route,,none
after,https://docs.kujolang.ai/collections/agents/,https://docs.kujolang.ai/showcases/,Showcases,nav,200,https://docs.kujolang.ai/showcases/,0,rendered local route,,none
after,https://docs.kujolang.ai/collections/agents/,https://docs.kujolang.ai/start-here/,Start here,aside,200,https://docs.kujolang.ai/start-here/,0,rendered local route,,none
after,https://docs.kujolang.ai/collections/agents/,https://docs.kujolang.ai/install/,Install Kujo,aside,200,https://docs.kujolang.ai/install/,0,rendered local route,,none
after,https://docs.kujolang.ai/collections/agents/,https://docs.kujolang.ai/quickstart/,Quickstart,aside,200,https://docs.kujolang.ai/quickstart/,0,rendered local route,,none
after,https://docs.kujolang.ai/collections/agents/,https://docs.kujolang.ai/choose-a-path/,Choose a path,aside,200,https://docs.kujolang.ai/choose-a-path/,0,rendered local route,,none
after,https://docs.kujolang.ai/collections/agents/,https://docs.kujolang.ai/learn/,Learn Kujo,aside,200,https://docs.kujolang.ai/learn/,0,rendered local route,,none
after,https://docs.kujolang.ai/collections/agents/,https://docs.kujolang.ai/build/,Build with Kujo,aside,200,https://docs.kujolang.ai/build/,0,rendered local route,,none
after,https://docs.kujolang.ai/collections/agents/,https://docs.kujolang.ai/review/,Reviewable work,aside,200,https://docs.kujolang.ai/review/,0,rendered local route,,none
after,https://docs.kujolang.ai/collections/agents/,https://docs.kujolang.ai/tools/,Tools,aside,200,https://docs.kujolang.ai/tools/,0,rendered local route,,none
after,https://docs.kujolang.ai/collections/agents/,https://docs.kujolang.ai/showcases/,Showcases,aside,200,https://docs.kujolang.ai/showcases/,0,rendered local route,,none
after,https://docs.kujolang.ai/collections/agents/,https://docs.kujolang.ai/collections/,Collections,aside,200,https://docs.kujolang.ai/collections/,0,rendered local route,,none
after,https://docs.kujolang.ai/collections/agents/,https://docs.kujolang.ai/ecosystem/,Ecosystem,aside,200,https://docs.kujolang.ai/ecosystem/,0,rendered local route,,none
after,https://docs.kujolang.ai/collections/agents/,https://docs.kujolang.ai/reference/,Reference,aside,200,https://docs.kujolang.ai/reference/,0,rendered local route,,none
after,https://docs.kujolang.ai/collections/agents/,https://docs.kujolang.ai/security/,Security model,aside,200,https://docs.kujolang.ai/security/,0,rendered local route,,none
after,https://docs.kujolang.ai/collections/agents/,https://docs.kujolang.ai/release-boundaries/,Release boundaries,aside,200,https://docs.kujolang.ai/release-boundaries/,0,rendered local route,,none
after,https://docs.kujolang.ai/collections/agents/,https://docs.kujolang.ai/support/,Support,aside,200,https://docs.kujolang.ai/support/,0,rendered local route,,none
after,https://docs.kujolang.ai/collections/agents/,https://docs.kujolang.ai/tools/spec/,Spec,article,200,https://docs.kujolang.ai/tools/spec/,0,rendered local route,,none
after,https://docs.kujolang.ai/collections/agents/,https://docs.kujolang.ai/tools/scent/,Scent,article,200,https://docs.kujolang.ai/tools/scent/,0,rendered local route,,none
after,https://docs.kujolang.ai/collections/agents/,https://docs.kujolang.ai/collections/workflows/,Previous,nav,200,https://docs.kujolang.ai/collections/workflows/,0,rendered local route,prev,none
after,https://docs.kujolang.ai/collections/agents/,https://docs.kujolang.ai/collections/benchmarks/,Next,nav,200,https://docs.kujolang.ai/collections/benchmarks/,0,rendered local route,next,none
after,https://docs.kujolang.ai/collections/agents/,https://docs.kujolang.ai/reference/,Reference,nav,200,https://docs.kujolang.ai/reference/,0,rendered local route,,none
after,https://docs.kujolang.ai/collections/agents/,https://docs.kujolang.ai/support/,Support,nav,200,https://docs.kujolang.ai/support/,0,rendered local route,,none
after,https://docs.kujolang.ai/collections/agents/,https://docs.kujolang.ai/release-boundaries/,Release boundaries,nav,200,https://docs.kujolang.ai/release-boundaries/,0,rendered local route,,none
after,https://docs.kujolang.ai/collections/agents/,https://docs.kujolang.ai/llms.txt,llms.txt,nav,200,https://docs.kujolang.ai/llms.txt,0,rendered local route,,none
after,https://docs.kujolang.ai/collections/benchmarks/,https://docs.kujolang.ai/,Docs,header,200,https://docs.kujolang.ai/,0,rendered local route,,none
after,https://docs.kujolang.ai/collections/benchmarks/,https://docs.kujolang.ai/start-here/,Start here,nav,200,https://docs.kujolang.ai/start-here/,0,rendered local route,,none
after,https://docs.kujolang.ai/collections/benchmarks/,https://docs.kujolang.ai/learn/,Learn Kujo,nav,200,https://docs.kujolang.ai/learn/,0,rendered local route,,none
after,https://docs.kujolang.ai/collections/benchmarks/,https://docs.kujolang.ai/build/,Build with Kujo,nav,200,https://docs.kujolang.ai/build/,0,rendered local route,,none
after,https://docs.kujolang.ai/collections/benchmarks/,https://docs.kujolang.ai/ecosystem/providers/,Providers,nav,200,https://docs.kujolang.ai/ecosystem/providers/,0,rendered local route,,none
after,https://docs.kujolang.ai/collections/benchmarks/,https://docs.kujolang.ai/tools/,Tools,nav,200,https://docs.kujolang.ai/tools/,0,rendered local route,,none
after,https://docs.kujolang.ai/collections/benchmarks/,https://docs.kujolang.ai/showcases/,Showcases,nav,200,https://docs.kujolang.ai/showcases/,0,rendered local route,,none
after,https://docs.kujolang.ai/collections/benchmarks/,https://docs.kujolang.ai/start-here/,Start here,aside,200,https://docs.kujolang.ai/start-here/,0,rendered local route,,none
after,https://docs.kujolang.ai/collections/benchmarks/,https://docs.kujolang.ai/install/,Install Kujo,aside,200,https://docs.kujolang.ai/install/,0,rendered local route,,none
after,https://docs.kujolang.ai/collections/benchmarks/,https://docs.kujolang.ai/quickstart/,Quickstart,aside,200,https://docs.kujolang.ai/quickstart/,0,rendered local route,,none
after,https://docs.kujolang.ai/collections/benchmarks/,https://docs.kujolang.ai/choose-a-path/,Choose a path,aside,200,https://docs.kujolang.ai/choose-a-path/,0,rendered local route,,none
after,https://docs.kujolang.ai/collections/benchmarks/,https://docs.kujolang.ai/learn/,Learn Kujo,aside,200,https://docs.kujolang.ai/learn/,0,rendered local route,,none
after,https://docs.kujolang.ai/collections/benchmarks/,https://docs.kujolang.ai/build/,Build with Kujo,aside,200,https://docs.kujolang.ai/build/,0,rendered local route,,none
after,https://docs.kujolang.ai/collections/benchmarks/,https://docs.kujolang.ai/review/,Reviewable work,aside,200,https://docs.kujolang.ai/review/,0,rendered local route,,none
after,https://docs.kujolang.ai/collections/benchmarks/,https://docs.kujolang.ai/tools/,Tools,aside,200,https://docs.kujolang.ai/tools/,0,rendered local route,,none
after,https://docs.kujolang.ai/collections/benchmarks/,https://docs.kujolang.ai/showcases/,Showcases,aside,200,https://docs.kujolang.ai/showcases/,0,rendered local route,,none
after,https://docs.kujolang.ai/collections/benchmarks/,https://docs.kujolang.ai/collections/,Collections,aside,200,https://docs.kujolang.ai/collections/,0,rendered local route,,none
after,https://docs.kujolang.ai/collections/benchmarks/,https://docs.kujolang.ai/ecosystem/,Ecosystem,aside,200,https://docs.kujolang.ai/ecosystem/,0,rendered local route,,none
after,https://docs.kujolang.ai/collections/benchmarks/,https://docs.kujolang.ai/reference/,Reference,aside,200,https://docs.kujolang.ai/reference/,0,rendered local route,,none
after,https://docs.kujolang.ai/collections/benchmarks/,https://docs.kujolang.ai/security/,Security model,aside,200,https://docs.kujolang.ai/security/,0,rendered local route,,none
after,https://docs.kujolang.ai/collections/benchmarks/,https://docs.kujolang.ai/release-boundaries/,Release boundaries,aside,200,https://docs.kujolang.ai/release-boundaries/,0,rendered local route,,none
after,https://docs.kujolang.ai/collections/benchmarks/,https://docs.kujolang.ai/support/,Support,aside,200,https://docs.kujolang.ai/support/,0,rendered local route,,none
after,https://docs.kujolang.ai/collections/benchmarks/,https://docs.kujolang.ai/collections/agents/,Previous,nav,200,https://docs.kujolang.ai/collections/agents/,0,rendered local route,prev,none
after,https://docs.kujolang.ai/collections/benchmarks/,https://docs.kujolang.ai/ecosystem/,Next,nav,200,https://docs.kujolang.ai/ecosystem/,0,rendered local route,next,none
after,https://docs.kujolang.ai/collections/benchmarks/,https://docs.kujolang.ai/reference/,Reference,nav,200,https://docs.kujolang.ai/reference/,0,rendered local route,,none
after,https://docs.kujolang.ai/collections/benchmarks/,https://docs.kujolang.ai/support/,Support,nav,200,https://docs.kujolang.ai/support/,0,rendered local route,,none
after,https://docs.kujolang.ai/collections/benchmarks/,https://docs.kujolang.ai/release-boundaries/,Release boundaries,nav,200,https://docs.kujolang.ai/release-boundaries/,0,rendered local route,,none
after,https://docs.kujolang.ai/collections/benchmarks/,https://docs.kujolang.ai/llms.txt,llms.txt,nav,200,https://docs.kujolang.ai/llms.txt,0,rendered local route,,none
after,https://docs.kujolang.ai/collections/,https://docs.kujolang.ai/,Docs,header,200,https://docs.kujolang.ai/,0,rendered local route,,none
after,https://docs.kujolang.ai/collections/,https://docs.kujolang.ai/start-here/,Start here,nav,200,https://docs.kujolang.ai/start-here/,0,rendered local route,,none
after,https://docs.kujolang.ai/collections/,https://docs.kujolang.ai/learn/,Learn Kujo,nav,200,https://docs.kujolang.ai/learn/,0,rendered local route,,none
after,https://docs.kujolang.ai/collections/,https://docs.kujolang.ai/build/,Build with Kujo,nav,200,https://docs.kujolang.ai/build/,0,rendered local route,,none
after,https://docs.kujolang.ai/collections/,https://docs.kujolang.ai/ecosystem/providers/,Providers,nav,200,https://docs.kujolang.ai/ecosystem/providers/,0,rendered local route,,none
after,https://docs.kujolang.ai/collections/,https://docs.kujolang.ai/tools/,Tools,nav,200,https://docs.kujolang.ai/tools/,0,rendered local route,,none
after,https://docs.kujolang.ai/collections/,https://docs.kujolang.ai/showcases/,Showcases,nav,200,https://docs.kujolang.ai/showcases/,0,rendered local route,,none
after,https://docs.kujolang.ai/collections/,https://docs.kujolang.ai/collections/skills/,Skills,main,200,https://docs.kujolang.ai/collections/skills/,0,rendered local route,,none
after,https://docs.kujolang.ai/collections/,https://docs.kujolang.ai/collections/skills/,View skills,main,200,https://docs.kujolang.ai/collections/skills/,0,rendered local route,,none
after,https://docs.kujolang.ai/collections/,https://docs.kujolang.ai/collections/workflows/,Workflows,main,200,https://docs.kujolang.ai/collections/workflows/,0,rendered local route,,none
after,https://docs.kujolang.ai/collections/,https://docs.kujolang.ai/collections/workflows/,View workflows,main,200,https://docs.kujolang.ai/collections/workflows/,0,rendered local route,,none
after,https://docs.kujolang.ai/collections/,https://docs.kujolang.ai/collections/agents/,Agents,main,200,https://docs.kujolang.ai/collections/agents/,0,rendered local route,,none
after,https://docs.kujolang.ai/collections/,https://docs.kujolang.ai/collections/agents/,View agents,main,200,https://docs.kujolang.ai/collections/agents/,0,rendered local route,,none
after,https://docs.kujolang.ai/collections/,https://docs.kujolang.ai/collections/benchmarks/,Benchmarks,main,200,https://docs.kujolang.ai/collections/benchmarks/,0,rendered local route,,none
after,https://docs.kujolang.ai/collections/,https://docs.kujolang.ai/collections/benchmarks/,View benchmarks,main,200,https://docs.kujolang.ai/collections/benchmarks/,0,rendered local route,,none
after,https://docs.kujolang.ai/collections/,https://docs.kujolang.ai/reference/,Reference,nav,200,https://docs.kujolang.ai/reference/,0,rendered local route,,none
after,https://docs.kujolang.ai/collections/,https://docs.kujolang.ai/support/,Support,nav,200,https://docs.kujolang.ai/support/,0,rendered local route,,none
after,https://docs.kujolang.ai/collections/,https://docs.kujolang.ai/release-boundaries/,Release boundaries,nav,200,https://docs.kujolang.ai/release-boundaries/,0,rendered local route,,none
after,https://docs.kujolang.ai/collections/,https://docs.kujolang.ai/llms.txt,llms.txt,nav,200,https://docs.kujolang.ai/llms.txt,0,rendered local route,,none
after,https://docs.kujolang.ai/collections/skills/,https://docs.kujolang.ai/,Docs,header,200,https://docs.kujolang.ai/,0,rendered local route,,none
after,https://docs.kujolang.ai/collections/skills/,https://docs.kujolang.ai/start-here/,Start here,nav,200,https://docs.kujolang.ai/start-here/,0,rendered local route,,none
after,https://docs.kujolang.ai/collections/skills/,https://docs.kujolang.ai/learn/,Learn Kujo,nav,200,https://docs.kujolang.ai/learn/,0,rendered local route,,none
after,https://docs.kujolang.ai/collections/skills/,https://docs.kujolang.ai/build/,Build with Kujo,nav,200,https://docs.kujolang.ai/build/,0,rendered local route,,none
after,https://docs.kujolang.ai/collections/skills/,https://docs.kujolang.ai/ecosystem/providers/,Providers,nav,200,https://docs.kujolang.ai/ecosystem/providers/,0,rendered local route,,none
after,https://docs.kujolang.ai/collections/skills/,https://docs.kujolang.ai/tools/,Tools,nav,200,https://docs.kujolang.ai/tools/,0,rendered local route,,none
after,https://docs.kujolang.ai/collections/skills/,https://docs.kujolang.ai/showcases/,Showcases,nav,200,https://docs.kujolang.ai/showcases/,0,rendered local route,,none
after,https://docs.kujolang.ai/collections/skills/,https://docs.kujolang.ai/start-here/,Start here,aside,200,https://docs.kujolang.ai/start-here/,0,rendered local route,,none
after,https://docs.kujolang.ai/collections/skills/,https://docs.kujolang.ai/install/,Install Kujo,aside,200,https://docs.kujolang.ai/install/,0,rendered local route,,none
after,https://docs.kujolang.ai/collections/skills/,https://docs.kujolang.ai/quickstart/,Quickstart,aside,200,https://docs.kujolang.ai/quickstart/,0,rendered local route,,none
after,https://docs.kujolang.ai/collections/skills/,https://docs.kujolang.ai/choose-a-path/,Choose a path,aside,200,https://docs.kujolang.ai/choose-a-path/,0,rendered local route,,none
after,https://docs.kujolang.ai/collections/skills/,https://docs.kujolang.ai/learn/,Learn Kujo,aside,200,https://docs.kujolang.ai/learn/,0,rendered local route,,none
after,https://docs.kujolang.ai/collections/skills/,https://docs.kujolang.ai/build/,Build with Kujo,aside,200,https://docs.kujolang.ai/build/,0,rendered local route,,none
after,https://docs.kujolang.ai/collections/skills/,https://docs.kujolang.ai/review/,Reviewable work,aside,200,https://docs.kujolang.ai/review/,0,rendered local route,,none
after,https://docs.kujolang.ai/collections/skills/,https://docs.kujolang.ai/tools/,Tools,aside,200,https://docs.kujolang.ai/tools/,0,rendered local route,,none
after,https://docs.kujolang.ai/collections/skills/,https://docs.kujolang.ai/showcases/,Showcases,aside,200,https://docs.kujolang.ai/showcases/,0,rendered local route,,none
after,https://docs.kujolang.ai/collections/skills/,https://docs.kujolang.ai/collections/,Collections,aside,200,https://docs.kujolang.ai/collections/,0,rendered local route,,none
after,https://docs.kujolang.ai/collections/skills/,https://docs.kujolang.ai/ecosystem/,Ecosystem,aside,200,https://docs.kujolang.ai/ecosystem/,0,rendered local route,,none
after,https://docs.kujolang.ai/collections/skills/,https://docs.kujolang.ai/reference/,Reference,aside,200,https://docs.kujolang.ai/reference/,0,rendered local route,,none
after,https://docs.kujolang.ai/collections/skills/,https://docs.kujolang.ai/security/,Security model,aside,200,https://docs.kujolang.ai/security/,0,rendered local route,,none
after,https://docs.kujolang.ai/collections/skills/,https://docs.kujolang.ai/release-boundaries/,Release boundaries,aside,200,https://docs.kujolang.ai/release-boundaries/,0,rendered local route,,none
after,https://docs.kujolang.ai/collections/skills/,https://docs.kujolang.ai/support/,Support,aside,200,https://docs.kujolang.ai/support/,0,rendered local route,,none
after,https://docs.kujolang.ai/collections/skills/,https://docs.kujolang.ai/showcases/,Previous,nav,200,https://docs.kujolang.ai/showcases/,0,rendered local route,prev,none
after,https://docs.kujolang.ai/collections/skills/,https://docs.kujolang.ai/collections/workflows/,Next,nav,200,https://docs.kujolang.ai/collections/workflows/,0,rendered local route,next,none
after,https://docs.kujolang.ai/collections/skills/,https://docs.kujolang.ai/reference/,Reference,nav,200,https://docs.kujolang.ai/reference/,0,rendered local route,,none
after,https://docs.kujolang.ai/collections/skills/,https://docs.kujolang.ai/support/,Support,nav,200,https://docs.kujolang.ai/support/,0,rendered local route,,none
after,https://docs.kujolang.ai/collections/skills/,https://docs.kujolang.ai/release-boundaries/,Release boundaries,nav,200,https://docs.kujolang.ai/release-boundaries/,0,rendered local route,,none
after,https://docs.kujolang.ai/collections/skills/,https://docs.kujolang.ai/llms.txt,llms.txt,nav,200,https://docs.kujolang.ai/llms.txt,0,rendered local route,,none
after,https://docs.kujolang.ai/collections/workflows/,https://docs.kujolang.ai/,Docs,header,200,https://docs.kujolang.ai/,0,rendered local route,,none
after,https://docs.kujolang.ai/collections/workflows/,https://docs.kujolang.ai/start-here/,Start here,nav,200,https://docs.kujolang.ai/start-here/,0,rendered local route,,none
after,https://docs.kujolang.ai/collections/workflows/,https://docs.kujolang.ai/learn/,Learn Kujo,nav,200,https://docs.kujolang.ai/learn/,0,rendered local route,,none
after,https://docs.kujolang.ai/collections/workflows/,https://docs.kujolang.ai/build/,Build with Kujo,nav,200,https://docs.kujolang.ai/build/,0,rendered local route,,none
after,https://docs.kujolang.ai/collections/workflows/,https://docs.kujolang.ai/ecosystem/providers/,Providers,nav,200,https://docs.kujolang.ai/ecosystem/providers/,0,rendered local route,,none
after,https://docs.kujolang.ai/collections/workflows/,https://docs.kujolang.ai/tools/,Tools,nav,200,https://docs.kujolang.ai/tools/,0,rendered local route,,none
after,https://docs.kujolang.ai/collections/workflows/,https://docs.kujolang.ai/showcases/,Showcases,nav,200,https://docs.kujolang.ai/showcases/,0,rendered local route,,none
after,https://docs.kujolang.ai/collections/workflows/,https://docs.kujolang.ai/start-here/,Start here,aside,200,https://docs.kujolang.ai/start-here/,0,rendered local route,,none
after,https://docs.kujolang.ai/collections/workflows/,https://docs.kujolang.ai/install/,Install Kujo,aside,200,https://docs.kujolang.ai/install/,0,rendered local route,,none
after,https://docs.kujolang.ai/collections/workflows/,https://docs.kujolang.ai/quickstart/,Quickstart,aside,200,https://docs.kujolang.ai/quickstart/,0,rendered local route,,none
after,https://docs.kujolang.ai/collections/workflows/,https://docs.kujolang.ai/choose-a-path/,Choose a path,aside,200,https://docs.kujolang.ai/choose-a-path/,0,rendered local route,,none
after,https://docs.kujolang.ai/collections/workflows/,https://docs.kujolang.ai/learn/,Learn Kujo,aside,200,https://docs.kujolang.ai/learn/,0,rendered local route,,none
after,https://docs.kujolang.ai/collections/workflows/,https://docs.kujolang.ai/build/,Build with Kujo,aside,200,https://docs.kujolang.ai/build/,0,rendered local route,,none
after,https://docs.kujolang.ai/collections/workflows/,https://docs.kujolang.ai/review/,Reviewable work,aside,200,https://docs.kujolang.ai/review/,0,rendered local route,,none
after,https://docs.kujolang.ai/collections/workflows/,https://docs.kujolang.ai/tools/,Tools,aside,200,https://docs.kujolang.ai/tools/,0,rendered local route,,none
after,https://docs.kujolang.ai/collections/workflows/,https://docs.kujolang.ai/showcases/,Showcases,aside,200,https://docs.kujolang.ai/showcases/,0,rendered local route,,none
after,https://docs.kujolang.ai/collections/workflows/,https://docs.kujolang.ai/collections/,Collections,aside,200,https://docs.kujolang.ai/collections/,0,rendered local route,,none
after,https://docs.kujolang.ai/collections/workflows/,https://docs.kujolang.ai/ecosystem/,Ecosystem,aside,200,https://docs.kujolang.ai/ecosystem/,0,rendered local route,,none
after,https://docs.kujolang.ai/collections/workflows/,https://docs.kujolang.ai/reference/,Reference,aside,200,https://docs.kujolang.ai/reference/,0,rendered local route,,none
after,https://docs.kujolang.ai/collections/workflows/,https://docs.kujolang.ai/security/,Security model,aside,200,https://docs.kujolang.ai/security/,0,rendered local route,,none
after,https://docs.kujolang.ai/collections/workflows/,https://docs.kujolang.ai/release-boundaries/,Release boundaries,aside,200,https://docs.kujolang.ai/release-boundaries/,0,rendered local route,,none
after,https://docs.kujolang.ai/collections/workflows/,https://docs.kujolang.ai/support/,Support,aside,200,https://docs.kujolang.ai/support/,0,rendered local route,,none
after,https://docs.kujolang.ai/collections/workflows/,https://docs.kujolang.ai/tools/dispatch/,Dispatch,article,200,https://docs.kujolang.ai/tools/dispatch/,0,rendered local route,,none
after,https://docs.kujolang.ai/collections/workflows/,https://docs.kujolang.ai/tools/runledger/,RunLedger,article,200,https://docs.kujolang.ai/tools/runledger/,0,rendered local route,,none
after,https://docs.kujolang.ai/collections/workflows/,https://docs.kujolang.ai/build/publishing-house-operator/,Publishing House Operator,article,200,https://docs.kujolang.ai/build/publishing-house-operator/,0,rendered local route,,none
after,https://docs.kujolang.ai/collections/workflows/,https://docs.kujolang.ai/collections/skills/,Previous,nav,200,https://docs.kujolang.ai/collections/skills/,0,rendered local route,prev,none
after,https://docs.kujolang.ai/collections/workflows/,https://docs.kujolang.ai/collections/agents/,Next,nav,200,https://docs.kujolang.ai/collections/agents/,0,rendered local route,next,none
after,https://docs.kujolang.ai/collections/workflows/,https://docs.kujolang.ai/reference/,Reference,nav,200,https://docs.kujolang.ai/reference/,0,rendered local route,,none
after,https://docs.kujolang.ai/collections/workflows/,https://docs.kujolang.ai/support/,Support,nav,200,https://docs.kujolang.ai/support/,0,rendered local route,,none
after,https://docs.kujolang.ai/collections/workflows/,https://docs.kujolang.ai/release-boundaries/,Release boundaries,nav,200,https://docs.kujolang.ai/release-boundaries/,0,rendered local route,,none
after,https://docs.kujolang.ai/collections/workflows/,https://docs.kujolang.ai/llms.txt,llms.txt,nav,200,https://docs.kujolang.ai/llms.txt,0,rendered local route,,none
after,https://docs.kujolang.ai/ecosystem/core-foundation/,https://docs.kujolang.ai/,Docs,header,200,https://docs.kujolang.ai/,0,rendered local route,,none
after,https://docs.kujolang.ai/ecosystem/core-foundation/,https://docs.kujolang.ai/start-here/,Start here,nav,200,https://docs.kujolang.ai/start-here/,0,rendered local route,,none
after,https://docs.kujolang.ai/ecosystem/core-foundation/,https://docs.kujolang.ai/learn/,Learn Kujo,nav,200,https://docs.kujolang.ai/learn/,0,rendered local route,,none
after,https://docs.kujolang.ai/ecosystem/core-foundation/,https://docs.kujolang.ai/build/,Build with Kujo,nav,200,https://docs.kujolang.ai/build/,0,rendered local route,,none
after,https://docs.kujolang.ai/ecosystem/core-foundation/,https://docs.kujolang.ai/ecosystem/providers/,Providers,nav,200,https://docs.kujolang.ai/ecosystem/providers/,0,rendered local route,,none
after,https://docs.kujolang.ai/ecosystem/core-foundation/,https://docs.kujolang.ai/tools/,Tools,nav,200,https://docs.kujolang.ai/tools/,0,rendered local route,,none
after,https://docs.kujolang.ai/ecosystem/core-foundation/,https://docs.kujolang.ai/showcases/,Showcases,nav,200,https://docs.kujolang.ai/showcases/,0,rendered local route,,none
after,https://docs.kujolang.ai/ecosystem/core-foundation/,https://docs.kujolang.ai/start-here/,Start here,aside,200,https://docs.kujolang.ai/start-here/,0,rendered local route,,none
after,https://docs.kujolang.ai/ecosystem/core-foundation/,https://docs.kujolang.ai/install/,Install Kujo,aside,200,https://docs.kujolang.ai/install/,0,rendered local route,,none
after,https://docs.kujolang.ai/ecosystem/core-foundation/,https://docs.kujolang.ai/quickstart/,Quickstart,aside,200,https://docs.kujolang.ai/quickstart/,0,rendered local route,,none
after,https://docs.kujolang.ai/ecosystem/core-foundation/,https://docs.kujolang.ai/choose-a-path/,Choose a path,aside,200,https://docs.kujolang.ai/choose-a-path/,0,rendered local route,,none
after,https://docs.kujolang.ai/ecosystem/core-foundation/,https://docs.kujolang.ai/learn/,Learn Kujo,aside,200,https://docs.kujolang.ai/learn/,0,rendered local route,,none
after,https://docs.kujolang.ai/ecosystem/core-foundation/,https://docs.kujolang.ai/build/,Build with Kujo,aside,200,https://docs.kujolang.ai/build/,0,rendered local route,,none
after,https://docs.kujolang.ai/ecosystem/core-foundation/,https://docs.kujolang.ai/review/,Reviewable work,aside,200,https://docs.kujolang.ai/review/,0,rendered local route,,none
after,https://docs.kujolang.ai/ecosystem/core-foundation/,https://docs.kujolang.ai/tools/,Tools,aside,200,https://docs.kujolang.ai/tools/,0,rendered local route,,none
after,https://docs.kujolang.ai/ecosystem/core-foundation/,https://docs.kujolang.ai/showcases/,Showcases,aside,200,https://docs.kujolang.ai/showcases/,0,rendered local route,,none
after,https://docs.kujolang.ai/ecosystem/core-foundation/,https://docs.kujolang.ai/collections/,Collections,aside,200,https://docs.kujolang.ai/collections/,0,rendered local route,,none
after,https://docs.kujolang.ai/ecosystem/core-foundation/,https://docs.kujolang.ai/ecosystem/,Ecosystem,aside,200,https://docs.kujolang.ai/ecosystem/,0,rendered local route,,none
after,https://docs.kujolang.ai/ecosystem/core-foundation/,https://docs.kujolang.ai/reference/,Reference,aside,200,https://docs.kujolang.ai/reference/,0,rendered local route,,none
after,https://docs.kujolang.ai/ecosystem/core-foundation/,https://docs.kujolang.ai/security/,Security model,aside,200,https://docs.kujolang.ai/security/,0,rendered local route,,none
after,https://docs.kujolang.ai/ecosystem/core-foundation/,https://docs.kujolang.ai/release-boundaries/,Release boundaries,aside,200,https://docs.kujolang.ai/release-boundaries/,0,rendered local route,,none
after,https://docs.kujolang.ai/ecosystem/core-foundation/,https://docs.kujolang.ai/support/,Support,aside,200,https://docs.kujolang.ai/support/,0,rendered local route,,none
after,https://docs.kujolang.ai/ecosystem/core-foundation/,https://docs.kujolang.ai/tools/kujo/,Kujo,article,200,https://docs.kujolang.ai/tools/kujo/,0,rendered local route,,none
after,https://docs.kujolang.ai/ecosystem/core-foundation/,https://docs.kujolang.ai/tools/kennel/,Kennel,article,200,https://docs.kujolang.ai/tools/kennel/,0,rendered local route,,none
after,https://docs.kujolang.ai/ecosystem/core-foundation/,https://docs.kujolang.ai/tools/workcell/,Workcell,article,200,https://docs.kujolang.ai/tools/workcell/,0,rendered local route,,none
after,https://docs.kujolang.ai/ecosystem/core-foundation/,https://docs.kujolang.ai/tools/source/,Source,article,200,https://docs.kujolang.ai/tools/source/,0,rendered local route,,none
after,https://docs.kujolang.ai/ecosystem/core-foundation/,https://docs.kujolang.ai/reference/,Reference,nav,200,https://docs.kujolang.ai/reference/,0,rendered local route,,none
after,https://docs.kujolang.ai/ecosystem/core-foundation/,https://docs.kujolang.ai/support/,Support,nav,200,https://docs.kujolang.ai/support/,0,rendered local route,,none
after,https://docs.kujolang.ai/ecosystem/core-foundation/,https://docs.kujolang.ai/release-boundaries/,Release boundaries,nav,200,https://docs.kujolang.ai/release-boundaries/,0,rendered local route,,none
after,https://docs.kujolang.ai/ecosystem/core-foundation/,https://docs.kujolang.ai/llms.txt,llms.txt,nav,200,https://docs.kujolang.ai/llms.txt,0,rendered local route,,none
after,https://docs.kujolang.ai/ecosystem/,https://docs.kujolang.ai/,Docs,header,200,https://docs.kujolang.ai/,0,rendered local route,,none
after,https://docs.kujolang.ai/ecosystem/,https://docs.kujolang.ai/start-here/,Start here,nav,200,https://docs.kujolang.ai/start-here/,0,rendered local route,,none
after,https://docs.kujolang.ai/ecosystem/,https://docs.kujolang.ai/learn/,Learn Kujo,nav,200,https://docs.kujolang.ai/learn/,0,rendered local route,,none
after,https://docs.kujolang.ai/ecosystem/,https://docs.kujolang.ai/build/,Build with Kujo,nav,200,https://docs.kujolang.ai/build/,0,rendered local route,,none
after,https://docs.kujolang.ai/ecosystem/,https://docs.kujolang.ai/ecosystem/providers/,Providers,nav,200,https://docs.kujolang.ai/ecosystem/providers/,0,rendered local route,,none
after,https://docs.kujolang.ai/ecosystem/,https://docs.kujolang.ai/tools/,Tools,nav,200,https://docs.kujolang.ai/tools/,0,rendered local route,,none
after,https://docs.kujolang.ai/ecosystem/,https://docs.kujolang.ai/showcases/,Showcases,nav,200,https://docs.kujolang.ai/showcases/,0,rendered local route,,none
after,https://docs.kujolang.ai/ecosystem/,https://docs.kujolang.ai/ecosystem/core-foundation/,Core / Foundation,main,200,https://docs.kujolang.ai/ecosystem/core-foundation/,0,rendered local route,,none
after,https://docs.kujolang.ai/ecosystem/,https://docs.kujolang.ai/ecosystem/core-foundation/,View foundation,main,200,https://docs.kujolang.ai/ecosystem/core-foundation/,0,rendered local route,,none
after,https://docs.kujolang.ai/ecosystem/,https://docs.kujolang.ai/ecosystem/primitives/,Primitives,main,200,https://docs.kujolang.ai/ecosystem/primitives/,0,rendered local route,,none
after,https://docs.kujolang.ai/ecosystem/,https://docs.kujolang.ai/ecosystem/primitives/,View primitives,main,200,https://docs.kujolang.ai/ecosystem/primitives/,0,rendered local route,,none
after,https://docs.kujolang.ai/ecosystem/,https://docs.kujolang.ai/ecosystem/providers/,Provider packages,main,200,https://docs.kujolang.ai/ecosystem/providers/,0,rendered local route,,none
after,https://docs.kujolang.ai/ecosystem/,https://docs.kujolang.ai/ecosystem/providers/,View providers,main,200,https://docs.kujolang.ai/ecosystem/providers/,0,rendered local route,,none
after,https://docs.kujolang.ai/ecosystem/,https://docs.kujolang.ai/ecosystem/tooling/,Tooling,main,200,https://docs.kujolang.ai/ecosystem/tooling/,0,rendered local route,,none
after,https://docs.kujolang.ai/ecosystem/,https://docs.kujolang.ai/ecosystem/tooling/,View tooling,main,200,https://docs.kujolang.ai/ecosystem/tooling/,0,rendered local route,,none
after,https://docs.kujolang.ai/ecosystem/,https://docs.kujolang.ai/ecosystem/showcases/,Showcases,main,200,https://docs.kujolang.ai/ecosystem/showcases/,0,rendered local route,,none
after,https://docs.kujolang.ai/ecosystem/,https://docs.kujolang.ai/ecosystem/showcases/,View showcases,main,200,https://docs.kujolang.ai/ecosystem/showcases/,0,rendered local route,,none
after,https://docs.kujolang.ai/ecosystem/,https://docs.kujolang.ai/reference/,Reference,nav,200,https://docs.kujolang.ai/reference/,0,rendered local route,,none
after,https://docs.kujolang.ai/ecosystem/,https://docs.kujolang.ai/support/,Support,nav,200,https://docs.kujolang.ai/support/,0,rendered local route,,none
after,https://docs.kujolang.ai/ecosystem/,https://docs.kujolang.ai/release-boundaries/,Release boundaries,nav,200,https://docs.kujolang.ai/release-boundaries/,0,rendered local route,,none
after,https://docs.kujolang.ai/ecosystem/,https://docs.kujolang.ai/llms.txt,llms.txt,nav,200,https://docs.kujolang.ai/llms.txt,0,rendered local route,,none
after,https://docs.kujolang.ai/ecosystem/primitives/,https://docs.kujolang.ai/,Docs,header,200,https://docs.kujolang.ai/,0,rendered local route,,none
after,https://docs.kujolang.ai/ecosystem/primitives/,https://docs.kujolang.ai/start-here/,Start here,nav,200,https://docs.kujolang.ai/start-here/,0,rendered local route,,none
after,https://docs.kujolang.ai/ecosystem/primitives/,https://docs.kujolang.ai/learn/,Learn Kujo,nav,200,https://docs.kujolang.ai/learn/,0,rendered local route,,none
after,https://docs.kujolang.ai/ecosystem/primitives/,https://docs.kujolang.ai/build/,Build with Kujo,nav,200,https://docs.kujolang.ai/build/,0,rendered local route,,none
after,https://docs.kujolang.ai/ecosystem/primitives/,https://docs.kujolang.ai/ecosystem/providers/,Providers,nav,200,https://docs.kujolang.ai/ecosystem/providers/,0,rendered local route,,none
after,https://docs.kujolang.ai/ecosystem/primitives/,https://docs.kujolang.ai/tools/,Tools,nav,200,https://docs.kujolang.ai/tools/,0,rendered local route,,none
after,https://docs.kujolang.ai/ecosystem/primitives/,https://docs.kujolang.ai/showcases/,Showcases,nav,200,https://docs.kujolang.ai/showcases/,0,rendered local route,,none
after,https://docs.kujolang.ai/ecosystem/primitives/,https://docs.kujolang.ai/start-here/,Start here,aside,200,https://docs.kujolang.ai/start-here/,0,rendered local route,,none
after,https://docs.kujolang.ai/ecosystem/primitives/,https://docs.kujolang.ai/install/,Install Kujo,aside,200,https://docs.kujolang.ai/install/,0,rendered local route,,none
after,https://docs.kujolang.ai/ecosystem/primitives/,https://docs.kujolang.ai/quickstart/,Quickstart,aside,200,https://docs.kujolang.ai/quickstart/,0,rendered local route,,none
after,https://docs.kujolang.ai/ecosystem/primitives/,https://docs.kujolang.ai/choose-a-path/,Choose a path,aside,200,https://docs.kujolang.ai/choose-a-path/,0,rendered local route,,none
after,https://docs.kujolang.ai/ecosystem/primitives/,https://docs.kujolang.ai/learn/,Learn Kujo,aside,200,https://docs.kujolang.ai/learn/,0,rendered local route,,none
after,https://docs.kujolang.ai/ecosystem/primitives/,https://docs.kujolang.ai/build/,Build with Kujo,aside,200,https://docs.kujolang.ai/build/,0,rendered local route,,none
after,https://docs.kujolang.ai/ecosystem/primitives/,https://docs.kujolang.ai/review/,Reviewable work,aside,200,https://docs.kujolang.ai/review/,0,rendered local route,,none
after,https://docs.kujolang.ai/ecosystem/primitives/,https://docs.kujolang.ai/tools/,Tools,aside,200,https://docs.kujolang.ai/tools/,0,rendered local route,,none
after,https://docs.kujolang.ai/ecosystem/primitives/,https://docs.kujolang.ai/showcases/,Showcases,aside,200,https://docs.kujolang.ai/showcases/,0,rendered local route,,none
after,https://docs.kujolang.ai/ecosystem/primitives/,https://docs.kujolang.ai/collections/,Collections,aside,200,https://docs.kujolang.ai/collections/,0,rendered local route,,none
after,https://docs.kujolang.ai/ecosystem/primitives/,https://docs.kujolang.ai/ecosystem/,Ecosystem,aside,200,https://docs.kujolang.ai/ecosystem/,0,rendered local route,,none
after,https://docs.kujolang.ai/ecosystem/primitives/,https://docs.kujolang.ai/reference/,Reference,aside,200,https://docs.kujolang.ai/reference/,0,rendered local route,,none
after,https://docs.kujolang.ai/ecosystem/primitives/,https://docs.kujolang.ai/security/,Security model,aside,200,https://docs.kujolang.ai/security/,0,rendered local route,,none
after,https://docs.kujolang.ai/ecosystem/primitives/,https://docs.kujolang.ai/release-boundaries/,Release boundaries,aside,200,https://docs.kujolang.ai/release-boundaries/,0,rendered local route,,none
after,https://docs.kujolang.ai/ecosystem/primitives/,https://docs.kujolang.ai/support/,Support,aside,200,https://docs.kujolang.ai/support/,0,rendered local route,,none
after,https://docs.kujolang.ai/ecosystem/primitives/,https://docs.kujolang.ai/tools/spec/,Spec,article,200,https://docs.kujolang.ai/tools/spec/,0,rendered local route,,none
after,https://docs.kujolang.ai/ecosystem/primitives/,https://docs.kujolang.ai/tools/eval/,Eval,article,200,https://docs.kujolang.ai/tools/eval/,0,rendered local route,,none
after,https://docs.kujolang.ai/ecosystem/primitives/,https://docs.kujolang.ai/tools/scout/,Scout,article,200,https://docs.kujolang.ai/tools/scout/,0,rendered local route,,none
after,https://docs.kujolang.ai/ecosystem/primitives/,https://docs.kujolang.ai/tools/dispatch/,Dispatch,article,200,https://docs.kujolang.ai/tools/dispatch/,0,rendered local route,,none
after,https://docs.kujolang.ai/ecosystem/primitives/,https://docs.kujolang.ai/tools/mcp/,MCP,article,200,https://docs.kujolang.ai/tools/mcp/,0,rendered local route,,none
after,https://docs.kujolang.ai/ecosystem/primitives/,https://docs.kujolang.ai/tools/rag/,RAG,article,200,https://docs.kujolang.ai/tools/rag/,0,rendered local route,,none
after,https://docs.kujolang.ai/ecosystem/primitives/,https://docs.kujolang.ai/tools/ai-sdk/,AI SDK,article,200,https://docs.kujolang.ai/tools/ai-sdk/,0,rendered local route,,none
after,https://docs.kujolang.ai/ecosystem/primitives/,https://docs.kujolang.ai/tools/agents-sdk/,Agents SDK,article,200,https://docs.kujolang.ai/tools/agents-sdk/,0,rendered local route,,none
after,https://docs.kujolang.ai/ecosystem/primitives/,https://docs.kujolang.ai/tools/scent/,Scent,article,200,https://docs.kujolang.ai/tools/scent/,0,rendered local route,,none
after,https://docs.kujolang.ai/ecosystem/primitives/,https://docs.kujolang.ai/tools/fence/,Fence,article,200,https://docs.kujolang.ai/tools/fence/,0,rendered local route,,none
after,https://docs.kujolang.ai/ecosystem/primitives/,https://docs.kujolang.ai/tools/watchdog/,Watchdog,article,200,https://docs.kujolang.ai/tools/watchdog/,0,rendered local route,,none
after,https://docs.kujolang.ai/ecosystem/primitives/,https://docs.kujolang.ai/tools/leash/,Leash,article,200,https://docs.kujolang.ai/tools/leash/,0,rendered local route,,none
after,https://docs.kujolang.ai/ecosystem/primitives/,https://docs.kujolang.ai/tools/redact/,Redact,article,200,https://docs.kujolang.ai/tools/redact/,0,rendered local route,,none
after,https://docs.kujolang.ai/ecosystem/primitives/,https://docs.kujolang.ai/tools/tribunal/,Tribunal,article,200,https://docs.kujolang.ai/tools/tribunal/,0,rendered local route,,none
after,https://docs.kujolang.ai/ecosystem/primitives/,https://docs.kujolang.ai/tools/relay/,Relay,article,200,https://docs.kujolang.ai/tools/relay/,0,rendered local route,,none
after,https://docs.kujolang.ai/ecosystem/primitives/,https://docs.kujolang.ai/tools/workcell/,Workcell,article,200,https://docs.kujolang.ai/tools/workcell/,0,rendered local route,,none
after,https://docs.kujolang.ai/ecosystem/primitives/,https://docs.kujolang.ai/reference/,Reference,nav,200,https://docs.kujolang.ai/reference/,0,rendered local route,,none
after,https://docs.kujolang.ai/ecosystem/primitives/,https://docs.kujolang.ai/support/,Support,nav,200,https://docs.kujolang.ai/support/,0,rendered local route,,none
after,https://docs.kujolang.ai/ecosystem/primitives/,https://docs.kujolang.ai/release-boundaries/,Release boundaries,nav,200,https://docs.kujolang.ai/release-boundaries/,0,rendered local route,,none
after,https://docs.kujolang.ai/ecosystem/primitives/,https://docs.kujolang.ai/llms.txt,llms.txt,nav,200,https://docs.kujolang.ai/llms.txt,0,rendered local route,,none
after,https://docs.kujolang.ai/ecosystem/providers/,https://docs.kujolang.ai/,Docs,header,200,https://docs.kujolang.ai/,0,rendered local route,,none
after,https://docs.kujolang.ai/ecosystem/providers/,https://docs.kujolang.ai/start-here/,Start here,nav,200,https://docs.kujolang.ai/start-here/,0,rendered local route,,none
after,https://docs.kujolang.ai/ecosystem/providers/,https://docs.kujolang.ai/learn/,Learn Kujo,nav,200,https://docs.kujolang.ai/learn/,0,rendered local route,,none
after,https://docs.kujolang.ai/ecosystem/providers/,https://docs.kujolang.ai/build/,Build with Kujo,nav,200,https://docs.kujolang.ai/build/,0,rendered local route,,none
after,https://docs.kujolang.ai/ecosystem/providers/,https://docs.kujolang.ai/ecosystem/providers/,Providers,nav,200,https://docs.kujolang.ai/ecosystem/providers/,0,rendered local route,,none
after,https://docs.kujolang.ai/ecosystem/providers/,https://docs.kujolang.ai/tools/,Tools,nav,200,https://docs.kujolang.ai/tools/,0,rendered local route,,none
after,https://docs.kujolang.ai/ecosystem/providers/,https://docs.kujolang.ai/showcases/,Showcases,nav,200,https://docs.kujolang.ai/showcases/,0,rendered local route,,none
after,https://docs.kujolang.ai/ecosystem/providers/,https://docs.kujolang.ai/start-here/,Start here,aside,200,https://docs.kujolang.ai/start-here/,0,rendered local route,,none
after,https://docs.kujolang.ai/ecosystem/providers/,https://docs.kujolang.ai/install/,Install Kujo,aside,200,https://docs.kujolang.ai/install/,0,rendered local route,,none
after,https://docs.kujolang.ai/ecosystem/providers/,https://docs.kujolang.ai/quickstart/,Quickstart,aside,200,https://docs.kujolang.ai/quickstart/,0,rendered local route,,none
after,https://docs.kujolang.ai/ecosystem/providers/,https://docs.kujolang.ai/choose-a-path/,Choose a path,aside,200,https://docs.kujolang.ai/choose-a-path/,0,rendered local route,,none
after,https://docs.kujolang.ai/ecosystem/providers/,https://docs.kujolang.ai/learn/,Learn Kujo,aside,200,https://docs.kujolang.ai/learn/,0,rendered local route,,none
after,https://docs.kujolang.ai/ecosystem/providers/,https://docs.kujolang.ai/build/,Build with Kujo,aside,200,https://docs.kujolang.ai/build/,0,rendered local route,,none
after,https://docs.kujolang.ai/ecosystem/providers/,https://docs.kujolang.ai/review/,Reviewable work,aside,200,https://docs.kujolang.ai/review/,0,rendered local route,,none
after,https://docs.kujolang.ai/ecosystem/providers/,https://docs.kujolang.ai/tools/,Tools,aside,200,https://docs.kujolang.ai/tools/,0,rendered local route,,none
after,https://docs.kujolang.ai/ecosystem/providers/,https://docs.kujolang.ai/showcases/,Showcases,aside,200,https://docs.kujolang.ai/showcases/,0,rendered local route,,none
after,https://docs.kujolang.ai/ecosystem/providers/,https://docs.kujolang.ai/collections/,Collections,aside,200,https://docs.kujolang.ai/collections/,0,rendered local route,,none
after,https://docs.kujolang.ai/ecosystem/providers/,https://docs.kujolang.ai/ecosystem/,Ecosystem,aside,200,https://docs.kujolang.ai/ecosystem/,0,rendered local route,,none
after,https://docs.kujolang.ai/ecosystem/providers/,https://docs.kujolang.ai/reference/,Reference,aside,200,https://docs.kujolang.ai/reference/,0,rendered local route,,none
after,https://docs.kujolang.ai/ecosystem/providers/,https://docs.kujolang.ai/security/,Security model,aside,200,https://docs.kujolang.ai/security/,0,rendered local route,,none
after,https://docs.kujolang.ai/ecosystem/providers/,https://docs.kujolang.ai/release-boundaries/,Release boundaries,aside,200,https://docs.kujolang.ai/release-boundaries/,0,rendered local route,,none
after,https://docs.kujolang.ai/ecosystem/providers/,https://docs.kujolang.ai/support/,Support,aside,200,https://docs.kujolang.ai/support/,0,rendered local route,,none
after,https://docs.kujolang.ai/ecosystem/providers/,https://docs.kujolang.ai/learn/packages/,Packages with Kennel,article,200,https://docs.kujolang.ai/learn/packages/,0,rendered local route,,none
after,https://docs.kujolang.ai/ecosystem/providers/,https://docs.kujolang.ai/tools/ai-sdk/,AI SDK,article,200,https://docs.kujolang.ai/tools/ai-sdk/,0,rendered local route,,none
after,https://docs.kujolang.ai/ecosystem/providers/,https://docs.kujolang.ai/learn/ai-runtime/,AI runtime basics,article,200,https://docs.kujolang.ai/learn/ai-runtime/,0,rendered local route,,none
after,https://docs.kujolang.ai/ecosystem/providers/,https://docs.kujolang.ai/learn/packages/,Packages with Kennel,article,200,https://docs.kujolang.ai/learn/packages/,0,rendered local route,,none
after,https://docs.kujolang.ai/ecosystem/providers/,https://docs.kujolang.ai/build/ai-and-agents/,AI and agents,article,200,https://docs.kujolang.ai/build/ai-and-agents/,0,rendered local route,,none
after,https://docs.kujolang.ai/ecosystem/providers/,https://docs.kujolang.ai/release-boundaries/,Release boundaries,article,200,https://docs.kujolang.ai/release-boundaries/,0,rendered local route,,none
after,https://docs.kujolang.ai/ecosystem/providers/,https://docs.kujolang.ai/learn/packages/,Previous,nav,200,https://docs.kujolang.ai/learn/packages/,0,rendered local route,prev,none
after,https://docs.kujolang.ai/ecosystem/providers/,https://docs.kujolang.ai/tools/ai-sdk/,Next,nav,200,https://docs.kujolang.ai/tools/ai-sdk/,0,rendered local route,next,none
after,https://docs.kujolang.ai/ecosystem/providers/,https://docs.kujolang.ai/reference/,Reference,nav,200,https://docs.kujolang.ai/reference/,0,rendered local route,,none
after,https://docs.kujolang.ai/ecosystem/providers/,https://docs.kujolang.ai/support/,Support,nav,200,https://docs.kujolang.ai/support/,0,rendered local route,,none
after,https://docs.kujolang.ai/ecosystem/providers/,https://docs.kujolang.ai/release-boundaries/,Release boundaries,nav,200,https://docs.kujolang.ai/release-boundaries/,0,rendered local route,,none
after,https://docs.kujolang.ai/ecosystem/providers/,https://docs.kujolang.ai/llms.txt,llms.txt,nav,200,https://docs.kujolang.ai/llms.txt,0,rendered local route,,none
after,https://docs.kujolang.ai/ecosystem/showcases/,https://docs.kujolang.ai/,Docs,header,200,https://docs.kujolang.ai/,0,rendered local route,,none
after,https://docs.kujolang.ai/ecosystem/showcases/,https://docs.kujolang.ai/start-here/,Start here,nav,200,https://docs.kujolang.ai/start-here/,0,rendered local route,,none
after,https://docs.kujolang.ai/ecosystem/showcases/,https://docs.kujolang.ai/learn/,Learn Kujo,nav,200,https://docs.kujolang.ai/learn/,0,rendered local route,,none
after,https://docs.kujolang.ai/ecosystem/showcases/,https://docs.kujolang.ai/build/,Build with Kujo,nav,200,https://docs.kujolang.ai/build/,0,rendered local route,,none
after,https://docs.kujolang.ai/ecosystem/showcases/,https://docs.kujolang.ai/ecosystem/providers/,Providers,nav,200,https://docs.kujolang.ai/ecosystem/providers/,0,rendered local route,,none
after,https://docs.kujolang.ai/ecosystem/showcases/,https://docs.kujolang.ai/tools/,Tools,nav,200,https://docs.kujolang.ai/tools/,0,rendered local route,,none
after,https://docs.kujolang.ai/ecosystem/showcases/,https://docs.kujolang.ai/showcases/,Showcases,nav,200,https://docs.kujolang.ai/showcases/,0,rendered local route,,none
after,https://docs.kujolang.ai/ecosystem/showcases/,https://docs.kujolang.ai/start-here/,Start here,aside,200,https://docs.kujolang.ai/start-here/,0,rendered local route,,none
after,https://docs.kujolang.ai/ecosystem/showcases/,https://docs.kujolang.ai/install/,Install Kujo,aside,200,https://docs.kujolang.ai/install/,0,rendered local route,,none
after,https://docs.kujolang.ai/ecosystem/showcases/,https://docs.kujolang.ai/quickstart/,Quickstart,aside,200,https://docs.kujolang.ai/quickstart/,0,rendered local route,,none
after,https://docs.kujolang.ai/ecosystem/showcases/,https://docs.kujolang.ai/choose-a-path/,Choose a path,aside,200,https://docs.kujolang.ai/choose-a-path/,0,rendered local route,,none
after,https://docs.kujolang.ai/ecosystem/showcases/,https://docs.kujolang.ai/learn/,Learn Kujo,aside,200,https://docs.kujolang.ai/learn/,0,rendered local route,,none
after,https://docs.kujolang.ai/ecosystem/showcases/,https://docs.kujolang.ai/build/,Build with Kujo,aside,200,https://docs.kujolang.ai/build/,0,rendered local route,,none
after,https://docs.kujolang.ai/ecosystem/showcases/,https://docs.kujolang.ai/review/,Reviewable work,aside,200,https://docs.kujolang.ai/review/,0,rendered local route,,none
after,https://docs.kujolang.ai/ecosystem/showcases/,https://docs.kujolang.ai/tools/,Tools,aside,200,https://docs.kujolang.ai/tools/,0,rendered local route,,none
after,https://docs.kujolang.ai/ecosystem/showcases/,https://docs.kujolang.ai/showcases/,Showcases,aside,200,https://docs.kujolang.ai/showcases/,0,rendered local route,,none
after,https://docs.kujolang.ai/ecosystem/showcases/,https://docs.kujolang.ai/collections/,Collections,aside,200,https://docs.kujolang.ai/collections/,0,rendered local route,,none
after,https://docs.kujolang.ai/ecosystem/showcases/,https://docs.kujolang.ai/ecosystem/,Ecosystem,aside,200,https://docs.kujolang.ai/ecosystem/,0,rendered local route,,none
after,https://docs.kujolang.ai/ecosystem/showcases/,https://docs.kujolang.ai/reference/,Reference,aside,200,https://docs.kujolang.ai/reference/,0,rendered local route,,none
after,https://docs.kujolang.ai/ecosystem/showcases/,https://docs.kujolang.ai/security/,Security model,aside,200,https://docs.kujolang.ai/security/,0,rendered local route,,none
after,https://docs.kujolang.ai/ecosystem/showcases/,https://docs.kujolang.ai/release-boundaries/,Release boundaries,aside,200,https://docs.kujolang.ai/release-boundaries/,0,rendered local route,,none
after,https://docs.kujolang.ai/ecosystem/showcases/,https://docs.kujolang.ai/support/,Support,aside,200,https://docs.kujolang.ai/support/,0,rendered local route,,none
after,https://docs.kujolang.ai/ecosystem/showcases/,https://docs.kujolang.ai/showcases/cms/,CMS,article,200,https://docs.kujolang.ai/showcases/cms/,0,rendered local route,,none
after,https://docs.kujolang.ai/ecosystem/showcases/,https://docs.kujolang.ai/showcases/crud-api/,CRUD API Showcase,article,200,https://docs.kujolang.ai/showcases/crud-api/,0,rendered local route,,none
after,https://docs.kujolang.ai/ecosystem/showcases/,https://docs.kujolang.ai/showcases/ai-chat/,AI Chat,article,200,https://docs.kujolang.ai/showcases/ai-chat/,0,rendered local route,,none
after,https://docs.kujolang.ai/ecosystem/showcases/,https://docs.kujolang.ai/showcases/ssg/,SSG,article,200,https://docs.kujolang.ai/showcases/ssg/,0,rendered local route,,none
after,https://docs.kujolang.ai/ecosystem/showcases/,https://docs.kujolang.ai/showcases/totalrecall/,TotalRecall,article,200,https://docs.kujolang.ai/showcases/totalrecall/,0,rendered local route,,none
after,https://docs.kujolang.ai/ecosystem/showcases/,https://docs.kujolang.ai/showcases/intake/,Intake,article,200,https://docs.kujolang.ai/showcases/intake/,0,rendered local route,,none
after,https://docs.kujolang.ai/ecosystem/showcases/,https://docs.kujolang.ai/showcases/cinch/,Cinch,article,200,https://docs.kujolang.ai/showcases/cinch/,0,rendered local route,,none
after,https://docs.kujolang.ai/ecosystem/showcases/,https://docs.kujolang.ai/reference/,Reference,nav,200,https://docs.kujolang.ai/reference/,0,rendered local route,,none
after,https://docs.kujolang.ai/ecosystem/showcases/,https://docs.kujolang.ai/support/,Support,nav,200,https://docs.kujolang.ai/support/,0,rendered local route,,none
after,https://docs.kujolang.ai/ecosystem/showcases/,https://docs.kujolang.ai/release-boundaries/,Release boundaries,nav,200,https://docs.kujolang.ai/release-boundaries/,0,rendered local route,,none
after,https://docs.kujolang.ai/ecosystem/showcases/,https://docs.kujolang.ai/llms.txt,llms.txt,nav,200,https://docs.kujolang.ai/llms.txt,0,rendered local route,,none
after,https://docs.kujolang.ai/ecosystem/tooling/,https://docs.kujolang.ai/,Docs,header,200,https://docs.kujolang.ai/,0,rendered local route,,none
after,https://docs.kujolang.ai/ecosystem/tooling/,https://docs.kujolang.ai/start-here/,Start here,nav,200,https://docs.kujolang.ai/start-here/,0,rendered local route,,none
after,https://docs.kujolang.ai/ecosystem/tooling/,https://docs.kujolang.ai/learn/,Learn Kujo,nav,200,https://docs.kujolang.ai/learn/,0,rendered local route,,none
after,https://docs.kujolang.ai/ecosystem/tooling/,https://docs.kujolang.ai/build/,Build with Kujo,nav,200,https://docs.kujolang.ai/build/,0,rendered local route,,none
after,https://docs.kujolang.ai/ecosystem/tooling/,https://docs.kujolang.ai/ecosystem/providers/,Providers,nav,200,https://docs.kujolang.ai/ecosystem/providers/,0,rendered local route,,none
after,https://docs.kujolang.ai/ecosystem/tooling/,https://docs.kujolang.ai/tools/,Tools,nav,200,https://docs.kujolang.ai/tools/,0,rendered local route,,none
after,https://docs.kujolang.ai/ecosystem/tooling/,https://docs.kujolang.ai/showcases/,Showcases,nav,200,https://docs.kujolang.ai/showcases/,0,rendered local route,,none
after,https://docs.kujolang.ai/ecosystem/tooling/,https://docs.kujolang.ai/start-here/,Start here,aside,200,https://docs.kujolang.ai/start-here/,0,rendered local route,,none
after,https://docs.kujolang.ai/ecosystem/tooling/,https://docs.kujolang.ai/install/,Install Kujo,aside,200,https://docs.kujolang.ai/install/,0,rendered local route,,none
after,https://docs.kujolang.ai/ecosystem/tooling/,https://docs.kujolang.ai/quickstart/,Quickstart,aside,200,https://docs.kujolang.ai/quickstart/,0,rendered local route,,none
after,https://docs.kujolang.ai/ecosystem/tooling/,https://docs.kujolang.ai/choose-a-path/,Choose a path,aside,200,https://docs.kujolang.ai/choose-a-path/,0,rendered local route,,none
after,https://docs.kujolang.ai/ecosystem/tooling/,https://docs.kujolang.ai/learn/,Learn Kujo,aside,200,https://docs.kujolang.ai/learn/,0,rendered local route,,none
after,https://docs.kujolang.ai/ecosystem/tooling/,https://docs.kujolang.ai/build/,Build with Kujo,aside,200,https://docs.kujolang.ai/build/,0,rendered local route,,none
after,https://docs.kujolang.ai/ecosystem/tooling/,https://docs.kujolang.ai/review/,Reviewable work,aside,200,https://docs.kujolang.ai/review/,0,rendered local route,,none
after,https://docs.kujolang.ai/ecosystem/tooling/,https://docs.kujolang.ai/tools/,Tools,aside,200,https://docs.kujolang.ai/tools/,0,rendered local route,,none
after,https://docs.kujolang.ai/ecosystem/tooling/,https://docs.kujolang.ai/showcases/,Showcases,aside,200,https://docs.kujolang.ai/showcases/,0,rendered local route,,none
after,https://docs.kujolang.ai/ecosystem/tooling/,https://docs.kujolang.ai/collections/,Collections,aside,200,https://docs.kujolang.ai/collections/,0,rendered local route,,none
after,https://docs.kujolang.ai/ecosystem/tooling/,https://docs.kujolang.ai/ecosystem/,Ecosystem,aside,200,https://docs.kujolang.ai/ecosystem/,0,rendered local route,,none
after,https://docs.kujolang.ai/ecosystem/tooling/,https://docs.kujolang.ai/reference/,Reference,aside,200,https://docs.kujolang.ai/reference/,0,rendered local route,,none
after,https://docs.kujolang.ai/ecosystem/tooling/,https://docs.kujolang.ai/security/,Security model,aside,200,https://docs.kujolang.ai/security/,0,rendered local route,,none
after,https://docs.kujolang.ai/ecosystem/tooling/,https://docs.kujolang.ai/release-boundaries/,Release boundaries,aside,200,https://docs.kujolang.ai/release-boundaries/,0,rendered local route,,none
after,https://docs.kujolang.ai/ecosystem/tooling/,https://docs.kujolang.ai/support/,Support,aside,200,https://docs.kujolang.ai/support/,0,rendered local route,,none
after,https://docs.kujolang.ai/ecosystem/tooling/,https://docs.kujolang.ai/tools/muzzle/,Muzzle,article,200,https://docs.kujolang.ai/tools/muzzle/,0,rendered local route,,none
after,https://docs.kujolang.ai/ecosystem/tooling/,https://docs.kujolang.ai/tools/runledger/,RunLedger,article,200,https://docs.kujolang.ai/tools/runledger/,0,rendered local route,,none
after,https://docs.kujolang.ai/ecosystem/tooling/,https://docs.kujolang.ai/tools/changebucket/,ChangeBucket,article,200,https://docs.kujolang.ai/tools/changebucket/,0,rendered local route,,none
after,https://docs.kujolang.ai/ecosystem/tooling/,https://docs.kujolang.ai/tools/patchbrief/,PatchBrief,article,200,https://docs.kujolang.ai/tools/patchbrief/,0,rendered local route,,none
after,https://docs.kujolang.ai/ecosystem/tooling/,https://docs.kujolang.ai/tools/concord/,Concord,article,200,https://docs.kujolang.ai/tools/concord/,0,rendered local route,,none
after,https://docs.kujolang.ai/ecosystem/tooling/,https://docs.kujolang.ai/tools/shipcheck/,ShipCheck,article,200,https://docs.kujolang.ai/tools/shipcheck/,0,rendered local route,,none
after,https://docs.kujolang.ai/ecosystem/tooling/,https://docs.kujolang.ai/tools/packwrite/,PackWrite,article,200,https://docs.kujolang.ai/tools/packwrite/,0,rendered local route,,none
after,https://docs.kujolang.ai/ecosystem/tooling/,https://docs.kujolang.ai/tools/casefile/,CaseFile,article,200,https://docs.kujolang.ai/tools/casefile/,0,rendered local route,,none
after,https://docs.kujolang.ai/ecosystem/tooling/,https://docs.kujolang.ai/tools/lens/,Lens,article,200,https://docs.kujolang.ai/tools/lens/,0,rendered local route,,none
after,https://docs.kujolang.ai/ecosystem/tooling/,https://docs.kujolang.ai/tools/ward/,Ward,article,200,https://docs.kujolang.ai/tools/ward/,0,rendered local route,,none
after,https://docs.kujolang.ai/ecosystem/tooling/,https://docs.kujolang.ai/tools/howl/,Howl,article,200,https://docs.kujolang.ai/tools/howl/,0,rendered local route,,none
after,https://docs.kujolang.ai/ecosystem/tooling/,https://docs.kujolang.ai/tools/paperclip/,Kujo for Paperclip,article,200,https://docs.kujolang.ai/tools/paperclip/,0,rendered local route,,none
after,https://docs.kujolang.ai/ecosystem/tooling/,https://docs.kujolang.ai/tools/site-kit/,SiteKit,article,200,https://docs.kujolang.ai/tools/site-kit/,0,rendered local route,,none
after,https://docs.kujolang.ai/ecosystem/tooling/,https://docs.kujolang.ai/tools/commerce/,Commerce,article,200,https://docs.kujolang.ai/tools/commerce/,0,rendered local route,,none
after,https://docs.kujolang.ai/ecosystem/tooling/,https://docs.kujolang.ai/tools/siteprobe/,SiteProbe,article,200,https://docs.kujolang.ai/tools/siteprobe/,0,rendered local route,,none
after,https://docs.kujolang.ai/ecosystem/tooling/,https://docs.kujolang.ai/tools/searchbridge/,SearchBridge,article,200,https://docs.kujolang.ai/tools/searchbridge/,0,rendered local route,,none
after,https://docs.kujolang.ai/ecosystem/tooling/,https://docs.kujolang.ai/tools/contentgraph/,ContentGraph,article,200,https://docs.kujolang.ai/tools/contentgraph/,0,rendered local route,,none
after,https://docs.kujolang.ai/ecosystem/tooling/,https://docs.kujolang.ai/tools/storydesk/,StoryDesk,article,200,https://docs.kujolang.ai/tools/storydesk/,0,rendered local route,,none
after,https://docs.kujolang.ai/ecosystem/tooling/,https://docs.kujolang.ai/tools/dossier/,Dossier,article,200,https://docs.kujolang.ai/tools/dossier/,0,rendered local route,,none
after,https://docs.kujolang.ai/ecosystem/tooling/,https://docs.kujolang.ai/tools/bluepencil/,BluePencil,article,200,https://docs.kujolang.ai/tools/bluepencil/,0,rendered local route,,none
after,https://docs.kujolang.ai/ecosystem/tooling/,https://docs.kujolang.ai/tools/galleypack/,GalleyPack,article,200,https://docs.kujolang.ai/tools/galleypack/,0,rendered local route,,none
after,https://docs.kujolang.ai/ecosystem/tooling/,https://docs.kujolang.ai/tools/assetworks/,AssetWorks,article,200,https://docs.kujolang.ai/tools/assetworks/,0,rendered local route,,none
after,https://docs.kujolang.ai/ecosystem/tooling/,https://docs.kujolang.ai/tools/versionseal/,VersionSeal,article,200,https://docs.kujolang.ai/tools/versionseal/,0,rendered local route,,none
after,https://docs.kujolang.ai/ecosystem/tooling/,https://docs.kujolang.ai/tools/presswire/,PressWire,article,200,https://docs.kujolang.ai/tools/presswire/,0,rendered local route,,none
after,https://docs.kujolang.ai/ecosystem/tooling/,https://docs.kujolang.ai/tools/readersignal/,ReaderSignal,article,200,https://docs.kujolang.ai/tools/readersignal/,0,rendered local route,,none
after,https://docs.kujolang.ai/ecosystem/tooling/,https://docs.kujolang.ai/reference/,Reference,nav,200,https://docs.kujolang.ai/reference/,0,rendered local route,,none
after,https://docs.kujolang.ai/ecosystem/tooling/,https://docs.kujolang.ai/support/,Support,nav,200,https://docs.kujolang.ai/support/,0,rendered local route,,none
after,https://docs.kujolang.ai/ecosystem/tooling/,https://docs.kujolang.ai/release-boundaries/,Release boundaries,nav,200,https://docs.kujolang.ai/release-boundaries/,0,rendered local route,,none
after,https://docs.kujolang.ai/ecosystem/tooling/,https://docs.kujolang.ai/llms.txt,llms.txt,nav,200,https://docs.kujolang.ai/llms.txt,0,rendered local route,,none
after,https://docs.kujolang.ai/install/,https://docs.kujolang.ai/,Docs,header,200,https://docs.kujolang.ai/,0,rendered local route,,none
after,https://docs.kujolang.ai/install/,https://docs.kujolang.ai/start-here/,Start here,nav,200,https://docs.kujolang.ai/start-here/,0,rendered local route,,none
after,https://docs.kujolang.ai/install/,https://docs.kujolang.ai/learn/,Learn Kujo,nav,200,https://docs.kujolang.ai/learn/,0,rendered local route,,none
after,https://docs.kujolang.ai/install/,https://docs.kujolang.ai/build/,Build with Kujo,nav,200,https://docs.kujolang.ai/build/,0,rendered local route,,none
after,https://docs.kujolang.ai/install/,https://docs.kujolang.ai/ecosystem/providers/,Providers,nav,200,https://docs.kujolang.ai/ecosystem/providers/,0,rendered local route,,none
after,https://docs.kujolang.ai/install/,https://docs.kujolang.ai/tools/,Tools,nav,200,https://docs.kujolang.ai/tools/,0,rendered local route,,none
after,https://docs.kujolang.ai/install/,https://docs.kujolang.ai/showcases/,Showcases,nav,200,https://docs.kujolang.ai/showcases/,0,rendered local route,,none
after,https://docs.kujolang.ai/install/,https://docs.kujolang.ai/start-here/,Start here,aside,200,https://docs.kujolang.ai/start-here/,0,rendered local route,,none
after,https://docs.kujolang.ai/install/,https://docs.kujolang.ai/install/,Install Kujo,aside,200,https://docs.kujolang.ai/install/,0,rendered local route,,none
after,https://docs.kujolang.ai/install/,https://docs.kujolang.ai/quickstart/,Quickstart,aside,200,https://docs.kujolang.ai/quickstart/,0,rendered local route,,none
after,https://docs.kujolang.ai/install/,https://docs.kujolang.ai/choose-a-path/,Choose a path,aside,200,https://docs.kujolang.ai/choose-a-path/,0,rendered local route,,none
after,https://docs.kujolang.ai/install/,https://docs.kujolang.ai/learn/,Learn Kujo,aside,200,https://docs.kujolang.ai/learn/,0,rendered local route,,none
after,https://docs.kujolang.ai/install/,https://docs.kujolang.ai/build/,Build with Kujo,aside,200,https://docs.kujolang.ai/build/,0,rendered local route,,none
after,https://docs.kujolang.ai/install/,https://docs.kujolang.ai/ecosystem/providers/,Provider packages,aside,200,https://docs.kujolang.ai/ecosystem/providers/,0,rendered local route,,none
after,https://docs.kujolang.ai/install/,https://docs.kujolang.ai/review/,Reviewable work,aside,200,https://docs.kujolang.ai/review/,0,rendered local route,,none
after,https://docs.kujolang.ai/install/,https://docs.kujolang.ai/tools/,Tools,aside,200,https://docs.kujolang.ai/tools/,0,rendered local route,,none
after,https://docs.kujolang.ai/install/,https://docs.kujolang.ai/showcases/,Showcases,aside,200,https://docs.kujolang.ai/showcases/,0,rendered local route,,none
after,https://docs.kujolang.ai/install/,https://docs.kujolang.ai/collections/,Collections,aside,200,https://docs.kujolang.ai/collections/,0,rendered local route,,none
after,https://docs.kujolang.ai/install/,https://docs.kujolang.ai/ecosystem/,Ecosystem,aside,200,https://docs.kujolang.ai/ecosystem/,0,rendered local route,,none
after,https://docs.kujolang.ai/install/,https://docs.kujolang.ai/reference/,Reference,aside,200,https://docs.kujolang.ai/reference/,0,rendered local route,,none
after,https://docs.kujolang.ai/install/,https://docs.kujolang.ai/security/,Security model,aside,200,https://docs.kujolang.ai/security/,0,rendered local route,,none
after,https://docs.kujolang.ai/install/,https://docs.kujolang.ai/release-boundaries/,Release boundaries,aside,200,https://docs.kujolang.ai/release-boundaries/,0,rendered local route,,none
after,https://docs.kujolang.ai/install/,https://docs.kujolang.ai/support/,Support,aside,200,https://docs.kujolang.ai/support/,0,rendered local route,,none
after,https://docs.kujolang.ai/install/,https://docs.kujolang.ai/build/owned-agent-projects/,Repository-owned Agent Projects,article,200,https://docs.kujolang.ai/build/owned-agent-projects/,0,rendered local route,,none
after,https://docs.kujolang.ai/install/,https://docs.kujolang.ai/start-here/,Previous,nav,200,https://docs.kujolang.ai/start-here/,0,rendered local route,prev,none
after,https://docs.kujolang.ai/install/,https://docs.kujolang.ai/quickstart/,Next,nav,200,https://docs.kujolang.ai/quickstart/,0,rendered local route,next,none
after,https://docs.kujolang.ai/install/,https://docs.kujolang.ai/reference/,Reference,nav,200,https://docs.kujolang.ai/reference/,0,rendered local route,,none
after,https://docs.kujolang.ai/install/,https://docs.kujolang.ai/support/,Support,nav,200,https://docs.kujolang.ai/support/,0,rendered local route,,none
after,https://docs.kujolang.ai/install/,https://docs.kujolang.ai/release-boundaries/,Release boundaries,nav,200,https://docs.kujolang.ai/release-boundaries/,0,rendered local route,,none
after,https://docs.kujolang.ai/install/,https://docs.kujolang.ai/llms.txt,llms.txt,nav,200,https://docs.kujolang.ai/llms.txt,0,rendered local route,,none
after,https://docs.kujolang.ai/learn/ai-runtime/,https://docs.kujolang.ai/,Docs,header,200,https://docs.kujolang.ai/,0,rendered local route,,none
after,https://docs.kujolang.ai/learn/ai-runtime/,https://docs.kujolang.ai/start-here/,Start here,nav,200,https://docs.kujolang.ai/start-here/,0,rendered local route,,none
after,https://docs.kujolang.ai/learn/ai-runtime/,https://docs.kujolang.ai/learn/,Learn Kujo,nav,200,https://docs.kujolang.ai/learn/,0,rendered local route,,none
after,https://docs.kujolang.ai/learn/ai-runtime/,https://docs.kujolang.ai/build/,Build with Kujo,nav,200,https://docs.kujolang.ai/build/,0,rendered local route,,none
after,https://docs.kujolang.ai/learn/ai-runtime/,https://docs.kujolang.ai/ecosystem/providers/,Providers,nav,200,https://docs.kujolang.ai/ecosystem/providers/,0,rendered local route,,none
after,https://docs.kujolang.ai/learn/ai-runtime/,https://docs.kujolang.ai/tools/,Tools,nav,200,https://docs.kujolang.ai/tools/,0,rendered local route,,none
after,https://docs.kujolang.ai/learn/ai-runtime/,https://docs.kujolang.ai/showcases/,Showcases,nav,200,https://docs.kujolang.ai/showcases/,0,rendered local route,,none
after,https://docs.kujolang.ai/learn/ai-runtime/,https://docs.kujolang.ai/start-here/,Start here,aside,200,https://docs.kujolang.ai/start-here/,0,rendered local route,,none
after,https://docs.kujolang.ai/learn/ai-runtime/,https://docs.kujolang.ai/install/,Install Kujo,aside,200,https://docs.kujolang.ai/install/,0,rendered local route,,none
after,https://docs.kujolang.ai/learn/ai-runtime/,https://docs.kujolang.ai/quickstart/,Quickstart,aside,200,https://docs.kujolang.ai/quickstart/,0,rendered local route,,none
after,https://docs.kujolang.ai/learn/ai-runtime/,https://docs.kujolang.ai/choose-a-path/,Choose a path,aside,200,https://docs.kujolang.ai/choose-a-path/,0,rendered local route,,none
after,https://docs.kujolang.ai/learn/ai-runtime/,https://docs.kujolang.ai/learn/,Learn Kujo,aside,200,https://docs.kujolang.ai/learn/,0,rendered local route,,none
after,https://docs.kujolang.ai/learn/ai-runtime/,https://docs.kujolang.ai/build/,Build with Kujo,aside,200,https://docs.kujolang.ai/build/,0,rendered local route,,none
after,https://docs.kujolang.ai/learn/ai-runtime/,https://docs.kujolang.ai/review/,Reviewable work,aside,200,https://docs.kujolang.ai/review/,0,rendered local route,,none
after,https://docs.kujolang.ai/learn/ai-runtime/,https://docs.kujolang.ai/tools/,Tools,aside,200,https://docs.kujolang.ai/tools/,0,rendered local route,,none
after,https://docs.kujolang.ai/learn/ai-runtime/,https://docs.kujolang.ai/showcases/,Showcases,aside,200,https://docs.kujolang.ai/showcases/,0,rendered local route,,none
after,https://docs.kujolang.ai/learn/ai-runtime/,https://docs.kujolang.ai/collections/,Collections,aside,200,https://docs.kujolang.ai/collections/,0,rendered local route,,none
after,https://docs.kujolang.ai/learn/ai-runtime/,https://docs.kujolang.ai/ecosystem/,Ecosystem,aside,200,https://docs.kujolang.ai/ecosystem/,0,rendered local route,,none
after,https://docs.kujolang.ai/learn/ai-runtime/,https://docs.kujolang.ai/reference/,Reference,aside,200,https://docs.kujolang.ai/reference/,0,rendered local route,,none
after,https://docs.kujolang.ai/learn/ai-runtime/,https://docs.kujolang.ai/security/,Security model,aside,200,https://docs.kujolang.ai/security/,0,rendered local route,,none
after,https://docs.kujolang.ai/learn/ai-runtime/,https://docs.kujolang.ai/release-boundaries/,Release boundaries,aside,200,https://docs.kujolang.ai/release-boundaries/,0,rendered local route,,none
after,https://docs.kujolang.ai/learn/ai-runtime/,https://docs.kujolang.ai/support/,Support,aside,200,https://docs.kujolang.ai/support/,0,rendered local route,,none
after,https://docs.kujolang.ai/learn/ai-runtime/,https://docs.kujolang.ai/tools/ai-sdk/,AI SDK,article,200,https://docs.kujolang.ai/tools/ai-sdk/,0,rendered local route,,none
after,https://docs.kujolang.ai/learn/ai-runtime/,https://docs.kujolang.ai/tools/agents-sdk/,Agents SDK,article,200,https://docs.kujolang.ai/tools/agents-sdk/,0,rendered local route,,none
after,https://docs.kujolang.ai/learn/ai-runtime/,https://docs.kujolang.ai/learn/editor-support/,Previous,nav,200,https://docs.kujolang.ai/learn/editor-support/,0,rendered local route,prev,none
after,https://docs.kujolang.ai/learn/ai-runtime/,https://docs.kujolang.ai/build/ai-and-agents/,Next,nav,200,https://docs.kujolang.ai/build/ai-and-agents/,0,rendered local route,next,none
after,https://docs.kujolang.ai/learn/ai-runtime/,https://docs.kujolang.ai/reference/,Reference,nav,200,https://docs.kujolang.ai/reference/,0,rendered local route,,none
after,https://docs.kujolang.ai/learn/ai-runtime/,https://docs.kujolang.ai/support/,Support,nav,200,https://docs.kujolang.ai/support/,0,rendered local route,,none
after,https://docs.kujolang.ai/learn/ai-runtime/,https://docs.kujolang.ai/release-boundaries/,Release boundaries,nav,200,https://docs.kujolang.ai/release-boundaries/,0,rendered local route,,none
after,https://docs.kujolang.ai/learn/ai-runtime/,https://docs.kujolang.ai/llms.txt,llms.txt,nav,200,https://docs.kujolang.ai/llms.txt,0,rendered local route,,none
after,https://docs.kujolang.ai/learn/capabilities/,https://docs.kujolang.ai/,Docs,header,200,https://docs.kujolang.ai/,0,rendered local route,,none
after,https://docs.kujolang.ai/learn/capabilities/,https://docs.kujolang.ai/start-here/,Start here,nav,200,https://docs.kujolang.ai/start-here/,0,rendered local route,,none
after,https://docs.kujolang.ai/learn/capabilities/,https://docs.kujolang.ai/learn/,Learn Kujo,nav,200,https://docs.kujolang.ai/learn/,0,rendered local route,,none
after,https://docs.kujolang.ai/learn/capabilities/,https://docs.kujolang.ai/build/,Build with Kujo,nav,200,https://docs.kujolang.ai/build/,0,rendered local route,,none
after,https://docs.kujolang.ai/learn/capabilities/,https://docs.kujolang.ai/ecosystem/providers/,Providers,nav,200,https://docs.kujolang.ai/ecosystem/providers/,0,rendered local route,,none
after,https://docs.kujolang.ai/learn/capabilities/,https://docs.kujolang.ai/tools/,Tools,nav,200,https://docs.kujolang.ai/tools/,0,rendered local route,,none
after,https://docs.kujolang.ai/learn/capabilities/,https://docs.kujolang.ai/showcases/,Showcases,nav,200,https://docs.kujolang.ai/showcases/,0,rendered local route,,none
after,https://docs.kujolang.ai/learn/capabilities/,https://docs.kujolang.ai/start-here/,Start here,aside,200,https://docs.kujolang.ai/start-here/,0,rendered local route,,none
after,https://docs.kujolang.ai/learn/capabilities/,https://docs.kujolang.ai/install/,Install Kujo,aside,200,https://docs.kujolang.ai/install/,0,rendered local route,,none
after,https://docs.kujolang.ai/learn/capabilities/,https://docs.kujolang.ai/quickstart/,Quickstart,aside,200,https://docs.kujolang.ai/quickstart/,0,rendered local route,,none
after,https://docs.kujolang.ai/learn/capabilities/,https://docs.kujolang.ai/choose-a-path/,Choose a path,aside,200,https://docs.kujolang.ai/choose-a-path/,0,rendered local route,,none
after,https://docs.kujolang.ai/learn/capabilities/,https://docs.kujolang.ai/learn/,Learn Kujo,aside,200,https://docs.kujolang.ai/learn/,0,rendered local route,,none
after,https://docs.kujolang.ai/learn/capabilities/,https://docs.kujolang.ai/build/,Build with Kujo,aside,200,https://docs.kujolang.ai/build/,0,rendered local route,,none
after,https://docs.kujolang.ai/learn/capabilities/,https://docs.kujolang.ai/review/,Reviewable work,aside,200,https://docs.kujolang.ai/review/,0,rendered local route,,none
after,https://docs.kujolang.ai/learn/capabilities/,https://docs.kujolang.ai/tools/,Tools,aside,200,https://docs.kujolang.ai/tools/,0,rendered local route,,none
after,https://docs.kujolang.ai/learn/capabilities/,https://docs.kujolang.ai/showcases/,Showcases,aside,200,https://docs.kujolang.ai/showcases/,0,rendered local route,,none
after,https://docs.kujolang.ai/learn/capabilities/,https://docs.kujolang.ai/collections/,Collections,aside,200,https://docs.kujolang.ai/collections/,0,rendered local route,,none
after,https://docs.kujolang.ai/learn/capabilities/,https://docs.kujolang.ai/ecosystem/,Ecosystem,aside,200,https://docs.kujolang.ai/ecosystem/,0,rendered local route,,none
after,https://docs.kujolang.ai/learn/capabilities/,https://docs.kujolang.ai/reference/,Reference,aside,200,https://docs.kujolang.ai/reference/,0,rendered local route,,none
after,https://docs.kujolang.ai/learn/capabilities/,https://docs.kujolang.ai/security/,Security model,aside,200,https://docs.kujolang.ai/security/,0,rendered local route,,none
after,https://docs.kujolang.ai/learn/capabilities/,https://docs.kujolang.ai/release-boundaries/,Release boundaries,aside,200,https://docs.kujolang.ai/release-boundaries/,0,rendered local route,,none
after,https://docs.kujolang.ai/learn/capabilities/,https://docs.kujolang.ai/support/,Support,aside,200,https://docs.kujolang.ai/support/,0,rendered local route,,none
after,https://docs.kujolang.ai/learn/capabilities/,https://docs.kujolang.ai/security/,security model,article,200,https://docs.kujolang.ai/security/,0,rendered local route,,none
after,https://docs.kujolang.ai/learn/capabilities/,https://docs.kujolang.ai/learn/runtime/,Previous,nav,200,https://docs.kujolang.ai/learn/runtime/,0,rendered local route,prev,none
after,https://docs.kujolang.ai/learn/capabilities/,https://docs.kujolang.ai/learn/packages/,Next,nav,200,https://docs.kujolang.ai/learn/packages/,0,rendered local route,next,none
after,https://docs.kujolang.ai/learn/capabilities/,https://docs.kujolang.ai/reference/,Reference,nav,200,https://docs.kujolang.ai/reference/,0,rendered local route,,none
after,https://docs.kujolang.ai/learn/capabilities/,https://docs.kujolang.ai/support/,Support,nav,200,https://docs.kujolang.ai/support/,0,rendered local route,,none
after,https://docs.kujolang.ai/learn/capabilities/,https://docs.kujolang.ai/release-boundaries/,Release boundaries,nav,200,https://docs.kujolang.ai/release-boundaries/,0,rendered local route,,none
after,https://docs.kujolang.ai/learn/capabilities/,https://docs.kujolang.ai/llms.txt,llms.txt,nav,200,https://docs.kujolang.ai/llms.txt,0,rendered local route,,none
after,https://docs.kujolang.ai/learn/editor-support/,https://docs.kujolang.ai/,Docs,header,200,https://docs.kujolang.ai/,0,rendered local route,,none
after,https://docs.kujolang.ai/learn/editor-support/,https://docs.kujolang.ai/start-here/,Start here,nav,200,https://docs.kujolang.ai/start-here/,0,rendered local route,,none
after,https://docs.kujolang.ai/learn/editor-support/,https://docs.kujolang.ai/learn/,Learn Kujo,nav,200,https://docs.kujolang.ai/learn/,0,rendered local route,,none
after,https://docs.kujolang.ai/learn/editor-support/,https://docs.kujolang.ai/build/,Build with Kujo,nav,200,https://docs.kujolang.ai/build/,0,rendered local route,,none
after,https://docs.kujolang.ai/learn/editor-support/,https://docs.kujolang.ai/ecosystem/providers/,Providers,nav,200,https://docs.kujolang.ai/ecosystem/providers/,0,rendered local route,,none
after,https://docs.kujolang.ai/learn/editor-support/,https://docs.kujolang.ai/tools/,Tools,nav,200,https://docs.kujolang.ai/tools/,0,rendered local route,,none
after,https://docs.kujolang.ai/learn/editor-support/,https://docs.kujolang.ai/showcases/,Showcases,nav,200,https://docs.kujolang.ai/showcases/,0,rendered local route,,none
after,https://docs.kujolang.ai/learn/editor-support/,https://docs.kujolang.ai/start-here/,Start here,aside,200,https://docs.kujolang.ai/start-here/,0,rendered local route,,none
after,https://docs.kujolang.ai/learn/editor-support/,https://docs.kujolang.ai/install/,Install Kujo,aside,200,https://docs.kujolang.ai/install/,0,rendered local route,,none
after,https://docs.kujolang.ai/learn/editor-support/,https://docs.kujolang.ai/quickstart/,Quickstart,aside,200,https://docs.kujolang.ai/quickstart/,0,rendered local route,,none
after,https://docs.kujolang.ai/learn/editor-support/,https://docs.kujolang.ai/choose-a-path/,Choose a path,aside,200,https://docs.kujolang.ai/choose-a-path/,0,rendered local route,,none
after,https://docs.kujolang.ai/learn/editor-support/,https://docs.kujolang.ai/learn/,Learn Kujo,aside,200,https://docs.kujolang.ai/learn/,0,rendered local route,,none
after,https://docs.kujolang.ai/learn/editor-support/,https://docs.kujolang.ai/build/,Build with Kujo,aside,200,https://docs.kujolang.ai/build/,0,rendered local route,,none
after,https://docs.kujolang.ai/learn/editor-support/,https://docs.kujolang.ai/review/,Reviewable work,aside,200,https://docs.kujolang.ai/review/,0,rendered local route,,none
after,https://docs.kujolang.ai/learn/editor-support/,https://docs.kujolang.ai/tools/,Tools,aside,200,https://docs.kujolang.ai/tools/,0,rendered local route,,none
after,https://docs.kujolang.ai/learn/editor-support/,https://docs.kujolang.ai/showcases/,Showcases,aside,200,https://docs.kujolang.ai/showcases/,0,rendered local route,,none
after,https://docs.kujolang.ai/learn/editor-support/,https://docs.kujolang.ai/collections/,Collections,aside,200,https://docs.kujolang.ai/collections/,0,rendered local route,,none
after,https://docs.kujolang.ai/learn/editor-support/,https://docs.kujolang.ai/ecosystem/,Ecosystem,aside,200,https://docs.kujolang.ai/ecosystem/,0,rendered local route,,none
after,https://docs.kujolang.ai/learn/editor-support/,https://docs.kujolang.ai/reference/,Reference,aside,200,https://docs.kujolang.ai/reference/,0,rendered local route,,none
after,https://docs.kujolang.ai/learn/editor-support/,https://docs.kujolang.ai/security/,Security model,aside,200,https://docs.kujolang.ai/security/,0,rendered local route,,none
after,https://docs.kujolang.ai/learn/editor-support/,https://docs.kujolang.ai/release-boundaries/,Release boundaries,aside,200,https://docs.kujolang.ai/release-boundaries/,0,rendered local route,,none
after,https://docs.kujolang.ai/learn/editor-support/,https://docs.kujolang.ai/support/,Support,aside,200,https://docs.kujolang.ai/support/,0,rendered local route,,none
after,https://docs.kujolang.ai/learn/editor-support/,https://docs.kujolang.ai/learn/packages/,Previous,nav,200,https://docs.kujolang.ai/learn/packages/,0,rendered local route,prev,none
after,https://docs.kujolang.ai/learn/editor-support/,https://docs.kujolang.ai/learn/ai-runtime/,Next,nav,200,https://docs.kujolang.ai/learn/ai-runtime/,0,rendered local route,next,none
after,https://docs.kujolang.ai/learn/editor-support/,https://docs.kujolang.ai/reference/,Reference,nav,200,https://docs.kujolang.ai/reference/,0,rendered local route,,none
after,https://docs.kujolang.ai/learn/editor-support/,https://docs.kujolang.ai/support/,Support,nav,200,https://docs.kujolang.ai/support/,0,rendered local route,,none
after,https://docs.kujolang.ai/learn/editor-support/,https://docs.kujolang.ai/release-boundaries/,Release boundaries,nav,200,https://docs.kujolang.ai/release-boundaries/,0,rendered local route,,none
after,https://docs.kujolang.ai/learn/editor-support/,https://docs.kujolang.ai/llms.txt,llms.txt,nav,200,https://docs.kujolang.ai/llms.txt,0,rendered local route,,none
after,https://docs.kujolang.ai/learn/,https://docs.kujolang.ai/,Docs,header,200,https://docs.kujolang.ai/,0,rendered local route,,none
after,https://docs.kujolang.ai/learn/,https://docs.kujolang.ai/start-here/,Start here,nav,200,https://docs.kujolang.ai/start-here/,0,rendered local route,,none
after,https://docs.kujolang.ai/learn/,https://docs.kujolang.ai/learn/,Learn Kujo,nav,200,https://docs.kujolang.ai/learn/,0,rendered local route,,none
after,https://docs.kujolang.ai/learn/,https://docs.kujolang.ai/build/,Build with Kujo,nav,200,https://docs.kujolang.ai/build/,0,rendered local route,,none
after,https://docs.kujolang.ai/learn/,https://docs.kujolang.ai/ecosystem/providers/,Providers,nav,200,https://docs.kujolang.ai/ecosystem/providers/,0,rendered local route,,none
after,https://docs.kujolang.ai/learn/,https://docs.kujolang.ai/tools/,Tools,nav,200,https://docs.kujolang.ai/tools/,0,rendered local route,,none
after,https://docs.kujolang.ai/learn/,https://docs.kujolang.ai/showcases/,Showcases,nav,200,https://docs.kujolang.ai/showcases/,0,rendered local route,,none
after,https://docs.kujolang.ai/learn/,https://docs.kujolang.ai/learn/language-basics/,Language basics,main,200,https://docs.kujolang.ai/learn/language-basics/,0,rendered local route,,none
after,https://docs.kujolang.ai/learn/,https://docs.kujolang.ai/learn/language-basics/,Start learning,main,200,https://docs.kujolang.ai/learn/language-basics/,0,rendered local route,,none
after,https://docs.kujolang.ai/learn/,https://docs.kujolang.ai/learn/runtime/,Runtime,main,200,https://docs.kujolang.ai/learn/runtime/,0,rendered local route,,none
after,https://docs.kujolang.ai/learn/,https://docs.kujolang.ai/learn/runtime/,View runtime,main,200,https://docs.kujolang.ai/learn/runtime/,0,rendered local route,,none
after,https://docs.kujolang.ai/learn/,https://docs.kujolang.ai/learn/capabilities/,Capabilities,main,200,https://docs.kujolang.ai/learn/capabilities/,0,rendered local route,,none
after,https://docs.kujolang.ai/learn/,https://docs.kujolang.ai/learn/capabilities/,View capabilities,main,200,https://docs.kujolang.ai/learn/capabilities/,0,rendered local route,,none
after,https://docs.kujolang.ai/learn/,https://docs.kujolang.ai/learn/packages/,Packages with Kennel,main,200,https://docs.kujolang.ai/learn/packages/,0,rendered local route,,none
after,https://docs.kujolang.ai/learn/,https://docs.kujolang.ai/learn/packages/,View packages,main,200,https://docs.kujolang.ai/learn/packages/,0,rendered local route,,none
after,https://docs.kujolang.ai/learn/,https://docs.kujolang.ai/learn/editor-support/,Editor and CLI support,main,200,https://docs.kujolang.ai/learn/editor-support/,0,rendered local route,,none
after,https://docs.kujolang.ai/learn/,https://docs.kujolang.ai/learn/editor-support/,View tooling,main,200,https://docs.kujolang.ai/learn/editor-support/,0,rendered local route,,none
after,https://docs.kujolang.ai/learn/,https://docs.kujolang.ai/learn/ai-runtime/,AI runtime basics,main,200,https://docs.kujolang.ai/learn/ai-runtime/,0,rendered local route,,none
after,https://docs.kujolang.ai/learn/,https://docs.kujolang.ai/learn/ai-runtime/,View AI runtime,main,200,https://docs.kujolang.ai/learn/ai-runtime/,0,rendered local route,,none
after,https://docs.kujolang.ai/learn/,https://docs.kujolang.ai/reference/,Reference,nav,200,https://docs.kujolang.ai/reference/,0,rendered local route,,none
after,https://docs.kujolang.ai/learn/,https://docs.kujolang.ai/support/,Support,nav,200,https://docs.kujolang.ai/support/,0,rendered local route,,none
after,https://docs.kujolang.ai/learn/,https://docs.kujolang.ai/release-boundaries/,Release boundaries,nav,200,https://docs.kujolang.ai/release-boundaries/,0,rendered local route,,none
after,https://docs.kujolang.ai/learn/,https://docs.kujolang.ai/llms.txt,llms.txt,nav,200,https://docs.kujolang.ai/llms.txt,0,rendered local route,,none
after,https://docs.kujolang.ai/learn/language-basics/,https://docs.kujolang.ai/,Docs,header,200,https://docs.kujolang.ai/,0,rendered local route,,none
after,https://docs.kujolang.ai/learn/language-basics/,https://docs.kujolang.ai/start-here/,Start here,nav,200,https://docs.kujolang.ai/start-here/,0,rendered local route,,none
after,https://docs.kujolang.ai/learn/language-basics/,https://docs.kujolang.ai/learn/,Learn Kujo,nav,200,https://docs.kujolang.ai/learn/,0,rendered local route,,none
after,https://docs.kujolang.ai/learn/language-basics/,https://docs.kujolang.ai/build/,Build with Kujo,nav,200,https://docs.kujolang.ai/build/,0,rendered local route,,none
after,https://docs.kujolang.ai/learn/language-basics/,https://docs.kujolang.ai/ecosystem/providers/,Providers,nav,200,https://docs.kujolang.ai/ecosystem/providers/,0,rendered local route,,none
after,https://docs.kujolang.ai/learn/language-basics/,https://docs.kujolang.ai/tools/,Tools,nav,200,https://docs.kujolang.ai/tools/,0,rendered local route,,none
after,https://docs.kujolang.ai/learn/language-basics/,https://docs.kujolang.ai/showcases/,Showcases,nav,200,https://docs.kujolang.ai/showcases/,0,rendered local route,,none
after,https://docs.kujolang.ai/learn/language-basics/,https://docs.kujolang.ai/start-here/,Start here,aside,200,https://docs.kujolang.ai/start-here/,0,rendered local route,,none
after,https://docs.kujolang.ai/learn/language-basics/,https://docs.kujolang.ai/install/,Install Kujo,aside,200,https://docs.kujolang.ai/install/,0,rendered local route,,none
after,https://docs.kujolang.ai/learn/language-basics/,https://docs.kujolang.ai/quickstart/,Quickstart,aside,200,https://docs.kujolang.ai/quickstart/,0,rendered local route,,none
after,https://docs.kujolang.ai/learn/language-basics/,https://docs.kujolang.ai/choose-a-path/,Choose a path,aside,200,https://docs.kujolang.ai/choose-a-path/,0,rendered local route,,none
after,https://docs.kujolang.ai/learn/language-basics/,https://docs.kujolang.ai/learn/,Learn Kujo,aside,200,https://docs.kujolang.ai/learn/,0,rendered local route,,none
after,https://docs.kujolang.ai/learn/language-basics/,https://docs.kujolang.ai/build/,Build with Kujo,aside,200,https://docs.kujolang.ai/build/,0,rendered local route,,none
after,https://docs.kujolang.ai/learn/language-basics/,https://docs.kujolang.ai/review/,Reviewable work,aside,200,https://docs.kujolang.ai/review/,0,rendered local route,,none
after,https://docs.kujolang.ai/learn/language-basics/,https://docs.kujolang.ai/tools/,Tools,aside,200,https://docs.kujolang.ai/tools/,0,rendered local route,,none
after,https://docs.kujolang.ai/learn/language-basics/,https://docs.kujolang.ai/showcases/,Showcases,aside,200,https://docs.kujolang.ai/showcases/,0,rendered local route,,none
after,https://docs.kujolang.ai/learn/language-basics/,https://docs.kujolang.ai/collections/,Collections,aside,200,https://docs.kujolang.ai/collections/,0,rendered local route,,none
after,https://docs.kujolang.ai/learn/language-basics/,https://docs.kujolang.ai/ecosystem/,Ecosystem,aside,200,https://docs.kujolang.ai/ecosystem/,0,rendered local route,,none
after,https://docs.kujolang.ai/learn/language-basics/,https://docs.kujolang.ai/reference/,Reference,aside,200,https://docs.kujolang.ai/reference/,0,rendered local route,,none
after,https://docs.kujolang.ai/learn/language-basics/,https://docs.kujolang.ai/security/,Security model,aside,200,https://docs.kujolang.ai/security/,0,rendered local route,,none
after,https://docs.kujolang.ai/learn/language-basics/,https://docs.kujolang.ai/release-boundaries/,Release boundaries,aside,200,https://docs.kujolang.ai/release-boundaries/,0,rendered local route,,none
after,https://docs.kujolang.ai/learn/language-basics/,https://docs.kujolang.ai/support/,Support,aside,200,https://docs.kujolang.ai/support/,0,rendered local route,,none
after,https://docs.kujolang.ai/learn/language-basics/,https://docs.kujolang.ai/reference/,Reference,article,200,https://docs.kujolang.ai/reference/,0,rendered local route,,none
after,https://docs.kujolang.ai/learn/language-basics/,https://docs.kujolang.ai/learn/runtime/,Next,nav,200,https://docs.kujolang.ai/learn/runtime/,0,rendered local route,next,none
after,https://docs.kujolang.ai/learn/language-basics/,https://docs.kujolang.ai/reference/,Reference,nav,200,https://docs.kujolang.ai/reference/,0,rendered local route,,none
after,https://docs.kujolang.ai/learn/language-basics/,https://docs.kujolang.ai/support/,Support,nav,200,https://docs.kujolang.ai/support/,0,rendered local route,,none
after,https://docs.kujolang.ai/learn/language-basics/,https://docs.kujolang.ai/release-boundaries/,Release boundaries,nav,200,https://docs.kujolang.ai/release-boundaries/,0,rendered local route,,none
after,https://docs.kujolang.ai/learn/language-basics/,https://docs.kujolang.ai/llms.txt,llms.txt,nav,200,https://docs.kujolang.ai/llms.txt,0,rendered local route,,none
after,https://docs.kujolang.ai/learn/packages/,https://docs.kujolang.ai/,Docs,header,200,https://docs.kujolang.ai/,0,rendered local route,,none
after,https://docs.kujolang.ai/learn/packages/,https://docs.kujolang.ai/start-here/,Start here,nav,200,https://docs.kujolang.ai/start-here/,0,rendered local route,,none
after,https://docs.kujolang.ai/learn/packages/,https://docs.kujolang.ai/learn/,Learn Kujo,nav,200,https://docs.kujolang.ai/learn/,0,rendered local route,,none
after,https://docs.kujolang.ai/learn/packages/,https://docs.kujolang.ai/build/,Build with Kujo,nav,200,https://docs.kujolang.ai/build/,0,rendered local route,,none
after,https://docs.kujolang.ai/learn/packages/,https://docs.kujolang.ai/ecosystem/providers/,Providers,nav,200,https://docs.kujolang.ai/ecosystem/providers/,0,rendered local route,,none
after,https://docs.kujolang.ai/learn/packages/,https://docs.kujolang.ai/tools/,Tools,nav,200,https://docs.kujolang.ai/tools/,0,rendered local route,,none
after,https://docs.kujolang.ai/learn/packages/,https://docs.kujolang.ai/showcases/,Showcases,nav,200,https://docs.kujolang.ai/showcases/,0,rendered local route,,none
after,https://docs.kujolang.ai/learn/packages/,https://docs.kujolang.ai/start-here/,Start here,aside,200,https://docs.kujolang.ai/start-here/,0,rendered local route,,none
after,https://docs.kujolang.ai/learn/packages/,https://docs.kujolang.ai/install/,Install Kujo,aside,200,https://docs.kujolang.ai/install/,0,rendered local route,,none
after,https://docs.kujolang.ai/learn/packages/,https://docs.kujolang.ai/quickstart/,Quickstart,aside,200,https://docs.kujolang.ai/quickstart/,0,rendered local route,,none
after,https://docs.kujolang.ai/learn/packages/,https://docs.kujolang.ai/choose-a-path/,Choose a path,aside,200,https://docs.kujolang.ai/choose-a-path/,0,rendered local route,,none
after,https://docs.kujolang.ai/learn/packages/,https://docs.kujolang.ai/learn/,Learn Kujo,aside,200,https://docs.kujolang.ai/learn/,0,rendered local route,,none
after,https://docs.kujolang.ai/learn/packages/,https://docs.kujolang.ai/build/,Build with Kujo,aside,200,https://docs.kujolang.ai/build/,0,rendered local route,,none
after,https://docs.kujolang.ai/learn/packages/,https://docs.kujolang.ai/review/,Reviewable work,aside,200,https://docs.kujolang.ai/review/,0,rendered local route,,none
after,https://docs.kujolang.ai/learn/packages/,https://docs.kujolang.ai/tools/,Tools,aside,200,https://docs.kujolang.ai/tools/,0,rendered local route,,none
after,https://docs.kujolang.ai/learn/packages/,https://docs.kujolang.ai/showcases/,Showcases,aside,200,https://docs.kujolang.ai/showcases/,0,rendered local route,,none
after,https://docs.kujolang.ai/learn/packages/,https://docs.kujolang.ai/collections/,Collections,aside,200,https://docs.kujolang.ai/collections/,0,rendered local route,,none
after,https://docs.kujolang.ai/learn/packages/,https://docs.kujolang.ai/ecosystem/,Ecosystem,aside,200,https://docs.kujolang.ai/ecosystem/,0,rendered local route,,none
after,https://docs.kujolang.ai/learn/packages/,https://docs.kujolang.ai/reference/,Reference,aside,200,https://docs.kujolang.ai/reference/,0,rendered local route,,none
after,https://docs.kujolang.ai/learn/packages/,https://docs.kujolang.ai/security/,Security model,aside,200,https://docs.kujolang.ai/security/,0,rendered local route,,none
after,https://docs.kujolang.ai/learn/packages/,https://docs.kujolang.ai/release-boundaries/,Release boundaries,aside,200,https://docs.kujolang.ai/release-boundaries/,0,rendered local route,,none
after,https://docs.kujolang.ai/learn/packages/,https://docs.kujolang.ai/support/,Support,aside,200,https://docs.kujolang.ai/support/,0,rendered local route,,none
after,https://docs.kujolang.ai/learn/packages/,https://docs.kujolang.ai/tools/kennel/,Kennel,article,200,https://docs.kujolang.ai/tools/kennel/,0,rendered local route,,none
after,https://docs.kujolang.ai/learn/packages/,https://docs.kujolang.ai/ecosystem/providers/,provider index,article,200,https://docs.kujolang.ai/ecosystem/providers/,0,rendered local route,,none
after,https://docs.kujolang.ai/learn/packages/,https://docs.kujolang.ai/learn/capabilities/,Previous,nav,200,https://docs.kujolang.ai/learn/capabilities/,0,rendered local route,prev,none
after,https://docs.kujolang.ai/learn/packages/,https://docs.kujolang.ai/learn/editor-support/,Next,nav,200,https://docs.kujolang.ai/learn/editor-support/,0,rendered local route,next,none
after,https://docs.kujolang.ai/learn/packages/,https://docs.kujolang.ai/reference/,Reference,nav,200,https://docs.kujolang.ai/reference/,0,rendered local route,,none
after,https://docs.kujolang.ai/learn/packages/,https://docs.kujolang.ai/support/,Support,nav,200,https://docs.kujolang.ai/support/,0,rendered local route,,none
after,https://docs.kujolang.ai/learn/packages/,https://docs.kujolang.ai/release-boundaries/,Release boundaries,nav,200,https://docs.kujolang.ai/release-boundaries/,0,rendered local route,,none
after,https://docs.kujolang.ai/learn/packages/,https://docs.kujolang.ai/llms.txt,llms.txt,nav,200,https://docs.kujolang.ai/llms.txt,0,rendered local route,,none
after,https://docs.kujolang.ai/learn/runtime/,https://docs.kujolang.ai/,Docs,header,200,https://docs.kujolang.ai/,0,rendered local route,,none
after,https://docs.kujolang.ai/learn/runtime/,https://docs.kujolang.ai/start-here/,Start here,nav,200,https://docs.kujolang.ai/start-here/,0,rendered local route,,none
after,https://docs.kujolang.ai/learn/runtime/,https://docs.kujolang.ai/learn/,Learn Kujo,nav,200,https://docs.kujolang.ai/learn/,0,rendered local route,,none
after,https://docs.kujolang.ai/learn/runtime/,https://docs.kujolang.ai/build/,Build with Kujo,nav,200,https://docs.kujolang.ai/build/,0,rendered local route,,none
after,https://docs.kujolang.ai/learn/runtime/,https://docs.kujolang.ai/ecosystem/providers/,Providers,nav,200,https://docs.kujolang.ai/ecosystem/providers/,0,rendered local route,,none
after,https://docs.kujolang.ai/learn/runtime/,https://docs.kujolang.ai/tools/,Tools,nav,200,https://docs.kujolang.ai/tools/,0,rendered local route,,none
after,https://docs.kujolang.ai/learn/runtime/,https://docs.kujolang.ai/showcases/,Showcases,nav,200,https://docs.kujolang.ai/showcases/,0,rendered local route,,none
after,https://docs.kujolang.ai/learn/runtime/,https://docs.kujolang.ai/start-here/,Start here,aside,200,https://docs.kujolang.ai/start-here/,0,rendered local route,,none
after,https://docs.kujolang.ai/learn/runtime/,https://docs.kujolang.ai/install/,Install Kujo,aside,200,https://docs.kujolang.ai/install/,0,rendered local route,,none
after,https://docs.kujolang.ai/learn/runtime/,https://docs.kujolang.ai/quickstart/,Quickstart,aside,200,https://docs.kujolang.ai/quickstart/,0,rendered local route,,none
after,https://docs.kujolang.ai/learn/runtime/,https://docs.kujolang.ai/choose-a-path/,Choose a path,aside,200,https://docs.kujolang.ai/choose-a-path/,0,rendered local route,,none
after,https://docs.kujolang.ai/learn/runtime/,https://docs.kujolang.ai/learn/,Learn Kujo,aside,200,https://docs.kujolang.ai/learn/,0,rendered local route,,none
after,https://docs.kujolang.ai/learn/runtime/,https://docs.kujolang.ai/build/,Build with Kujo,aside,200,https://docs.kujolang.ai/build/,0,rendered local route,,none
after,https://docs.kujolang.ai/learn/runtime/,https://docs.kujolang.ai/review/,Reviewable work,aside,200,https://docs.kujolang.ai/review/,0,rendered local route,,none
after,https://docs.kujolang.ai/learn/runtime/,https://docs.kujolang.ai/tools/,Tools,aside,200,https://docs.kujolang.ai/tools/,0,rendered local route,,none
after,https://docs.kujolang.ai/learn/runtime/,https://docs.kujolang.ai/showcases/,Showcases,aside,200,https://docs.kujolang.ai/showcases/,0,rendered local route,,none
after,https://docs.kujolang.ai/learn/runtime/,https://docs.kujolang.ai/collections/,Collections,aside,200,https://docs.kujolang.ai/collections/,0,rendered local route,,none
after,https://docs.kujolang.ai/learn/runtime/,https://docs.kujolang.ai/ecosystem/,Ecosystem,aside,200,https://docs.kujolang.ai/ecosystem/,0,rendered local route,,none
after,https://docs.kujolang.ai/learn/runtime/,https://docs.kujolang.ai/reference/,Reference,aside,200,https://docs.kujolang.ai/reference/,0,rendered local route,,none
after,https://docs.kujolang.ai/learn/runtime/,https://docs.kujolang.ai/security/,Security model,aside,200,https://docs.kujolang.ai/security/,0,rendered local route,,none
after,https://docs.kujolang.ai/learn/runtime/,https://docs.kujolang.ai/release-boundaries/,Release boundaries,aside,200,https://docs.kujolang.ai/release-boundaries/,0,rendered local route,,none
after,https://docs.kujolang.ai/learn/runtime/,https://docs.kujolang.ai/support/,Support,aside,200,https://docs.kujolang.ai/support/,0,rendered local route,,none
after,https://docs.kujolang.ai/learn/runtime/,https://docs.kujolang.ai/learn/language-basics/,Previous,nav,200,https://docs.kujolang.ai/learn/language-basics/,0,rendered local route,prev,none
after,https://docs.kujolang.ai/learn/runtime/,https://docs.kujolang.ai/learn/capabilities/,Next,nav,200,https://docs.kujolang.ai/learn/capabilities/,0,rendered local route,next,none
after,https://docs.kujolang.ai/learn/runtime/,https://docs.kujolang.ai/reference/,Reference,nav,200,https://docs.kujolang.ai/reference/,0,rendered local route,,none
after,https://docs.kujolang.ai/learn/runtime/,https://docs.kujolang.ai/support/,Support,nav,200,https://docs.kujolang.ai/support/,0,rendered local route,,none
after,https://docs.kujolang.ai/learn/runtime/,https://docs.kujolang.ai/release-boundaries/,Release boundaries,nav,200,https://docs.kujolang.ai/release-boundaries/,0,rendered local route,,none
after,https://docs.kujolang.ai/learn/runtime/,https://docs.kujolang.ai/llms.txt,llms.txt,nav,200,https://docs.kujolang.ai/llms.txt,0,rendered local route,,none
after,https://docs.kujolang.ai/quickstart/,https://docs.kujolang.ai/,Docs,header,200,https://docs.kujolang.ai/,0,rendered local route,,none
after,https://docs.kujolang.ai/quickstart/,https://docs.kujolang.ai/start-here/,Start here,nav,200,https://docs.kujolang.ai/start-here/,0,rendered local route,,none
after,https://docs.kujolang.ai/quickstart/,https://docs.kujolang.ai/learn/,Learn Kujo,nav,200,https://docs.kujolang.ai/learn/,0,rendered local route,,none
after,https://docs.kujolang.ai/quickstart/,https://docs.kujolang.ai/build/,Build with Kujo,nav,200,https://docs.kujolang.ai/build/,0,rendered local route,,none
after,https://docs.kujolang.ai/quickstart/,https://docs.kujolang.ai/ecosystem/providers/,Providers,nav,200,https://docs.kujolang.ai/ecosystem/providers/,0,rendered local route,,none
after,https://docs.kujolang.ai/quickstart/,https://docs.kujolang.ai/tools/,Tools,nav,200,https://docs.kujolang.ai/tools/,0,rendered local route,,none
after,https://docs.kujolang.ai/quickstart/,https://docs.kujolang.ai/showcases/,Showcases,nav,200,https://docs.kujolang.ai/showcases/,0,rendered local route,,none
after,https://docs.kujolang.ai/quickstart/,https://docs.kujolang.ai/start-here/,Start here,aside,200,https://docs.kujolang.ai/start-here/,0,rendered local route,,none
after,https://docs.kujolang.ai/quickstart/,https://docs.kujolang.ai/install/,Install Kujo,aside,200,https://docs.kujolang.ai/install/,0,rendered local route,,none
after,https://docs.kujolang.ai/quickstart/,https://docs.kujolang.ai/quickstart/,Quickstart,aside,200,https://docs.kujolang.ai/quickstart/,0,rendered local route,,none
after,https://docs.kujolang.ai/quickstart/,https://docs.kujolang.ai/choose-a-path/,Choose a path,aside,200,https://docs.kujolang.ai/choose-a-path/,0,rendered local route,,none
after,https://docs.kujolang.ai/quickstart/,https://docs.kujolang.ai/learn/,Learn Kujo,aside,200,https://docs.kujolang.ai/learn/,0,rendered local route,,none
after,https://docs.kujolang.ai/quickstart/,https://docs.kujolang.ai/build/,Build with Kujo,aside,200,https://docs.kujolang.ai/build/,0,rendered local route,,none
after,https://docs.kujolang.ai/quickstart/,https://docs.kujolang.ai/ecosystem/providers/,Provider packages,aside,200,https://docs.kujolang.ai/ecosystem/providers/,0,rendered local route,,none
after,https://docs.kujolang.ai/quickstart/,https://docs.kujolang.ai/review/,Reviewable work,aside,200,https://docs.kujolang.ai/review/,0,rendered local route,,none
after,https://docs.kujolang.ai/quickstart/,https://docs.kujolang.ai/tools/,Tools,aside,200,https://docs.kujolang.ai/tools/,0,rendered local route,,none
after,https://docs.kujolang.ai/quickstart/,https://docs.kujolang.ai/showcases/,Showcases,aside,200,https://docs.kujolang.ai/showcases/,0,rendered local route,,none
after,https://docs.kujolang.ai/quickstart/,https://docs.kujolang.ai/collections/,Collections,aside,200,https://docs.kujolang.ai/collections/,0,rendered local route,,none
after,https://docs.kujolang.ai/quickstart/,https://docs.kujolang.ai/ecosystem/,Ecosystem,aside,200,https://docs.kujolang.ai/ecosystem/,0,rendered local route,,none
after,https://docs.kujolang.ai/quickstart/,https://docs.kujolang.ai/reference/,Reference,aside,200,https://docs.kujolang.ai/reference/,0,rendered local route,,none
after,https://docs.kujolang.ai/quickstart/,https://docs.kujolang.ai/security/,Security model,aside,200,https://docs.kujolang.ai/security/,0,rendered local route,,none
after,https://docs.kujolang.ai/quickstart/,https://docs.kujolang.ai/release-boundaries/,Release boundaries,aside,200,https://docs.kujolang.ai/release-boundaries/,0,rendered local route,,none
after,https://docs.kujolang.ai/quickstart/,https://docs.kujolang.ai/support/,Support,aside,200,https://docs.kujolang.ai/support/,0,rendered local route,,none
after,https://docs.kujolang.ai/quickstart/,https://docs.kujolang.ai/choose-a-path/,Choose a path,article,200,https://docs.kujolang.ai/choose-a-path/,0,rendered local route,,none
after,https://docs.kujolang.ai/quickstart/,https://docs.kujolang.ai/learn/language-basics/,Language basics,article,200,https://docs.kujolang.ai/learn/language-basics/,0,rendered local route,,none
after,https://docs.kujolang.ai/quickstart/,https://docs.kujolang.ai/install/,Previous,nav,200,https://docs.kujolang.ai/install/,0,rendered local route,prev,none
after,https://docs.kujolang.ai/quickstart/,https://docs.kujolang.ai/choose-a-path/,Next,nav,200,https://docs.kujolang.ai/choose-a-path/,0,rendered local route,next,none
after,https://docs.kujolang.ai/quickstart/,https://docs.kujolang.ai/reference/,Reference,nav,200,https://docs.kujolang.ai/reference/,0,rendered local route,,none
after,https://docs.kujolang.ai/quickstart/,https://docs.kujolang.ai/support/,Support,nav,200,https://docs.kujolang.ai/support/,0,rendered local route,,none
after,https://docs.kujolang.ai/quickstart/,https://docs.kujolang.ai/release-boundaries/,Release boundaries,nav,200,https://docs.kujolang.ai/release-boundaries/,0,rendered local route,,none
after,https://docs.kujolang.ai/quickstart/,https://docs.kujolang.ai/llms.txt,llms.txt,nav,200,https://docs.kujolang.ai/llms.txt,0,rendered local route,,none
after,https://docs.kujolang.ai/reference/,https://docs.kujolang.ai/,Docs,header,200,https://docs.kujolang.ai/,0,rendered local route,,none
after,https://docs.kujolang.ai/reference/,https://docs.kujolang.ai/start-here/,Start here,nav,200,https://docs.kujolang.ai/start-here/,0,rendered local route,,none
after,https://docs.kujolang.ai/reference/,https://docs.kujolang.ai/learn/,Learn Kujo,nav,200,https://docs.kujolang.ai/learn/,0,rendered local route,,none
after,https://docs.kujolang.ai/reference/,https://docs.kujolang.ai/build/,Build with Kujo,nav,200,https://docs.kujolang.ai/build/,0,rendered local route,,none
after,https://docs.kujolang.ai/reference/,https://docs.kujolang.ai/ecosystem/providers/,Providers,nav,200,https://docs.kujolang.ai/ecosystem/providers/,0,rendered local route,,none
after,https://docs.kujolang.ai/reference/,https://docs.kujolang.ai/tools/,Tools,nav,200,https://docs.kujolang.ai/tools/,0,rendered local route,,none
after,https://docs.kujolang.ai/reference/,https://docs.kujolang.ai/showcases/,Showcases,nav,200,https://docs.kujolang.ai/showcases/,0,rendered local route,,none
after,https://docs.kujolang.ai/reference/,https://docs.kujolang.ai/start-here/,Start here,aside,200,https://docs.kujolang.ai/start-here/,0,rendered local route,,none
after,https://docs.kujolang.ai/reference/,https://docs.kujolang.ai/install/,Install Kujo,aside,200,https://docs.kujolang.ai/install/,0,rendered local route,,none
after,https://docs.kujolang.ai/reference/,https://docs.kujolang.ai/quickstart/,Quickstart,aside,200,https://docs.kujolang.ai/quickstart/,0,rendered local route,,none
after,https://docs.kujolang.ai/reference/,https://docs.kujolang.ai/choose-a-path/,Choose a path,aside,200,https://docs.kujolang.ai/choose-a-path/,0,rendered local route,,none
after,https://docs.kujolang.ai/reference/,https://docs.kujolang.ai/learn/,Learn Kujo,aside,200,https://docs.kujolang.ai/learn/,0,rendered local route,,none
after,https://docs.kujolang.ai/reference/,https://docs.kujolang.ai/build/,Build with Kujo,aside,200,https://docs.kujolang.ai/build/,0,rendered local route,,none
after,https://docs.kujolang.ai/reference/,https://docs.kujolang.ai/ecosystem/providers/,Provider packages,aside,200,https://docs.kujolang.ai/ecosystem/providers/,0,rendered local route,,none
after,https://docs.kujolang.ai/reference/,https://docs.kujolang.ai/review/,Reviewable work,aside,200,https://docs.kujolang.ai/review/,0,rendered local route,,none
after,https://docs.kujolang.ai/reference/,https://docs.kujolang.ai/tools/,Tools,aside,200,https://docs.kujolang.ai/tools/,0,rendered local route,,none
after,https://docs.kujolang.ai/reference/,https://docs.kujolang.ai/showcases/,Showcases,aside,200,https://docs.kujolang.ai/showcases/,0,rendered local route,,none
after,https://docs.kujolang.ai/reference/,https://docs.kujolang.ai/collections/,Collections,aside,200,https://docs.kujolang.ai/collections/,0,rendered local route,,none
after,https://docs.kujolang.ai/reference/,https://docs.kujolang.ai/ecosystem/,Ecosystem,aside,200,https://docs.kujolang.ai/ecosystem/,0,rendered local route,,none
after,https://docs.kujolang.ai/reference/,https://docs.kujolang.ai/reference/,Reference,aside,200,https://docs.kujolang.ai/reference/,0,rendered local route,,none
after,https://docs.kujolang.ai/reference/,https://docs.kujolang.ai/security/,Security model,aside,200,https://docs.kujolang.ai/security/,0,rendered local route,,none
after,https://docs.kujolang.ai/reference/,https://docs.kujolang.ai/release-boundaries/,Release boundaries,aside,200,https://docs.kujolang.ai/release-boundaries/,0,rendered local route,,none
after,https://docs.kujolang.ai/reference/,https://docs.kujolang.ai/support/,Support,aside,200,https://docs.kujolang.ai/support/,0,rendered local route,,none
after,https://docs.kujolang.ai/reference/,https://docs.kujolang.ai/security/,Next,nav,200,https://docs.kujolang.ai/security/,0,rendered local route,next,none
after,https://docs.kujolang.ai/reference/,https://docs.kujolang.ai/reference/,Reference,nav,200,https://docs.kujolang.ai/reference/,0,rendered local route,,none
after,https://docs.kujolang.ai/reference/,https://docs.kujolang.ai/support/,Support,nav,200,https://docs.kujolang.ai/support/,0,rendered local route,,none
after,https://docs.kujolang.ai/reference/,https://docs.kujolang.ai/release-boundaries/,Release boundaries,nav,200,https://docs.kujolang.ai/release-boundaries/,0,rendered local route,,none
after,https://docs.kujolang.ai/reference/,https://docs.kujolang.ai/llms.txt,llms.txt,nav,200,https://docs.kujolang.ai/llms.txt,0,rendered local route,,none
after,https://docs.kujolang.ai/release-boundaries/,https://docs.kujolang.ai/,Docs,header,200,https://docs.kujolang.ai/,0,rendered local route,,none
after,https://docs.kujolang.ai/release-boundaries/,https://docs.kujolang.ai/start-here/,Start here,nav,200,https://docs.kujolang.ai/start-here/,0,rendered local route,,none
after,https://docs.kujolang.ai/release-boundaries/,https://docs.kujolang.ai/learn/,Learn Kujo,nav,200,https://docs.kujolang.ai/learn/,0,rendered local route,,none
after,https://docs.kujolang.ai/release-boundaries/,https://docs.kujolang.ai/build/,Build with Kujo,nav,200,https://docs.kujolang.ai/build/,0,rendered local route,,none
after,https://docs.kujolang.ai/release-boundaries/,https://docs.kujolang.ai/ecosystem/providers/,Providers,nav,200,https://docs.kujolang.ai/ecosystem/providers/,0,rendered local route,,none
after,https://docs.kujolang.ai/release-boundaries/,https://docs.kujolang.ai/tools/,Tools,nav,200,https://docs.kujolang.ai/tools/,0,rendered local route,,none
after,https://docs.kujolang.ai/release-boundaries/,https://docs.kujolang.ai/showcases/,Showcases,nav,200,https://docs.kujolang.ai/showcases/,0,rendered local route,,none
after,https://docs.kujolang.ai/release-boundaries/,https://docs.kujolang.ai/start-here/,Start here,aside,200,https://docs.kujolang.ai/start-here/,0,rendered local route,,none
after,https://docs.kujolang.ai/release-boundaries/,https://docs.kujolang.ai/install/,Install Kujo,aside,200,https://docs.kujolang.ai/install/,0,rendered local route,,none
after,https://docs.kujolang.ai/release-boundaries/,https://docs.kujolang.ai/quickstart/,Quickstart,aside,200,https://docs.kujolang.ai/quickstart/,0,rendered local route,,none
after,https://docs.kujolang.ai/release-boundaries/,https://docs.kujolang.ai/choose-a-path/,Choose a path,aside,200,https://docs.kujolang.ai/choose-a-path/,0,rendered local route,,none
after,https://docs.kujolang.ai/release-boundaries/,https://docs.kujolang.ai/learn/,Learn Kujo,aside,200,https://docs.kujolang.ai/learn/,0,rendered local route,,none
after,https://docs.kujolang.ai/release-boundaries/,https://docs.kujolang.ai/build/,Build with Kujo,aside,200,https://docs.kujolang.ai/build/,0,rendered local route,,none
after,https://docs.kujolang.ai/release-boundaries/,https://docs.kujolang.ai/ecosystem/providers/,Provider packages,aside,200,https://docs.kujolang.ai/ecosystem/providers/,0,rendered local route,,none
after,https://docs.kujolang.ai/release-boundaries/,https://docs.kujolang.ai/review/,Reviewable work,aside,200,https://docs.kujolang.ai/review/,0,rendered local route,,none
after,https://docs.kujolang.ai/release-boundaries/,https://docs.kujolang.ai/tools/,Tools,aside,200,https://docs.kujolang.ai/tools/,0,rendered local route,,none
after,https://docs.kujolang.ai/release-boundaries/,https://docs.kujolang.ai/showcases/,Showcases,aside,200,https://docs.kujolang.ai/showcases/,0,rendered local route,,none
after,https://docs.kujolang.ai/release-boundaries/,https://docs.kujolang.ai/collections/,Collections,aside,200,https://docs.kujolang.ai/collections/,0,rendered local route,,none
after,https://docs.kujolang.ai/release-boundaries/,https://docs.kujolang.ai/ecosystem/,Ecosystem,aside,200,https://docs.kujolang.ai/ecosystem/,0,rendered local route,,none
after,https://docs.kujolang.ai/release-boundaries/,https://docs.kujolang.ai/reference/,Reference,aside,200,https://docs.kujolang.ai/reference/,0,rendered local route,,none
after,https://docs.kujolang.ai/release-boundaries/,https://docs.kujolang.ai/security/,Security model,aside,200,https://docs.kujolang.ai/security/,0,rendered local route,,none
after,https://docs.kujolang.ai/release-boundaries/,https://docs.kujolang.ai/release-boundaries/,Release boundaries,aside,200,https://docs.kujolang.ai/release-boundaries/,0,rendered local route,,none
after,https://docs.kujolang.ai/release-boundaries/,https://docs.kujolang.ai/support/,Support,aside,200,https://docs.kujolang.ai/support/,0,rendered local route,,none
after,https://docs.kujolang.ai/release-boundaries/,https://docs.kujolang.ai/reference/,Reference,nav,200,https://docs.kujolang.ai/reference/,0,rendered local route,,none
after,https://docs.kujolang.ai/release-boundaries/,https://docs.kujolang.ai/support/,Support,nav,200,https://docs.kujolang.ai/support/,0,rendered local route,,none
after,https://docs.kujolang.ai/release-boundaries/,https://docs.kujolang.ai/release-boundaries/,Release boundaries,nav,200,https://docs.kujolang.ai/release-boundaries/,0,rendered local route,,none
after,https://docs.kujolang.ai/release-boundaries/,https://docs.kujolang.ai/llms.txt,llms.txt,nav,200,https://docs.kujolang.ai/llms.txt,0,rendered local route,,none
after,https://docs.kujolang.ai/review/browser-architecture-and-privacy/,https://docs.kujolang.ai/,Docs,header,200,https://docs.kujolang.ai/,0,rendered local route,,none
after,https://docs.kujolang.ai/review/browser-architecture-and-privacy/,https://docs.kujolang.ai/start-here/,Start here,nav,200,https://docs.kujolang.ai/start-here/,0,rendered local route,,none
after,https://docs.kujolang.ai/review/browser-architecture-and-privacy/,https://docs.kujolang.ai/learn/,Learn Kujo,nav,200,https://docs.kujolang.ai/learn/,0,rendered local route,,none
after,https://docs.kujolang.ai/review/browser-architecture-and-privacy/,https://docs.kujolang.ai/build/,Build with Kujo,nav,200,https://docs.kujolang.ai/build/,0,rendered local route,,none
after,https://docs.kujolang.ai/review/browser-architecture-and-privacy/,https://docs.kujolang.ai/ecosystem/providers/,Providers,nav,200,https://docs.kujolang.ai/ecosystem/providers/,0,rendered local route,,none
after,https://docs.kujolang.ai/review/browser-architecture-and-privacy/,https://docs.kujolang.ai/tools/,Tools,nav,200,https://docs.kujolang.ai/tools/,0,rendered local route,,none
after,https://docs.kujolang.ai/review/browser-architecture-and-privacy/,https://docs.kujolang.ai/showcases/,Showcases,nav,200,https://docs.kujolang.ai/showcases/,0,rendered local route,,none
after,https://docs.kujolang.ai/review/browser-architecture-and-privacy/,https://docs.kujolang.ai/start-here/,Start here,aside,200,https://docs.kujolang.ai/start-here/,0,rendered local route,,none
after,https://docs.kujolang.ai/review/browser-architecture-and-privacy/,https://docs.kujolang.ai/install/,Install Kujo,aside,200,https://docs.kujolang.ai/install/,0,rendered local route,,none
after,https://docs.kujolang.ai/review/browser-architecture-and-privacy/,https://docs.kujolang.ai/quickstart/,Quickstart,aside,200,https://docs.kujolang.ai/quickstart/,0,rendered local route,,none
after,https://docs.kujolang.ai/review/browser-architecture-and-privacy/,https://docs.kujolang.ai/choose-a-path/,Choose a path,aside,200,https://docs.kujolang.ai/choose-a-path/,0,rendered local route,,none
after,https://docs.kujolang.ai/review/browser-architecture-and-privacy/,https://docs.kujolang.ai/learn/,Learn Kujo,aside,200,https://docs.kujolang.ai/learn/,0,rendered local route,,none
after,https://docs.kujolang.ai/review/browser-architecture-and-privacy/,https://docs.kujolang.ai/build/,Build with Kujo,aside,200,https://docs.kujolang.ai/build/,0,rendered local route,,none
after,https://docs.kujolang.ai/review/browser-architecture-and-privacy/,https://docs.kujolang.ai/review/,Reviewable work,aside,200,https://docs.kujolang.ai/review/,0,rendered local route,,none
after,https://docs.kujolang.ai/review/browser-architecture-and-privacy/,https://docs.kujolang.ai/tools/,Tools,aside,200,https://docs.kujolang.ai/tools/,0,rendered local route,,none
after,https://docs.kujolang.ai/review/browser-architecture-and-privacy/,https://docs.kujolang.ai/showcases/,Showcases,aside,200,https://docs.kujolang.ai/showcases/,0,rendered local route,,none
after,https://docs.kujolang.ai/review/browser-architecture-and-privacy/,https://docs.kujolang.ai/collections/,Collections,aside,200,https://docs.kujolang.ai/collections/,0,rendered local route,,none
after,https://docs.kujolang.ai/review/browser-architecture-and-privacy/,https://docs.kujolang.ai/ecosystem/,Ecosystem,aside,200,https://docs.kujolang.ai/ecosystem/,0,rendered local route,,none
after,https://docs.kujolang.ai/review/browser-architecture-and-privacy/,https://docs.kujolang.ai/reference/,Reference,aside,200,https://docs.kujolang.ai/reference/,0,rendered local route,,none
after,https://docs.kujolang.ai/review/browser-architecture-and-privacy/,https://docs.kujolang.ai/security/,Security model,aside,200,https://docs.kujolang.ai/security/,0,rendered local route,,none
after,https://docs.kujolang.ai/review/browser-architecture-and-privacy/,https://docs.kujolang.ai/release-boundaries/,Release boundaries,aside,200,https://docs.kujolang.ai/release-boundaries/,0,rendered local route,,none
after,https://docs.kujolang.ai/review/browser-architecture-and-privacy/,https://docs.kujolang.ai/support/,Support,aside,200,https://docs.kujolang.ai/support/,0,rendered local route,,none
after,https://docs.kujolang.ai/review/browser-architecture-and-privacy/,https://docs.kujolang.ai/tools/lens/,Lens,article,200,https://docs.kujolang.ai/tools/lens/,0,rendered local route,,none
after,https://docs.kujolang.ai/review/browser-architecture-and-privacy/,https://docs.kujolang.ai/tools/fence/,Fence,article,200,https://docs.kujolang.ai/tools/fence/,0,rendered local route,,none
after,https://docs.kujolang.ai/review/browser-architecture-and-privacy/,https://docs.kujolang.ai/tools/scent/,Scent,article,200,https://docs.kujolang.ai/tools/scent/,0,rendered local route,,none
after,https://docs.kujolang.ai/review/browser-architecture-and-privacy/,https://docs.kujolang.ai/review/quality-and-release-gates/,Previous,nav,200,https://docs.kujolang.ai/review/quality-and-release-gates/,0,rendered local route,prev,none
after,https://docs.kujolang.ai/review/browser-architecture-and-privacy/,https://docs.kujolang.ai/reference/,Reference,nav,200,https://docs.kujolang.ai/reference/,0,rendered local route,,none
after,https://docs.kujolang.ai/review/browser-architecture-and-privacy/,https://docs.kujolang.ai/support/,Support,nav,200,https://docs.kujolang.ai/support/,0,rendered local route,,none
after,https://docs.kujolang.ai/review/browser-architecture-and-privacy/,https://docs.kujolang.ai/release-boundaries/,Release boundaries,nav,200,https://docs.kujolang.ai/release-boundaries/,0,rendered local route,,none
after,https://docs.kujolang.ai/review/browser-architecture-and-privacy/,https://docs.kujolang.ai/llms.txt,llms.txt,nav,200,https://docs.kujolang.ai/llms.txt,0,rendered local route,,none
after,https://docs.kujolang.ai/review/context-and-task-contracts/,https://docs.kujolang.ai/,Docs,header,200,https://docs.kujolang.ai/,0,rendered local route,,none
after,https://docs.kujolang.ai/review/context-and-task-contracts/,https://docs.kujolang.ai/start-here/,Start here,nav,200,https://docs.kujolang.ai/start-here/,0,rendered local route,,none
after,https://docs.kujolang.ai/review/context-and-task-contracts/,https://docs.kujolang.ai/learn/,Learn Kujo,nav,200,https://docs.kujolang.ai/learn/,0,rendered local route,,none
after,https://docs.kujolang.ai/review/context-and-task-contracts/,https://docs.kujolang.ai/build/,Build with Kujo,nav,200,https://docs.kujolang.ai/build/,0,rendered local route,,none
after,https://docs.kujolang.ai/review/context-and-task-contracts/,https://docs.kujolang.ai/ecosystem/providers/,Providers,nav,200,https://docs.kujolang.ai/ecosystem/providers/,0,rendered local route,,none
after,https://docs.kujolang.ai/review/context-and-task-contracts/,https://docs.kujolang.ai/tools/,Tools,nav,200,https://docs.kujolang.ai/tools/,0,rendered local route,,none
after,https://docs.kujolang.ai/review/context-and-task-contracts/,https://docs.kujolang.ai/showcases/,Showcases,nav,200,https://docs.kujolang.ai/showcases/,0,rendered local route,,none
after,https://docs.kujolang.ai/review/context-and-task-contracts/,https://docs.kujolang.ai/start-here/,Start here,aside,200,https://docs.kujolang.ai/start-here/,0,rendered local route,,none
after,https://docs.kujolang.ai/review/context-and-task-contracts/,https://docs.kujolang.ai/install/,Install Kujo,aside,200,https://docs.kujolang.ai/install/,0,rendered local route,,none
after,https://docs.kujolang.ai/review/context-and-task-contracts/,https://docs.kujolang.ai/quickstart/,Quickstart,aside,200,https://docs.kujolang.ai/quickstart/,0,rendered local route,,none
after,https://docs.kujolang.ai/review/context-and-task-contracts/,https://docs.kujolang.ai/choose-a-path/,Choose a path,aside,200,https://docs.kujolang.ai/choose-a-path/,0,rendered local route,,none
after,https://docs.kujolang.ai/review/context-and-task-contracts/,https://docs.kujolang.ai/learn/,Learn Kujo,aside,200,https://docs.kujolang.ai/learn/,0,rendered local route,,none
after,https://docs.kujolang.ai/review/context-and-task-contracts/,https://docs.kujolang.ai/build/,Build with Kujo,aside,200,https://docs.kujolang.ai/build/,0,rendered local route,,none
after,https://docs.kujolang.ai/review/context-and-task-contracts/,https://docs.kujolang.ai/review/,Reviewable work,aside,200,https://docs.kujolang.ai/review/,0,rendered local route,,none
after,https://docs.kujolang.ai/review/context-and-task-contracts/,https://docs.kujolang.ai/tools/,Tools,aside,200,https://docs.kujolang.ai/tools/,0,rendered local route,,none
after,https://docs.kujolang.ai/review/context-and-task-contracts/,https://docs.kujolang.ai/showcases/,Showcases,aside,200,https://docs.kujolang.ai/showcases/,0,rendered local route,,none
after,https://docs.kujolang.ai/review/context-and-task-contracts/,https://docs.kujolang.ai/collections/,Collections,aside,200,https://docs.kujolang.ai/collections/,0,rendered local route,,none
after,https://docs.kujolang.ai/review/context-and-task-contracts/,https://docs.kujolang.ai/ecosystem/,Ecosystem,aside,200,https://docs.kujolang.ai/ecosystem/,0,rendered local route,,none
after,https://docs.kujolang.ai/review/context-and-task-contracts/,https://docs.kujolang.ai/reference/,Reference,aside,200,https://docs.kujolang.ai/reference/,0,rendered local route,,none
after,https://docs.kujolang.ai/review/context-and-task-contracts/,https://docs.kujolang.ai/security/,Security model,aside,200,https://docs.kujolang.ai/security/,0,rendered local route,,none
after,https://docs.kujolang.ai/review/context-and-task-contracts/,https://docs.kujolang.ai/release-boundaries/,Release boundaries,aside,200,https://docs.kujolang.ai/release-boundaries/,0,rendered local route,,none
after,https://docs.kujolang.ai/review/context-and-task-contracts/,https://docs.kujolang.ai/support/,Support,aside,200,https://docs.kujolang.ai/support/,0,rendered local route,,none
after,https://docs.kujolang.ai/review/context-and-task-contracts/,https://docs.kujolang.ai/tools/spec/,Spec,article,200,https://docs.kujolang.ai/tools/spec/,0,rendered local route,,none
after,https://docs.kujolang.ai/review/context-and-task-contracts/,https://docs.kujolang.ai/tools/scout/,Scout,article,200,https://docs.kujolang.ai/tools/scout/,0,rendered local route,,none
after,https://docs.kujolang.ai/review/context-and-task-contracts/,https://docs.kujolang.ai/tools/scent/,Scent,article,200,https://docs.kujolang.ai/tools/scent/,0,rendered local route,,none
after,https://docs.kujolang.ai/review/context-and-task-contracts/,https://docs.kujolang.ai/ecosystem/,Next,nav,200,https://docs.kujolang.ai/ecosystem/,0,rendered local route,next,none
after,https://docs.kujolang.ai/review/context-and-task-contracts/,https://docs.kujolang.ai/reference/,Reference,nav,200,https://docs.kujolang.ai/reference/,0,rendered local route,,none
after,https://docs.kujolang.ai/review/context-and-task-contracts/,https://docs.kujolang.ai/support/,Support,nav,200,https://docs.kujolang.ai/support/,0,rendered local route,,none
after,https://docs.kujolang.ai/review/context-and-task-contracts/,https://docs.kujolang.ai/release-boundaries/,Release boundaries,nav,200,https://docs.kujolang.ai/release-boundaries/,0,rendered local route,,none
after,https://docs.kujolang.ai/review/context-and-task-contracts/,https://docs.kujolang.ai/llms.txt,llms.txt,nav,200,https://docs.kujolang.ai/llms.txt,0,rendered local route,,none
after,https://docs.kujolang.ai/review/evidence-and-run-history/,https://docs.kujolang.ai/,Docs,header,200,https://docs.kujolang.ai/,0,rendered local route,,none
after,https://docs.kujolang.ai/review/evidence-and-run-history/,https://docs.kujolang.ai/start-here/,Start here,nav,200,https://docs.kujolang.ai/start-here/,0,rendered local route,,none
after,https://docs.kujolang.ai/review/evidence-and-run-history/,https://docs.kujolang.ai/learn/,Learn Kujo,nav,200,https://docs.kujolang.ai/learn/,0,rendered local route,,none
after,https://docs.kujolang.ai/review/evidence-and-run-history/,https://docs.kujolang.ai/build/,Build with Kujo,nav,200,https://docs.kujolang.ai/build/,0,rendered local route,,none
after,https://docs.kujolang.ai/review/evidence-and-run-history/,https://docs.kujolang.ai/ecosystem/providers/,Providers,nav,200,https://docs.kujolang.ai/ecosystem/providers/,0,rendered local route,,none
after,https://docs.kujolang.ai/review/evidence-and-run-history/,https://docs.kujolang.ai/tools/,Tools,nav,200,https://docs.kujolang.ai/tools/,0,rendered local route,,none
after,https://docs.kujolang.ai/review/evidence-and-run-history/,https://docs.kujolang.ai/showcases/,Showcases,nav,200,https://docs.kujolang.ai/showcases/,0,rendered local route,,none
after,https://docs.kujolang.ai/review/evidence-and-run-history/,https://docs.kujolang.ai/start-here/,Start here,aside,200,https://docs.kujolang.ai/start-here/,0,rendered local route,,none
after,https://docs.kujolang.ai/review/evidence-and-run-history/,https://docs.kujolang.ai/install/,Install Kujo,aside,200,https://docs.kujolang.ai/install/,0,rendered local route,,none
after,https://docs.kujolang.ai/review/evidence-and-run-history/,https://docs.kujolang.ai/quickstart/,Quickstart,aside,200,https://docs.kujolang.ai/quickstart/,0,rendered local route,,none
after,https://docs.kujolang.ai/review/evidence-and-run-history/,https://docs.kujolang.ai/choose-a-path/,Choose a path,aside,200,https://docs.kujolang.ai/choose-a-path/,0,rendered local route,,none
after,https://docs.kujolang.ai/review/evidence-and-run-history/,https://docs.kujolang.ai/learn/,Learn Kujo,aside,200,https://docs.kujolang.ai/learn/,0,rendered local route,,none
after,https://docs.kujolang.ai/review/evidence-and-run-history/,https://docs.kujolang.ai/build/,Build with Kujo,aside,200,https://docs.kujolang.ai/build/,0,rendered local route,,none
after,https://docs.kujolang.ai/review/evidence-and-run-history/,https://docs.kujolang.ai/review/,Reviewable work,aside,200,https://docs.kujolang.ai/review/,0,rendered local route,,none
after,https://docs.kujolang.ai/review/evidence-and-run-history/,https://docs.kujolang.ai/tools/,Tools,aside,200,https://docs.kujolang.ai/tools/,0,rendered local route,,none
after,https://docs.kujolang.ai/review/evidence-and-run-history/,https://docs.kujolang.ai/showcases/,Showcases,aside,200,https://docs.kujolang.ai/showcases/,0,rendered local route,,none
after,https://docs.kujolang.ai/review/evidence-and-run-history/,https://docs.kujolang.ai/collections/,Collections,aside,200,https://docs.kujolang.ai/collections/,0,rendered local route,,none
after,https://docs.kujolang.ai/review/evidence-and-run-history/,https://docs.kujolang.ai/ecosystem/,Ecosystem,aside,200,https://docs.kujolang.ai/ecosystem/,0,rendered local route,,none
after,https://docs.kujolang.ai/review/evidence-and-run-history/,https://docs.kujolang.ai/reference/,Reference,aside,200,https://docs.kujolang.ai/reference/,0,rendered local route,,none
after,https://docs.kujolang.ai/review/evidence-and-run-history/,https://docs.kujolang.ai/security/,Security model,aside,200,https://docs.kujolang.ai/security/,0,rendered local route,,none
after,https://docs.kujolang.ai/review/evidence-and-run-history/,https://docs.kujolang.ai/release-boundaries/,Release boundaries,aside,200,https://docs.kujolang.ai/release-boundaries/,0,rendered local route,,none
after,https://docs.kujolang.ai/review/evidence-and-run-history/,https://docs.kujolang.ai/support/,Support,aside,200,https://docs.kujolang.ai/support/,0,rendered local route,,none
after,https://docs.kujolang.ai/review/evidence-and-run-history/,https://docs.kujolang.ai/tools/runledger/,RunLedger,article,200,https://docs.kujolang.ai/tools/runledger/,0,rendered local route,,none
after,https://docs.kujolang.ai/review/evidence-and-run-history/,https://docs.kujolang.ai/tools/casefile/,CaseFile,article,200,https://docs.kujolang.ai/tools/casefile/,0,rendered local route,,none
after,https://docs.kujolang.ai/review/evidence-and-run-history/,https://docs.kujolang.ai/tools/patchbrief/,PatchBrief,article,200,https://docs.kujolang.ai/tools/patchbrief/,0,rendered local route,,none
after,https://docs.kujolang.ai/review/evidence-and-run-history/,https://docs.kujolang.ai/tools/changebucket/,ChangeBucket,article,200,https://docs.kujolang.ai/tools/changebucket/,0,rendered local route,,none
after,https://docs.kujolang.ai/review/evidence-and-run-history/,https://docs.kujolang.ai/review/tests-and-evaluation/,Previous,nav,200,https://docs.kujolang.ai/review/tests-and-evaluation/,0,rendered local route,prev,none
after,https://docs.kujolang.ai/review/evidence-and-run-history/,https://docs.kujolang.ai/review/quality-and-release-gates/,Next,nav,200,https://docs.kujolang.ai/review/quality-and-release-gates/,0,rendered local route,next,none
after,https://docs.kujolang.ai/review/evidence-and-run-history/,https://docs.kujolang.ai/reference/,Reference,nav,200,https://docs.kujolang.ai/reference/,0,rendered local route,,none
after,https://docs.kujolang.ai/review/evidence-and-run-history/,https://docs.kujolang.ai/support/,Support,nav,200,https://docs.kujolang.ai/support/,0,rendered local route,,none
after,https://docs.kujolang.ai/review/evidence-and-run-history/,https://docs.kujolang.ai/release-boundaries/,Release boundaries,nav,200,https://docs.kujolang.ai/release-boundaries/,0,rendered local route,,none
after,https://docs.kujolang.ai/review/evidence-and-run-history/,https://docs.kujolang.ai/llms.txt,llms.txt,nav,200,https://docs.kujolang.ai/llms.txt,0,rendered local route,,none
after,https://docs.kujolang.ai/review/,https://docs.kujolang.ai/,Docs,header,200,https://docs.kujolang.ai/,0,rendered local route,,none
after,https://docs.kujolang.ai/review/,https://docs.kujolang.ai/start-here/,Start here,nav,200,https://docs.kujolang.ai/start-here/,0,rendered local route,,none
after,https://docs.kujolang.ai/review/,https://docs.kujolang.ai/learn/,Learn Kujo,nav,200,https://docs.kujolang.ai/learn/,0,rendered local route,,none
after,https://docs.kujolang.ai/review/,https://docs.kujolang.ai/build/,Build with Kujo,nav,200,https://docs.kujolang.ai/build/,0,rendered local route,,none
after,https://docs.kujolang.ai/review/,https://docs.kujolang.ai/ecosystem/providers/,Providers,nav,200,https://docs.kujolang.ai/ecosystem/providers/,0,rendered local route,,none
after,https://docs.kujolang.ai/review/,https://docs.kujolang.ai/tools/,Tools,nav,200,https://docs.kujolang.ai/tools/,0,rendered local route,,none
after,https://docs.kujolang.ai/review/,https://docs.kujolang.ai/showcases/,Showcases,nav,200,https://docs.kujolang.ai/showcases/,0,rendered local route,,none
after,https://docs.kujolang.ai/review/,https://docs.kujolang.ai/review/context-and-task-contracts/,Context and task contracts,main,200,https://docs.kujolang.ai/review/context-and-task-contracts/,0,rendered local route,,none
after,https://docs.kujolang.ai/review/,https://docs.kujolang.ai/review/context-and-task-contracts/,View contracts,main,200,https://docs.kujolang.ai/review/context-and-task-contracts/,0,rendered local route,,none
after,https://docs.kujolang.ai/review/,https://docs.kujolang.ai/review/tests-and-evaluation/,Tests and evaluation,main,200,https://docs.kujolang.ai/review/tests-and-evaluation/,0,rendered local route,,none
after,https://docs.kujolang.ai/review/,https://docs.kujolang.ai/review/tests-and-evaluation/,View evaluation,main,200,https://docs.kujolang.ai/review/tests-and-evaluation/,0,rendered local route,,none
after,https://docs.kujolang.ai/review/,https://docs.kujolang.ai/review/evidence-and-run-history/,Evidence and run history,main,200,https://docs.kujolang.ai/review/evidence-and-run-history/,0,rendered local route,,none
after,https://docs.kujolang.ai/review/,https://docs.kujolang.ai/review/evidence-and-run-history/,View evidence,main,200,https://docs.kujolang.ai/review/evidence-and-run-history/,0,rendered local route,,none
after,https://docs.kujolang.ai/review/,https://docs.kujolang.ai/review/quality-and-release-gates/,Quality and release gates,main,200,https://docs.kujolang.ai/review/quality-and-release-gates/,0,rendered local route,,none
after,https://docs.kujolang.ai/review/,https://docs.kujolang.ai/review/quality-and-release-gates/,View gates,main,200,https://docs.kujolang.ai/review/quality-and-release-gates/,0,rendered local route,,none
after,https://docs.kujolang.ai/review/,https://docs.kujolang.ai/review/browser-architecture-and-privacy/,"Browser, architecture, and privacy",main,200,https://docs.kujolang.ai/review/browser-architecture-and-privacy/,0,rendered local route,,none
after,https://docs.kujolang.ai/review/,https://docs.kujolang.ai/review/browser-architecture-and-privacy/,View browser proof,main,200,https://docs.kujolang.ai/review/browser-architecture-and-privacy/,0,rendered local route,,none
after,https://docs.kujolang.ai/review/,https://docs.kujolang.ai/reference/,Reference,nav,200,https://docs.kujolang.ai/reference/,0,rendered local route,,none
after,https://docs.kujolang.ai/review/,https://docs.kujolang.ai/support/,Support,nav,200,https://docs.kujolang.ai/support/,0,rendered local route,,none
after,https://docs.kujolang.ai/review/,https://docs.kujolang.ai/release-boundaries/,Release boundaries,nav,200,https://docs.kujolang.ai/release-boundaries/,0,rendered local route,,none
after,https://docs.kujolang.ai/review/,https://docs.kujolang.ai/llms.txt,llms.txt,nav,200,https://docs.kujolang.ai/llms.txt,0,rendered local route,,none
after,https://docs.kujolang.ai/review/quality-and-release-gates/,https://docs.kujolang.ai/,Docs,header,200,https://docs.kujolang.ai/,0,rendered local route,,none
after,https://docs.kujolang.ai/review/quality-and-release-gates/,https://docs.kujolang.ai/start-here/,Start here,nav,200,https://docs.kujolang.ai/start-here/,0,rendered local route,,none
after,https://docs.kujolang.ai/review/quality-and-release-gates/,https://docs.kujolang.ai/learn/,Learn Kujo,nav,200,https://docs.kujolang.ai/learn/,0,rendered local route,,none
after,https://docs.kujolang.ai/review/quality-and-release-gates/,https://docs.kujolang.ai/build/,Build with Kujo,nav,200,https://docs.kujolang.ai/build/,0,rendered local route,,none
after,https://docs.kujolang.ai/review/quality-and-release-gates/,https://docs.kujolang.ai/ecosystem/providers/,Providers,nav,200,https://docs.kujolang.ai/ecosystem/providers/,0,rendered local route,,none
after,https://docs.kujolang.ai/review/quality-and-release-gates/,https://docs.kujolang.ai/tools/,Tools,nav,200,https://docs.kujolang.ai/tools/,0,rendered local route,,none
after,https://docs.kujolang.ai/review/quality-and-release-gates/,https://docs.kujolang.ai/showcases/,Showcases,nav,200,https://docs.kujolang.ai/showcases/,0,rendered local route,,none
after,https://docs.kujolang.ai/review/quality-and-release-gates/,https://docs.kujolang.ai/start-here/,Start here,aside,200,https://docs.kujolang.ai/start-here/,0,rendered local route,,none
after,https://docs.kujolang.ai/review/quality-and-release-gates/,https://docs.kujolang.ai/install/,Install Kujo,aside,200,https://docs.kujolang.ai/install/,0,rendered local route,,none
after,https://docs.kujolang.ai/review/quality-and-release-gates/,https://docs.kujolang.ai/quickstart/,Quickstart,aside,200,https://docs.kujolang.ai/quickstart/,0,rendered local route,,none
after,https://docs.kujolang.ai/review/quality-and-release-gates/,https://docs.kujolang.ai/choose-a-path/,Choose a path,aside,200,https://docs.kujolang.ai/choose-a-path/,0,rendered local route,,none
after,https://docs.kujolang.ai/review/quality-and-release-gates/,https://docs.kujolang.ai/learn/,Learn Kujo,aside,200,https://docs.kujolang.ai/learn/,0,rendered local route,,none
after,https://docs.kujolang.ai/review/quality-and-release-gates/,https://docs.kujolang.ai/build/,Build with Kujo,aside,200,https://docs.kujolang.ai/build/,0,rendered local route,,none
after,https://docs.kujolang.ai/review/quality-and-release-gates/,https://docs.kujolang.ai/review/,Reviewable work,aside,200,https://docs.kujolang.ai/review/,0,rendered local route,,none
after,https://docs.kujolang.ai/review/quality-and-release-gates/,https://docs.kujolang.ai/tools/,Tools,aside,200,https://docs.kujolang.ai/tools/,0,rendered local route,,none
after,https://docs.kujolang.ai/review/quality-and-release-gates/,https://docs.kujolang.ai/showcases/,Showcases,aside,200,https://docs.kujolang.ai/showcases/,0,rendered local route,,none
after,https://docs.kujolang.ai/review/quality-and-release-gates/,https://docs.kujolang.ai/collections/,Collections,aside,200,https://docs.kujolang.ai/collections/,0,rendered local route,,none
after,https://docs.kujolang.ai/review/quality-and-release-gates/,https://docs.kujolang.ai/ecosystem/,Ecosystem,aside,200,https://docs.kujolang.ai/ecosystem/,0,rendered local route,,none
after,https://docs.kujolang.ai/review/quality-and-release-gates/,https://docs.kujolang.ai/reference/,Reference,aside,200,https://docs.kujolang.ai/reference/,0,rendered local route,,none
after,https://docs.kujolang.ai/review/quality-and-release-gates/,https://docs.kujolang.ai/security/,Security model,aside,200,https://docs.kujolang.ai/security/,0,rendered local route,,none
after,https://docs.kujolang.ai/review/quality-and-release-gates/,https://docs.kujolang.ai/release-boundaries/,Release boundaries,aside,200,https://docs.kujolang.ai/release-boundaries/,0,rendered local route,,none
after,https://docs.kujolang.ai/review/quality-and-release-gates/,https://docs.kujolang.ai/support/,Support,aside,200,https://docs.kujolang.ai/support/,0,rendered local route,,none
after,https://docs.kujolang.ai/review/quality-and-release-gates/,https://docs.kujolang.ai/tools/concord/,Concord,article,200,https://docs.kujolang.ai/tools/concord/,0,rendered local route,,none
after,https://docs.kujolang.ai/review/quality-and-release-gates/,https://docs.kujolang.ai/tools/fence/,Fence,article,200,https://docs.kujolang.ai/tools/fence/,0,rendered local route,,none
after,https://docs.kujolang.ai/review/quality-and-release-gates/,https://docs.kujolang.ai/tools/shipcheck/,ShipCheck,article,200,https://docs.kujolang.ai/tools/shipcheck/,0,rendered local route,,none
after,https://docs.kujolang.ai/review/quality-and-release-gates/,https://docs.kujolang.ai/tools/lens/,Lens,article,200,https://docs.kujolang.ai/tools/lens/,0,rendered local route,,none
after,https://docs.kujolang.ai/review/quality-and-release-gates/,https://docs.kujolang.ai/tools/scent/,Scent,article,200,https://docs.kujolang.ai/tools/scent/,0,rendered local route,,none
after,https://docs.kujolang.ai/review/quality-and-release-gates/,https://docs.kujolang.ai/review/evidence-and-run-history/,Previous,nav,200,https://docs.kujolang.ai/review/evidence-and-run-history/,0,rendered local route,prev,none
after,https://docs.kujolang.ai/review/quality-and-release-gates/,https://docs.kujolang.ai/review/browser-architecture-and-privacy/,Next,nav,200,https://docs.kujolang.ai/review/browser-architecture-and-privacy/,0,rendered local route,next,none
after,https://docs.kujolang.ai/review/quality-and-release-gates/,https://docs.kujolang.ai/reference/,Reference,nav,200,https://docs.kujolang.ai/reference/,0,rendered local route,,none
after,https://docs.kujolang.ai/review/quality-and-release-gates/,https://docs.kujolang.ai/support/,Support,nav,200,https://docs.kujolang.ai/support/,0,rendered local route,,none
after,https://docs.kujolang.ai/review/quality-and-release-gates/,https://docs.kujolang.ai/release-boundaries/,Release boundaries,nav,200,https://docs.kujolang.ai/release-boundaries/,0,rendered local route,,none
after,https://docs.kujolang.ai/review/quality-and-release-gates/,https://docs.kujolang.ai/llms.txt,llms.txt,nav,200,https://docs.kujolang.ai/llms.txt,0,rendered local route,,none
after,https://docs.kujolang.ai/review/tests-and-evaluation/,https://docs.kujolang.ai/,Docs,header,200,https://docs.kujolang.ai/,0,rendered local route,,none
after,https://docs.kujolang.ai/review/tests-and-evaluation/,https://docs.kujolang.ai/start-here/,Start here,nav,200,https://docs.kujolang.ai/start-here/,0,rendered local route,,none
after,https://docs.kujolang.ai/review/tests-and-evaluation/,https://docs.kujolang.ai/learn/,Learn Kujo,nav,200,https://docs.kujolang.ai/learn/,0,rendered local route,,none
after,https://docs.kujolang.ai/review/tests-and-evaluation/,https://docs.kujolang.ai/build/,Build with Kujo,nav,200,https://docs.kujolang.ai/build/,0,rendered local route,,none
after,https://docs.kujolang.ai/review/tests-and-evaluation/,https://docs.kujolang.ai/ecosystem/providers/,Providers,nav,200,https://docs.kujolang.ai/ecosystem/providers/,0,rendered local route,,none
after,https://docs.kujolang.ai/review/tests-and-evaluation/,https://docs.kujolang.ai/tools/,Tools,nav,200,https://docs.kujolang.ai/tools/,0,rendered local route,,none
after,https://docs.kujolang.ai/review/tests-and-evaluation/,https://docs.kujolang.ai/showcases/,Showcases,nav,200,https://docs.kujolang.ai/showcases/,0,rendered local route,,none
after,https://docs.kujolang.ai/review/tests-and-evaluation/,https://docs.kujolang.ai/start-here/,Start here,aside,200,https://docs.kujolang.ai/start-here/,0,rendered local route,,none
after,https://docs.kujolang.ai/review/tests-and-evaluation/,https://docs.kujolang.ai/install/,Install Kujo,aside,200,https://docs.kujolang.ai/install/,0,rendered local route,,none
after,https://docs.kujolang.ai/review/tests-and-evaluation/,https://docs.kujolang.ai/quickstart/,Quickstart,aside,200,https://docs.kujolang.ai/quickstart/,0,rendered local route,,none
after,https://docs.kujolang.ai/review/tests-and-evaluation/,https://docs.kujolang.ai/choose-a-path/,Choose a path,aside,200,https://docs.kujolang.ai/choose-a-path/,0,rendered local route,,none
after,https://docs.kujolang.ai/review/tests-and-evaluation/,https://docs.kujolang.ai/learn/,Learn Kujo,aside,200,https://docs.kujolang.ai/learn/,0,rendered local route,,none
after,https://docs.kujolang.ai/review/tests-and-evaluation/,https://docs.kujolang.ai/build/,Build with Kujo,aside,200,https://docs.kujolang.ai/build/,0,rendered local route,,none
after,https://docs.kujolang.ai/review/tests-and-evaluation/,https://docs.kujolang.ai/review/,Reviewable work,aside,200,https://docs.kujolang.ai/review/,0,rendered local route,,none
after,https://docs.kujolang.ai/review/tests-and-evaluation/,https://docs.kujolang.ai/tools/,Tools,aside,200,https://docs.kujolang.ai/tools/,0,rendered local route,,none
after,https://docs.kujolang.ai/review/tests-and-evaluation/,https://docs.kujolang.ai/showcases/,Showcases,aside,200,https://docs.kujolang.ai/showcases/,0,rendered local route,,none
after,https://docs.kujolang.ai/review/tests-and-evaluation/,https://docs.kujolang.ai/collections/,Collections,aside,200,https://docs.kujolang.ai/collections/,0,rendered local route,,none
after,https://docs.kujolang.ai/review/tests-and-evaluation/,https://docs.kujolang.ai/ecosystem/,Ecosystem,aside,200,https://docs.kujolang.ai/ecosystem/,0,rendered local route,,none
after,https://docs.kujolang.ai/review/tests-and-evaluation/,https://docs.kujolang.ai/reference/,Reference,aside,200,https://docs.kujolang.ai/reference/,0,rendered local route,,none
after,https://docs.kujolang.ai/review/tests-and-evaluation/,https://docs.kujolang.ai/security/,Security model,aside,200,https://docs.kujolang.ai/security/,0,rendered local route,,none
after,https://docs.kujolang.ai/review/tests-and-evaluation/,https://docs.kujolang.ai/release-boundaries/,Release boundaries,aside,200,https://docs.kujolang.ai/release-boundaries/,0,rendered local route,,none
after,https://docs.kujolang.ai/review/tests-and-evaluation/,https://docs.kujolang.ai/support/,Support,aside,200,https://docs.kujolang.ai/support/,0,rendered local route,,none
after,https://docs.kujolang.ai/review/tests-and-evaluation/,https://docs.kujolang.ai/tools/eval/,Eval,article,200,https://docs.kujolang.ai/tools/eval/,0,rendered local route,,none
after,https://docs.kujolang.ai/review/tests-and-evaluation/,https://docs.kujolang.ai/review/context-and-task-contracts/,Previous,nav,200,https://docs.kujolang.ai/review/context-and-task-contracts/,0,rendered local route,prev,none
after,https://docs.kujolang.ai/review/tests-and-evaluation/,https://docs.kujolang.ai/review/evidence-and-run-history/,Next,nav,200,https://docs.kujolang.ai/review/evidence-and-run-history/,0,rendered local route,next,none
after,https://docs.kujolang.ai/review/tests-and-evaluation/,https://docs.kujolang.ai/reference/,Reference,nav,200,https://docs.kujolang.ai/reference/,0,rendered local route,,none
after,https://docs.kujolang.ai/review/tests-and-evaluation/,https://docs.kujolang.ai/support/,Support,nav,200,https://docs.kujolang.ai/support/,0,rendered local route,,none
after,https://docs.kujolang.ai/review/tests-and-evaluation/,https://docs.kujolang.ai/release-boundaries/,Release boundaries,nav,200,https://docs.kujolang.ai/release-boundaries/,0,rendered local route,,none
after,https://docs.kujolang.ai/review/tests-and-evaluation/,https://docs.kujolang.ai/llms.txt,llms.txt,nav,200,https://docs.kujolang.ai/llms.txt,0,rendered local route,,none
after,https://docs.kujolang.ai/security/,https://docs.kujolang.ai/,Docs,header,200,https://docs.kujolang.ai/,0,rendered local route,,none
after,https://docs.kujolang.ai/security/,https://docs.kujolang.ai/start-here/,Start here,nav,200,https://docs.kujolang.ai/start-here/,0,rendered local route,,none
after,https://docs.kujolang.ai/security/,https://docs.kujolang.ai/learn/,Learn Kujo,nav,200,https://docs.kujolang.ai/learn/,0,rendered local route,,none
after,https://docs.kujolang.ai/security/,https://docs.kujolang.ai/build/,Build with Kujo,nav,200,https://docs.kujolang.ai/build/,0,rendered local route,,none
after,https://docs.kujolang.ai/security/,https://docs.kujolang.ai/ecosystem/providers/,Providers,nav,200,https://docs.kujolang.ai/ecosystem/providers/,0,rendered local route,,none
after,https://docs.kujolang.ai/security/,https://docs.kujolang.ai/tools/,Tools,nav,200,https://docs.kujolang.ai/tools/,0,rendered local route,,none
after,https://docs.kujolang.ai/security/,https://docs.kujolang.ai/showcases/,Showcases,nav,200,https://docs.kujolang.ai/showcases/,0,rendered local route,,none
after,https://docs.kujolang.ai/security/,https://docs.kujolang.ai/start-here/,Start here,aside,200,https://docs.kujolang.ai/start-here/,0,rendered local route,,none
after,https://docs.kujolang.ai/security/,https://docs.kujolang.ai/install/,Install Kujo,aside,200,https://docs.kujolang.ai/install/,0,rendered local route,,none
after,https://docs.kujolang.ai/security/,https://docs.kujolang.ai/quickstart/,Quickstart,aside,200,https://docs.kujolang.ai/quickstart/,0,rendered local route,,none
after,https://docs.kujolang.ai/security/,https://docs.kujolang.ai/choose-a-path/,Choose a path,aside,200,https://docs.kujolang.ai/choose-a-path/,0,rendered local route,,none
after,https://docs.kujolang.ai/security/,https://docs.kujolang.ai/learn/,Learn Kujo,aside,200,https://docs.kujolang.ai/learn/,0,rendered local route,,none
after,https://docs.kujolang.ai/security/,https://docs.kujolang.ai/build/,Build with Kujo,aside,200,https://docs.kujolang.ai/build/,0,rendered local route,,none
after,https://docs.kujolang.ai/security/,https://docs.kujolang.ai/ecosystem/providers/,Provider packages,aside,200,https://docs.kujolang.ai/ecosystem/providers/,0,rendered local route,,none
after,https://docs.kujolang.ai/security/,https://docs.kujolang.ai/review/,Reviewable work,aside,200,https://docs.kujolang.ai/review/,0,rendered local route,,none
after,https://docs.kujolang.ai/security/,https://docs.kujolang.ai/tools/,Tools,aside,200,https://docs.kujolang.ai/tools/,0,rendered local route,,none
after,https://docs.kujolang.ai/security/,https://docs.kujolang.ai/showcases/,Showcases,aside,200,https://docs.kujolang.ai/showcases/,0,rendered local route,,none
after,https://docs.kujolang.ai/security/,https://docs.kujolang.ai/collections/,Collections,aside,200,https://docs.kujolang.ai/collections/,0,rendered local route,,none
after,https://docs.kujolang.ai/security/,https://docs.kujolang.ai/ecosystem/,Ecosystem,aside,200,https://docs.kujolang.ai/ecosystem/,0,rendered local route,,none
after,https://docs.kujolang.ai/security/,https://docs.kujolang.ai/reference/,Reference,aside,200,https://docs.kujolang.ai/reference/,0,rendered local route,,none
after,https://docs.kujolang.ai/security/,https://docs.kujolang.ai/security/,Security model,aside,200,https://docs.kujolang.ai/security/,0,rendered local route,,none
after,https://docs.kujolang.ai/security/,https://docs.kujolang.ai/release-boundaries/,Release boundaries,aside,200,https://docs.kujolang.ai/release-boundaries/,0,rendered local route,,none
after,https://docs.kujolang.ai/security/,https://docs.kujolang.ai/support/,Support,aside,200,https://docs.kujolang.ai/support/,0,rendered local route,,none
after,https://docs.kujolang.ai/security/,https://docs.kujolang.ai/tools/scent/,Scent,article,200,https://docs.kujolang.ai/tools/scent/,0,rendered local route,,none
after,https://docs.kujolang.ai/security/,https://docs.kujolang.ai/tools/mcp/,MCP,article,200,https://docs.kujolang.ai/tools/mcp/,0,rendered local route,,none
after,https://docs.kujolang.ai/security/,https://docs.kujolang.ai/release-boundaries/,Next,nav,200,https://docs.kujolang.ai/release-boundaries/,0,rendered local route,next,none
after,https://docs.kujolang.ai/security/,https://docs.kujolang.ai/reference/,Reference,nav,200,https://docs.kujolang.ai/reference/,0,rendered local route,,none
after,https://docs.kujolang.ai/security/,https://docs.kujolang.ai/support/,Support,nav,200,https://docs.kujolang.ai/support/,0,rendered local route,,none
after,https://docs.kujolang.ai/security/,https://docs.kujolang.ai/release-boundaries/,Release boundaries,nav,200,https://docs.kujolang.ai/release-boundaries/,0,rendered local route,,none
after,https://docs.kujolang.ai/security/,https://docs.kujolang.ai/llms.txt,llms.txt,nav,200,https://docs.kujolang.ai/llms.txt,0,rendered local route,,none
after,https://docs.kujolang.ai/showcases/ai-chat/,https://docs.kujolang.ai/,Docs,header,200,https://docs.kujolang.ai/,0,rendered local route,,none
after,https://docs.kujolang.ai/showcases/ai-chat/,https://docs.kujolang.ai/start-here/,Start here,nav,200,https://docs.kujolang.ai/start-here/,0,rendered local route,,none
after,https://docs.kujolang.ai/showcases/ai-chat/,https://docs.kujolang.ai/learn/,Learn Kujo,nav,200,https://docs.kujolang.ai/learn/,0,rendered local route,,none
after,https://docs.kujolang.ai/showcases/ai-chat/,https://docs.kujolang.ai/build/,Build with Kujo,nav,200,https://docs.kujolang.ai/build/,0,rendered local route,,none
after,https://docs.kujolang.ai/showcases/ai-chat/,https://docs.kujolang.ai/ecosystem/providers/,Providers,nav,200,https://docs.kujolang.ai/ecosystem/providers/,0,rendered local route,,none
after,https://docs.kujolang.ai/showcases/ai-chat/,https://docs.kujolang.ai/tools/,Tools,nav,200,https://docs.kujolang.ai/tools/,0,rendered local route,,none
after,https://docs.kujolang.ai/showcases/ai-chat/,https://docs.kujolang.ai/showcases/,Showcases,nav,200,https://docs.kujolang.ai/showcases/,0,rendered local route,,none
after,https://docs.kujolang.ai/showcases/ai-chat/,https://docs.kujolang.ai/start-here/,Start here,aside,200,https://docs.kujolang.ai/start-here/,0,rendered local route,,none
after,https://docs.kujolang.ai/showcases/ai-chat/,https://docs.kujolang.ai/install/,Install Kujo,aside,200,https://docs.kujolang.ai/install/,0,rendered local route,,none
after,https://docs.kujolang.ai/showcases/ai-chat/,https://docs.kujolang.ai/quickstart/,Quickstart,aside,200,https://docs.kujolang.ai/quickstart/,0,rendered local route,,none
after,https://docs.kujolang.ai/showcases/ai-chat/,https://docs.kujolang.ai/choose-a-path/,Choose a path,aside,200,https://docs.kujolang.ai/choose-a-path/,0,rendered local route,,none
after,https://docs.kujolang.ai/showcases/ai-chat/,https://docs.kujolang.ai/learn/,Learn Kujo,aside,200,https://docs.kujolang.ai/learn/,0,rendered local route,,none
after,https://docs.kujolang.ai/showcases/ai-chat/,https://docs.kujolang.ai/build/,Build with Kujo,aside,200,https://docs.kujolang.ai/build/,0,rendered local route,,none
after,https://docs.kujolang.ai/showcases/ai-chat/,https://docs.kujolang.ai/review/,Reviewable work,aside,200,https://docs.kujolang.ai/review/,0,rendered local route,,none
after,https://docs.kujolang.ai/showcases/ai-chat/,https://docs.kujolang.ai/tools/,Tools,aside,200,https://docs.kujolang.ai/tools/,0,rendered local route,,none
after,https://docs.kujolang.ai/showcases/ai-chat/,https://docs.kujolang.ai/showcases/,Showcases,aside,200,https://docs.kujolang.ai/showcases/,0,rendered local route,,none
after,https://docs.kujolang.ai/showcases/ai-chat/,https://docs.kujolang.ai/collections/,Collections,aside,200,https://docs.kujolang.ai/collections/,0,rendered local route,,none
after,https://docs.kujolang.ai/showcases/ai-chat/,https://docs.kujolang.ai/ecosystem/,Ecosystem,aside,200,https://docs.kujolang.ai/ecosystem/,0,rendered local route,,none
after,https://docs.kujolang.ai/showcases/ai-chat/,https://docs.kujolang.ai/reference/,Reference,aside,200,https://docs.kujolang.ai/reference/,0,rendered local route,,none
after,https://docs.kujolang.ai/showcases/ai-chat/,https://docs.kujolang.ai/security/,Security model,aside,200,https://docs.kujolang.ai/security/,0,rendered local route,,none
after,https://docs.kujolang.ai/showcases/ai-chat/,https://docs.kujolang.ai/release-boundaries/,Release boundaries,aside,200,https://docs.kujolang.ai/release-boundaries/,0,rendered local route,,none
after,https://docs.kujolang.ai/showcases/ai-chat/,https://docs.kujolang.ai/support/,Support,aside,200,https://docs.kujolang.ai/support/,0,rendered local route,,none
after,https://docs.kujolang.ai/showcases/ai-chat/,https://docs.kujolang.ai/tools/ai-sdk/,AI SDK,article,200,https://docs.kujolang.ai/tools/ai-sdk/,0,rendered local route,,none
after,https://docs.kujolang.ai/showcases/ai-chat/,https://docs.kujolang.ai/tools/watchdog/,Watchdog,article,200,https://docs.kujolang.ai/tools/watchdog/,0,rendered local route,,none
after,https://docs.kujolang.ai/showcases/ai-chat/,https://docs.kujolang.ai/showcases/crud-api/,Previous,nav,200,https://docs.kujolang.ai/showcases/crud-api/,0,rendered local route,prev,none
after,https://docs.kujolang.ai/showcases/ai-chat/,https://docs.kujolang.ai/showcases/ssg/,Next,nav,200,https://docs.kujolang.ai/showcases/ssg/,0,rendered local route,next,none
after,https://docs.kujolang.ai/showcases/ai-chat/,https://docs.kujolang.ai/reference/,Reference,nav,200,https://docs.kujolang.ai/reference/,0,rendered local route,,none
after,https://docs.kujolang.ai/showcases/ai-chat/,https://docs.kujolang.ai/support/,Support,nav,200,https://docs.kujolang.ai/support/,0,rendered local route,,none
after,https://docs.kujolang.ai/showcases/ai-chat/,https://docs.kujolang.ai/release-boundaries/,Release boundaries,nav,200,https://docs.kujolang.ai/release-boundaries/,0,rendered local route,,none
after,https://docs.kujolang.ai/showcases/ai-chat/,https://docs.kujolang.ai/llms.txt,llms.txt,nav,200,https://docs.kujolang.ai/llms.txt,0,rendered local route,,none
after,https://docs.kujolang.ai/showcases/cinch/,https://docs.kujolang.ai/,Docs,header,200,https://docs.kujolang.ai/,0,rendered local route,,none
after,https://docs.kujolang.ai/showcases/cinch/,https://docs.kujolang.ai/start-here/,Start here,nav,200,https://docs.kujolang.ai/start-here/,0,rendered local route,,none
after,https://docs.kujolang.ai/showcases/cinch/,https://docs.kujolang.ai/learn/,Learn Kujo,nav,200,https://docs.kujolang.ai/learn/,0,rendered local route,,none
after,https://docs.kujolang.ai/showcases/cinch/,https://docs.kujolang.ai/build/,Build with Kujo,nav,200,https://docs.kujolang.ai/build/,0,rendered local route,,none
after,https://docs.kujolang.ai/showcases/cinch/,https://docs.kujolang.ai/ecosystem/providers/,Providers,nav,200,https://docs.kujolang.ai/ecosystem/providers/,0,rendered local route,,none
after,https://docs.kujolang.ai/showcases/cinch/,https://docs.kujolang.ai/tools/,Tools,nav,200,https://docs.kujolang.ai/tools/,0,rendered local route,,none
after,https://docs.kujolang.ai/showcases/cinch/,https://docs.kujolang.ai/showcases/,Showcases,nav,200,https://docs.kujolang.ai/showcases/,0,rendered local route,,none
after,https://docs.kujolang.ai/showcases/cinch/,https://docs.kujolang.ai/start-here/,Start here,aside,200,https://docs.kujolang.ai/start-here/,0,rendered local route,,none
after,https://docs.kujolang.ai/showcases/cinch/,https://docs.kujolang.ai/install/,Install Kujo,aside,200,https://docs.kujolang.ai/install/,0,rendered local route,,none
after,https://docs.kujolang.ai/showcases/cinch/,https://docs.kujolang.ai/quickstart/,Quickstart,aside,200,https://docs.kujolang.ai/quickstart/,0,rendered local route,,none
after,https://docs.kujolang.ai/showcases/cinch/,https://docs.kujolang.ai/choose-a-path/,Choose a path,aside,200,https://docs.kujolang.ai/choose-a-path/,0,rendered local route,,none
after,https://docs.kujolang.ai/showcases/cinch/,https://docs.kujolang.ai/learn/,Learn Kujo,aside,200,https://docs.kujolang.ai/learn/,0,rendered local route,,none
after,https://docs.kujolang.ai/showcases/cinch/,https://docs.kujolang.ai/build/,Build with Kujo,aside,200,https://docs.kujolang.ai/build/,0,rendered local route,,none
after,https://docs.kujolang.ai/showcases/cinch/,https://docs.kujolang.ai/review/,Reviewable work,aside,200,https://docs.kujolang.ai/review/,0,rendered local route,,none
after,https://docs.kujolang.ai/showcases/cinch/,https://docs.kujolang.ai/tools/,Tools,aside,200,https://docs.kujolang.ai/tools/,0,rendered local route,,none
after,https://docs.kujolang.ai/showcases/cinch/,https://docs.kujolang.ai/showcases/,Showcases,aside,200,https://docs.kujolang.ai/showcases/,0,rendered local route,,none
after,https://docs.kujolang.ai/showcases/cinch/,https://docs.kujolang.ai/collections/,Collections,aside,200,https://docs.kujolang.ai/collections/,0,rendered local route,,none
after,https://docs.kujolang.ai/showcases/cinch/,https://docs.kujolang.ai/ecosystem/,Ecosystem,aside,200,https://docs.kujolang.ai/ecosystem/,0,rendered local route,,none
after,https://docs.kujolang.ai/showcases/cinch/,https://docs.kujolang.ai/reference/,Reference,aside,200,https://docs.kujolang.ai/reference/,0,rendered local route,,none
after,https://docs.kujolang.ai/showcases/cinch/,https://docs.kujolang.ai/security/,Security model,aside,200,https://docs.kujolang.ai/security/,0,rendered local route,,none
after,https://docs.kujolang.ai/showcases/cinch/,https://docs.kujolang.ai/release-boundaries/,Release boundaries,aside,200,https://docs.kujolang.ai/release-boundaries/,0,rendered local route,,none
after,https://docs.kujolang.ai/showcases/cinch/,https://docs.kujolang.ai/support/,Support,aside,200,https://docs.kujolang.ai/support/,0,rendered local route,,none
after,https://docs.kujolang.ai/showcases/cinch/,https://docs.kujolang.ai/reference/,Reference,nav,200,https://docs.kujolang.ai/reference/,0,rendered local route,,none
after,https://docs.kujolang.ai/showcases/cinch/,https://docs.kujolang.ai/support/,Support,nav,200,https://docs.kujolang.ai/support/,0,rendered local route,,none
after,https://docs.kujolang.ai/showcases/cinch/,https://docs.kujolang.ai/release-boundaries/,Release boundaries,nav,200,https://docs.kujolang.ai/release-boundaries/,0,rendered local route,,none
after,https://docs.kujolang.ai/showcases/cinch/,https://docs.kujolang.ai/llms.txt,llms.txt,nav,200,https://docs.kujolang.ai/llms.txt,0,rendered local route,,none
after,https://docs.kujolang.ai/showcases/cms/,https://docs.kujolang.ai/,Docs,header,200,https://docs.kujolang.ai/,0,rendered local route,,none
after,https://docs.kujolang.ai/showcases/cms/,https://docs.kujolang.ai/start-here/,Start here,nav,200,https://docs.kujolang.ai/start-here/,0,rendered local route,,none
after,https://docs.kujolang.ai/showcases/cms/,https://docs.kujolang.ai/learn/,Learn Kujo,nav,200,https://docs.kujolang.ai/learn/,0,rendered local route,,none
after,https://docs.kujolang.ai/showcases/cms/,https://docs.kujolang.ai/build/,Build with Kujo,nav,200,https://docs.kujolang.ai/build/,0,rendered local route,,none
after,https://docs.kujolang.ai/showcases/cms/,https://docs.kujolang.ai/ecosystem/providers/,Providers,nav,200,https://docs.kujolang.ai/ecosystem/providers/,0,rendered local route,,none
after,https://docs.kujolang.ai/showcases/cms/,https://docs.kujolang.ai/tools/,Tools,nav,200,https://docs.kujolang.ai/tools/,0,rendered local route,,none
after,https://docs.kujolang.ai/showcases/cms/,https://docs.kujolang.ai/showcases/,Showcases,nav,200,https://docs.kujolang.ai/showcases/,0,rendered local route,,none
after,https://docs.kujolang.ai/showcases/cms/,https://docs.kujolang.ai/start-here/,Start here,aside,200,https://docs.kujolang.ai/start-here/,0,rendered local route,,none
after,https://docs.kujolang.ai/showcases/cms/,https://docs.kujolang.ai/install/,Install Kujo,aside,200,https://docs.kujolang.ai/install/,0,rendered local route,,none
after,https://docs.kujolang.ai/showcases/cms/,https://docs.kujolang.ai/quickstart/,Quickstart,aside,200,https://docs.kujolang.ai/quickstart/,0,rendered local route,,none
after,https://docs.kujolang.ai/showcases/cms/,https://docs.kujolang.ai/choose-a-path/,Choose a path,aside,200,https://docs.kujolang.ai/choose-a-path/,0,rendered local route,,none
after,https://docs.kujolang.ai/showcases/cms/,https://docs.kujolang.ai/learn/,Learn Kujo,aside,200,https://docs.kujolang.ai/learn/,0,rendered local route,,none
after,https://docs.kujolang.ai/showcases/cms/,https://docs.kujolang.ai/build/,Build with Kujo,aside,200,https://docs.kujolang.ai/build/,0,rendered local route,,none
after,https://docs.kujolang.ai/showcases/cms/,https://docs.kujolang.ai/review/,Reviewable work,aside,200,https://docs.kujolang.ai/review/,0,rendered local route,,none
after,https://docs.kujolang.ai/showcases/cms/,https://docs.kujolang.ai/tools/,Tools,aside,200,https://docs.kujolang.ai/tools/,0,rendered local route,,none
after,https://docs.kujolang.ai/showcases/cms/,https://docs.kujolang.ai/showcases/,Showcases,aside,200,https://docs.kujolang.ai/showcases/,0,rendered local route,,none
after,https://docs.kujolang.ai/showcases/cms/,https://docs.kujolang.ai/collections/,Collections,aside,200,https://docs.kujolang.ai/collections/,0,rendered local route,,none
after,https://docs.kujolang.ai/showcases/cms/,https://docs.kujolang.ai/ecosystem/,Ecosystem,aside,200,https://docs.kujolang.ai/ecosystem/,0,rendered local route,,none
after,https://docs.kujolang.ai/showcases/cms/,https://docs.kujolang.ai/reference/,Reference,aside,200,https://docs.kujolang.ai/reference/,0,rendered local route,,none
after,https://docs.kujolang.ai/showcases/cms/,https://docs.kujolang.ai/security/,Security model,aside,200,https://docs.kujolang.ai/security/,0,rendered local route,,none
after,https://docs.kujolang.ai/showcases/cms/,https://docs.kujolang.ai/release-boundaries/,Release boundaries,aside,200,https://docs.kujolang.ai/release-boundaries/,0,rendered local route,,none
after,https://docs.kujolang.ai/showcases/cms/,https://docs.kujolang.ai/support/,Support,aside,200,https://docs.kujolang.ai/support/,0,rendered local route,,none
after,https://docs.kujolang.ai/showcases/cms/,https://docs.kujolang.ai/showcases/crud-api/,CRUD API,article,200,https://docs.kujolang.ai/showcases/crud-api/,0,rendered local route,,none
after,https://docs.kujolang.ai/showcases/cms/,https://docs.kujolang.ai/showcases/ssg/,SSG,article,200,https://docs.kujolang.ai/showcases/ssg/,0,rendered local route,,none
after,https://docs.kujolang.ai/showcases/cms/,https://docs.kujolang.ai/tools/,Previous,nav,200,https://docs.kujolang.ai/tools/,0,rendered local route,prev,none
after,https://docs.kujolang.ai/showcases/cms/,https://docs.kujolang.ai/showcases/crud-api/,Next,nav,200,https://docs.kujolang.ai/showcases/crud-api/,0,rendered local route,next,none
after,https://docs.kujolang.ai/showcases/cms/,https://docs.kujolang.ai/reference/,Reference,nav,200,https://docs.kujolang.ai/reference/,0,rendered local route,,none
after,https://docs.kujolang.ai/showcases/cms/,https://docs.kujolang.ai/support/,Support,nav,200,https://docs.kujolang.ai/support/,0,rendered local route,,none
after,https://docs.kujolang.ai/showcases/cms/,https://docs.kujolang.ai/release-boundaries/,Release boundaries,nav,200,https://docs.kujolang.ai/release-boundaries/,0,rendered local route,,none
after,https://docs.kujolang.ai/showcases/cms/,https://docs.kujolang.ai/llms.txt,llms.txt,nav,200,https://docs.kujolang.ai/llms.txt,0,rendered local route,,none
after,https://docs.kujolang.ai/showcases/crud-api/,https://docs.kujolang.ai/,Docs,header,200,https://docs.kujolang.ai/,0,rendered local route,,none
after,https://docs.kujolang.ai/showcases/crud-api/,https://docs.kujolang.ai/start-here/,Start here,nav,200,https://docs.kujolang.ai/start-here/,0,rendered local route,,none
after,https://docs.kujolang.ai/showcases/crud-api/,https://docs.kujolang.ai/learn/,Learn Kujo,nav,200,https://docs.kujolang.ai/learn/,0,rendered local route,,none
after,https://docs.kujolang.ai/showcases/crud-api/,https://docs.kujolang.ai/build/,Build with Kujo,nav,200,https://docs.kujolang.ai/build/,0,rendered local route,,none
after,https://docs.kujolang.ai/showcases/crud-api/,https://docs.kujolang.ai/ecosystem/providers/,Providers,nav,200,https://docs.kujolang.ai/ecosystem/providers/,0,rendered local route,,none
after,https://docs.kujolang.ai/showcases/crud-api/,https://docs.kujolang.ai/tools/,Tools,nav,200,https://docs.kujolang.ai/tools/,0,rendered local route,,none
after,https://docs.kujolang.ai/showcases/crud-api/,https://docs.kujolang.ai/showcases/,Showcases,nav,200,https://docs.kujolang.ai/showcases/,0,rendered local route,,none
after,https://docs.kujolang.ai/showcases/crud-api/,https://docs.kujolang.ai/start-here/,Start here,aside,200,https://docs.kujolang.ai/start-here/,0,rendered local route,,none
after,https://docs.kujolang.ai/showcases/crud-api/,https://docs.kujolang.ai/install/,Install Kujo,aside,200,https://docs.kujolang.ai/install/,0,rendered local route,,none
after,https://docs.kujolang.ai/showcases/crud-api/,https://docs.kujolang.ai/quickstart/,Quickstart,aside,200,https://docs.kujolang.ai/quickstart/,0,rendered local route,,none
after,https://docs.kujolang.ai/showcases/crud-api/,https://docs.kujolang.ai/choose-a-path/,Choose a path,aside,200,https://docs.kujolang.ai/choose-a-path/,0,rendered local route,,none
after,https://docs.kujolang.ai/showcases/crud-api/,https://docs.kujolang.ai/learn/,Learn Kujo,aside,200,https://docs.kujolang.ai/learn/,0,rendered local route,,none
after,https://docs.kujolang.ai/showcases/crud-api/,https://docs.kujolang.ai/build/,Build with Kujo,aside,200,https://docs.kujolang.ai/build/,0,rendered local route,,none
after,https://docs.kujolang.ai/showcases/crud-api/,https://docs.kujolang.ai/review/,Reviewable work,aside,200,https://docs.kujolang.ai/review/,0,rendered local route,,none
after,https://docs.kujolang.ai/showcases/crud-api/,https://docs.kujolang.ai/tools/,Tools,aside,200,https://docs.kujolang.ai/tools/,0,rendered local route,,none
after,https://docs.kujolang.ai/showcases/crud-api/,https://docs.kujolang.ai/showcases/,Showcases,aside,200,https://docs.kujolang.ai/showcases/,0,rendered local route,,none
after,https://docs.kujolang.ai/showcases/crud-api/,https://docs.kujolang.ai/collections/,Collections,aside,200,https://docs.kujolang.ai/collections/,0,rendered local route,,none
after,https://docs.kujolang.ai/showcases/crud-api/,https://docs.kujolang.ai/ecosystem/,Ecosystem,aside,200,https://docs.kujolang.ai/ecosystem/,0,rendered local route,,none
after,https://docs.kujolang.ai/showcases/crud-api/,https://docs.kujolang.ai/reference/,Reference,aside,200,https://docs.kujolang.ai/reference/,0,rendered local route,,none
after,https://docs.kujolang.ai/showcases/crud-api/,https://docs.kujolang.ai/security/,Security model,aside,200,https://docs.kujolang.ai/security/,0,rendered local route,,none
after,https://docs.kujolang.ai/showcases/crud-api/,https://docs.kujolang.ai/release-boundaries/,Release boundaries,aside,200,https://docs.kujolang.ai/release-boundaries/,0,rendered local route,,none
after,https://docs.kujolang.ai/showcases/crud-api/,https://docs.kujolang.ai/support/,Support,aside,200,https://docs.kujolang.ai/support/,0,rendered local route,,none
after,https://docs.kujolang.ai/showcases/crud-api/,https://docs.kujolang.ai/showcases/cms/,CMS,article,200,https://docs.kujolang.ai/showcases/cms/,0,rendered local route,,none
after,https://docs.kujolang.ai/showcases/crud-api/,https://docs.kujolang.ai/showcases/ai-chat/,AI Chat,article,200,https://docs.kujolang.ai/showcases/ai-chat/,0,rendered local route,,none
after,https://docs.kujolang.ai/showcases/crud-api/,https://docs.kujolang.ai/showcases/cms/,Previous,nav,200,https://docs.kujolang.ai/showcases/cms/,0,rendered local route,prev,none
after,https://docs.kujolang.ai/showcases/crud-api/,https://docs.kujolang.ai/showcases/ai-chat/,Next,nav,200,https://docs.kujolang.ai/showcases/ai-chat/,0,rendered local route,next,none
after,https://docs.kujolang.ai/showcases/crud-api/,https://docs.kujolang.ai/reference/,Reference,nav,200,https://docs.kujolang.ai/reference/,0,rendered local route,,none
after,https://docs.kujolang.ai/showcases/crud-api/,https://docs.kujolang.ai/support/,Support,nav,200,https://docs.kujolang.ai/support/,0,rendered local route,,none
after,https://docs.kujolang.ai/showcases/crud-api/,https://docs.kujolang.ai/release-boundaries/,Release boundaries,nav,200,https://docs.kujolang.ai/release-boundaries/,0,rendered local route,,none
after,https://docs.kujolang.ai/showcases/crud-api/,https://docs.kujolang.ai/llms.txt,llms.txt,nav,200,https://docs.kujolang.ai/llms.txt,0,rendered local route,,none
after,https://docs.kujolang.ai/showcases/,https://docs.kujolang.ai/,Docs,header,200,https://docs.kujolang.ai/,0,rendered local route,,none
after,https://docs.kujolang.ai/showcases/,https://docs.kujolang.ai/start-here/,Start here,nav,200,https://docs.kujolang.ai/start-here/,0,rendered local route,,none
after,https://docs.kujolang.ai/showcases/,https://docs.kujolang.ai/learn/,Learn Kujo,nav,200,https://docs.kujolang.ai/learn/,0,rendered local route,,none
after,https://docs.kujolang.ai/showcases/,https://docs.kujolang.ai/build/,Build with Kujo,nav,200,https://docs.kujolang.ai/build/,0,rendered local route,,none
after,https://docs.kujolang.ai/showcases/,https://docs.kujolang.ai/ecosystem/providers/,Providers,nav,200,https://docs.kujolang.ai/ecosystem/providers/,0,rendered local route,,none
after,https://docs.kujolang.ai/showcases/,https://docs.kujolang.ai/tools/,Tools,nav,200,https://docs.kujolang.ai/tools/,0,rendered local route,,none
after,https://docs.kujolang.ai/showcases/,https://docs.kujolang.ai/showcases/,Showcases,nav,200,https://docs.kujolang.ai/showcases/,0,rendered local route,,none
after,https://docs.kujolang.ai/showcases/,https://docs.kujolang.ai/showcases/cms/,,main,200,https://docs.kujolang.ai/showcases/cms/,0,rendered local route,,none
after,https://docs.kujolang.ai/showcases/,https://docs.kujolang.ai/showcases/cms/,CMS,main,200,https://docs.kujolang.ai/showcases/cms/,0,rendered local route,,none
after,https://docs.kujolang.ai/showcases/,https://docs.kujolang.ai/showcases/cms/,View CMS,main,200,https://docs.kujolang.ai/showcases/cms/,0,rendered local route,,none
after,https://docs.kujolang.ai/showcases/,https://docs.kujolang.ai/showcases/crud-api/,,main,200,https://docs.kujolang.ai/showcases/crud-api/,0,rendered local route,,none
after,https://docs.kujolang.ai/showcases/,https://docs.kujolang.ai/showcases/crud-api/,CRUD API Showcase,main,200,https://docs.kujolang.ai/showcases/crud-api/,0,rendered local route,,none
after,https://docs.kujolang.ai/showcases/,https://docs.kujolang.ai/showcases/crud-api/,View CRUD API Showcase,main,200,https://docs.kujolang.ai/showcases/crud-api/,0,rendered local route,,none
after,https://docs.kujolang.ai/showcases/,https://docs.kujolang.ai/showcases/ai-chat/,,main,200,https://docs.kujolang.ai/showcases/ai-chat/,0,rendered local route,,none
after,https://docs.kujolang.ai/showcases/,https://docs.kujolang.ai/showcases/ai-chat/,AI Chat,main,200,https://docs.kujolang.ai/showcases/ai-chat/,0,rendered local route,,none
after,https://docs.kujolang.ai/showcases/,https://docs.kujolang.ai/showcases/ai-chat/,View AI Chat,main,200,https://docs.kujolang.ai/showcases/ai-chat/,0,rendered local route,,none
after,https://docs.kujolang.ai/showcases/,https://docs.kujolang.ai/showcases/ssg/,,main,200,https://docs.kujolang.ai/showcases/ssg/,0,rendered local route,,none
after,https://docs.kujolang.ai/showcases/,https://docs.kujolang.ai/showcases/ssg/,SSG,main,200,https://docs.kujolang.ai/showcases/ssg/,0,rendered local route,,none
after,https://docs.kujolang.ai/showcases/,https://docs.kujolang.ai/showcases/ssg/,View SSG,main,200,https://docs.kujolang.ai/showcases/ssg/,0,rendered local route,,none
after,https://docs.kujolang.ai/showcases/,https://docs.kujolang.ai/showcases/totalrecall/,,main,200,https://docs.kujolang.ai/showcases/totalrecall/,0,rendered local route,,none
after,https://docs.kujolang.ai/showcases/,https://docs.kujolang.ai/showcases/totalrecall/,TotalRecall,main,200,https://docs.kujolang.ai/showcases/totalrecall/,0,rendered local route,,none
after,https://docs.kujolang.ai/showcases/,https://docs.kujolang.ai/showcases/totalrecall/,View TotalRecall,main,200,https://docs.kujolang.ai/showcases/totalrecall/,0,rendered local route,,none
after,https://docs.kujolang.ai/showcases/,https://docs.kujolang.ai/showcases/intake/,,main,200,https://docs.kujolang.ai/showcases/intake/,0,rendered local route,,none
after,https://docs.kujolang.ai/showcases/,https://docs.kujolang.ai/showcases/intake/,Intake,main,200,https://docs.kujolang.ai/showcases/intake/,0,rendered local route,,none
after,https://docs.kujolang.ai/showcases/,https://docs.kujolang.ai/showcases/intake/,View Intake,main,200,https://docs.kujolang.ai/showcases/intake/,0,rendered local route,,none
after,https://docs.kujolang.ai/showcases/,https://docs.kujolang.ai/showcases/cinch/,,main,200,https://docs.kujolang.ai/showcases/cinch/,0,rendered local route,,none
after,https://docs.kujolang.ai/showcases/,https://docs.kujolang.ai/showcases/cinch/,Cinch,main,200,https://docs.kujolang.ai/showcases/cinch/,0,rendered local route,,none
after,https://docs.kujolang.ai/showcases/,https://docs.kujolang.ai/showcases/cinch/,View Cinch,main,200,https://docs.kujolang.ai/showcases/cinch/,0,rendered local route,,none
after,https://docs.kujolang.ai/showcases/,https://docs.kujolang.ai/reference/,Reference,nav,200,https://docs.kujolang.ai/reference/,0,rendered local route,,none
after,https://docs.kujolang.ai/showcases/,https://docs.kujolang.ai/support/,Support,nav,200,https://docs.kujolang.ai/support/,0,rendered local route,,none
after,https://docs.kujolang.ai/showcases/,https://docs.kujolang.ai/release-boundaries/,Release boundaries,nav,200,https://docs.kujolang.ai/release-boundaries/,0,rendered local route,,none
after,https://docs.kujolang.ai/showcases/,https://docs.kujolang.ai/llms.txt,llms.txt,nav,200,https://docs.kujolang.ai/llms.txt,0,rendered local route,,none
after,https://docs.kujolang.ai/showcases/intake/,https://docs.kujolang.ai/,Docs,header,200,https://docs.kujolang.ai/,0,rendered local route,,none
after,https://docs.kujolang.ai/showcases/intake/,https://docs.kujolang.ai/start-here/,Start here,nav,200,https://docs.kujolang.ai/start-here/,0,rendered local route,,none
after,https://docs.kujolang.ai/showcases/intake/,https://docs.kujolang.ai/learn/,Learn Kujo,nav,200,https://docs.kujolang.ai/learn/,0,rendered local route,,none
after,https://docs.kujolang.ai/showcases/intake/,https://docs.kujolang.ai/build/,Build with Kujo,nav,200,https://docs.kujolang.ai/build/,0,rendered local route,,none
after,https://docs.kujolang.ai/showcases/intake/,https://docs.kujolang.ai/ecosystem/providers/,Providers,nav,200,https://docs.kujolang.ai/ecosystem/providers/,0,rendered local route,,none
after,https://docs.kujolang.ai/showcases/intake/,https://docs.kujolang.ai/tools/,Tools,nav,200,https://docs.kujolang.ai/tools/,0,rendered local route,,none
after,https://docs.kujolang.ai/showcases/intake/,https://docs.kujolang.ai/showcases/,Showcases,nav,200,https://docs.kujolang.ai/showcases/,0,rendered local route,,none
after,https://docs.kujolang.ai/showcases/intake/,https://docs.kujolang.ai/start-here/,Start here,aside,200,https://docs.kujolang.ai/start-here/,0,rendered local route,,none
after,https://docs.kujolang.ai/showcases/intake/,https://docs.kujolang.ai/install/,Install Kujo,aside,200,https://docs.kujolang.ai/install/,0,rendered local route,,none
after,https://docs.kujolang.ai/showcases/intake/,https://docs.kujolang.ai/quickstart/,Quickstart,aside,200,https://docs.kujolang.ai/quickstart/,0,rendered local route,,none
after,https://docs.kujolang.ai/showcases/intake/,https://docs.kujolang.ai/choose-a-path/,Choose a path,aside,200,https://docs.kujolang.ai/choose-a-path/,0,rendered local route,,none
after,https://docs.kujolang.ai/showcases/intake/,https://docs.kujolang.ai/learn/,Learn Kujo,aside,200,https://docs.kujolang.ai/learn/,0,rendered local route,,none
after,https://docs.kujolang.ai/showcases/intake/,https://docs.kujolang.ai/build/,Build with Kujo,aside,200,https://docs.kujolang.ai/build/,0,rendered local route,,none
after,https://docs.kujolang.ai/showcases/intake/,https://docs.kujolang.ai/review/,Reviewable work,aside,200,https://docs.kujolang.ai/review/,0,rendered local route,,none
after,https://docs.kujolang.ai/showcases/intake/,https://docs.kujolang.ai/tools/,Tools,aside,200,https://docs.kujolang.ai/tools/,0,rendered local route,,none
after,https://docs.kujolang.ai/showcases/intake/,https://docs.kujolang.ai/showcases/,Showcases,aside,200,https://docs.kujolang.ai/showcases/,0,rendered local route,,none
after,https://docs.kujolang.ai/showcases/intake/,https://docs.kujolang.ai/collections/,Collections,aside,200,https://docs.kujolang.ai/collections/,0,rendered local route,,none
after,https://docs.kujolang.ai/showcases/intake/,https://docs.kujolang.ai/ecosystem/,Ecosystem,aside,200,https://docs.kujolang.ai/ecosystem/,0,rendered local route,,none
after,https://docs.kujolang.ai/showcases/intake/,https://docs.kujolang.ai/reference/,Reference,aside,200,https://docs.kujolang.ai/reference/,0,rendered local route,,none
after,https://docs.kujolang.ai/showcases/intake/,https://docs.kujolang.ai/security/,Security model,aside,200,https://docs.kujolang.ai/security/,0,rendered local route,,none
after,https://docs.kujolang.ai/showcases/intake/,https://docs.kujolang.ai/release-boundaries/,Release boundaries,aside,200,https://docs.kujolang.ai/release-boundaries/,0,rendered local route,,none
after,https://docs.kujolang.ai/showcases/intake/,https://docs.kujolang.ai/support/,Support,aside,200,https://docs.kujolang.ai/support/,0,rendered local route,,none
after,https://docs.kujolang.ai/showcases/intake/,https://docs.kujolang.ai/reference/,Reference,nav,200,https://docs.kujolang.ai/reference/,0,rendered local route,,none
after,https://docs.kujolang.ai/showcases/intake/,https://docs.kujolang.ai/support/,Support,nav,200,https://docs.kujolang.ai/support/,0,rendered local route,,none
after,https://docs.kujolang.ai/showcases/intake/,https://docs.kujolang.ai/release-boundaries/,Release boundaries,nav,200,https://docs.kujolang.ai/release-boundaries/,0,rendered local route,,none
after,https://docs.kujolang.ai/showcases/intake/,https://docs.kujolang.ai/llms.txt,llms.txt,nav,200,https://docs.kujolang.ai/llms.txt,0,rendered local route,,none
after,https://docs.kujolang.ai/showcases/ssg/,https://docs.kujolang.ai/,Docs,header,200,https://docs.kujolang.ai/,0,rendered local route,,none
after,https://docs.kujolang.ai/showcases/ssg/,https://docs.kujolang.ai/start-here/,Start here,nav,200,https://docs.kujolang.ai/start-here/,0,rendered local route,,none
after,https://docs.kujolang.ai/showcases/ssg/,https://docs.kujolang.ai/learn/,Learn Kujo,nav,200,https://docs.kujolang.ai/learn/,0,rendered local route,,none
after,https://docs.kujolang.ai/showcases/ssg/,https://docs.kujolang.ai/build/,Build with Kujo,nav,200,https://docs.kujolang.ai/build/,0,rendered local route,,none
after,https://docs.kujolang.ai/showcases/ssg/,https://docs.kujolang.ai/ecosystem/providers/,Providers,nav,200,https://docs.kujolang.ai/ecosystem/providers/,0,rendered local route,,none
after,https://docs.kujolang.ai/showcases/ssg/,https://docs.kujolang.ai/tools/,Tools,nav,200,https://docs.kujolang.ai/tools/,0,rendered local route,,none
after,https://docs.kujolang.ai/showcases/ssg/,https://docs.kujolang.ai/showcases/,Showcases,nav,200,https://docs.kujolang.ai/showcases/,0,rendered local route,,none
after,https://docs.kujolang.ai/showcases/ssg/,https://docs.kujolang.ai/start-here/,Start here,aside,200,https://docs.kujolang.ai/start-here/,0,rendered local route,,none
after,https://docs.kujolang.ai/showcases/ssg/,https://docs.kujolang.ai/install/,Install Kujo,aside,200,https://docs.kujolang.ai/install/,0,rendered local route,,none
after,https://docs.kujolang.ai/showcases/ssg/,https://docs.kujolang.ai/quickstart/,Quickstart,aside,200,https://docs.kujolang.ai/quickstart/,0,rendered local route,,none
after,https://docs.kujolang.ai/showcases/ssg/,https://docs.kujolang.ai/choose-a-path/,Choose a path,aside,200,https://docs.kujolang.ai/choose-a-path/,0,rendered local route,,none
after,https://docs.kujolang.ai/showcases/ssg/,https://docs.kujolang.ai/learn/,Learn Kujo,aside,200,https://docs.kujolang.ai/learn/,0,rendered local route,,none
after,https://docs.kujolang.ai/showcases/ssg/,https://docs.kujolang.ai/build/,Build with Kujo,aside,200,https://docs.kujolang.ai/build/,0,rendered local route,,none
after,https://docs.kujolang.ai/showcases/ssg/,https://docs.kujolang.ai/review/,Reviewable work,aside,200,https://docs.kujolang.ai/review/,0,rendered local route,,none
after,https://docs.kujolang.ai/showcases/ssg/,https://docs.kujolang.ai/tools/,Tools,aside,200,https://docs.kujolang.ai/tools/,0,rendered local route,,none
after,https://docs.kujolang.ai/showcases/ssg/,https://docs.kujolang.ai/showcases/,Showcases,aside,200,https://docs.kujolang.ai/showcases/,0,rendered local route,,none
after,https://docs.kujolang.ai/showcases/ssg/,https://docs.kujolang.ai/collections/,Collections,aside,200,https://docs.kujolang.ai/collections/,0,rendered local route,,none
after,https://docs.kujolang.ai/showcases/ssg/,https://docs.kujolang.ai/ecosystem/,Ecosystem,aside,200,https://docs.kujolang.ai/ecosystem/,0,rendered local route,,none
after,https://docs.kujolang.ai/showcases/ssg/,https://docs.kujolang.ai/reference/,Reference,aside,200,https://docs.kujolang.ai/reference/,0,rendered local route,,none
after,https://docs.kujolang.ai/showcases/ssg/,https://docs.kujolang.ai/security/,Security model,aside,200,https://docs.kujolang.ai/security/,0,rendered local route,,none
after,https://docs.kujolang.ai/showcases/ssg/,https://docs.kujolang.ai/release-boundaries/,Release boundaries,aside,200,https://docs.kujolang.ai/release-boundaries/,0,rendered local route,,none
after,https://docs.kujolang.ai/showcases/ssg/,https://docs.kujolang.ai/support/,Support,aside,200,https://docs.kujolang.ai/support/,0,rendered local route,,none
after,https://docs.kujolang.ai/showcases/ssg/,https://docs.kujolang.ai/showcases/ai-chat/,Previous,nav,200,https://docs.kujolang.ai/showcases/ai-chat/,0,rendered local route,prev,none
after,https://docs.kujolang.ai/showcases/ssg/,https://docs.kujolang.ai/showcases/totalrecall/,Next,nav,200,https://docs.kujolang.ai/showcases/totalrecall/,0,rendered local route,next,none
after,https://docs.kujolang.ai/showcases/ssg/,https://docs.kujolang.ai/reference/,Reference,nav,200,https://docs.kujolang.ai/reference/,0,rendered local route,,none
after,https://docs.kujolang.ai/showcases/ssg/,https://docs.kujolang.ai/support/,Support,nav,200,https://docs.kujolang.ai/support/,0,rendered local route,,none
after,https://docs.kujolang.ai/showcases/ssg/,https://docs.kujolang.ai/release-boundaries/,Release boundaries,nav,200,https://docs.kujolang.ai/release-boundaries/,0,rendered local route,,none
after,https://docs.kujolang.ai/showcases/ssg/,https://docs.kujolang.ai/llms.txt,llms.txt,nav,200,https://docs.kujolang.ai/llms.txt,0,rendered local route,,none
after,https://docs.kujolang.ai/showcases/totalrecall/,https://docs.kujolang.ai/,Docs,header,200,https://docs.kujolang.ai/,0,rendered local route,,none
after,https://docs.kujolang.ai/showcases/totalrecall/,https://docs.kujolang.ai/start-here/,Start here,nav,200,https://docs.kujolang.ai/start-here/,0,rendered local route,,none
after,https://docs.kujolang.ai/showcases/totalrecall/,https://docs.kujolang.ai/learn/,Learn Kujo,nav,200,https://docs.kujolang.ai/learn/,0,rendered local route,,none
after,https://docs.kujolang.ai/showcases/totalrecall/,https://docs.kujolang.ai/build/,Build with Kujo,nav,200,https://docs.kujolang.ai/build/,0,rendered local route,,none
after,https://docs.kujolang.ai/showcases/totalrecall/,https://docs.kujolang.ai/ecosystem/providers/,Providers,nav,200,https://docs.kujolang.ai/ecosystem/providers/,0,rendered local route,,none
after,https://docs.kujolang.ai/showcases/totalrecall/,https://docs.kujolang.ai/tools/,Tools,nav,200,https://docs.kujolang.ai/tools/,0,rendered local route,,none
after,https://docs.kujolang.ai/showcases/totalrecall/,https://docs.kujolang.ai/showcases/,Showcases,nav,200,https://docs.kujolang.ai/showcases/,0,rendered local route,,none
after,https://docs.kujolang.ai/showcases/totalrecall/,https://docs.kujolang.ai/start-here/,Start here,aside,200,https://docs.kujolang.ai/start-here/,0,rendered local route,,none
after,https://docs.kujolang.ai/showcases/totalrecall/,https://docs.kujolang.ai/install/,Install Kujo,aside,200,https://docs.kujolang.ai/install/,0,rendered local route,,none
after,https://docs.kujolang.ai/showcases/totalrecall/,https://docs.kujolang.ai/quickstart/,Quickstart,aside,200,https://docs.kujolang.ai/quickstart/,0,rendered local route,,none
after,https://docs.kujolang.ai/showcases/totalrecall/,https://docs.kujolang.ai/choose-a-path/,Choose a path,aside,200,https://docs.kujolang.ai/choose-a-path/,0,rendered local route,,none
after,https://docs.kujolang.ai/showcases/totalrecall/,https://docs.kujolang.ai/learn/,Learn Kujo,aside,200,https://docs.kujolang.ai/learn/,0,rendered local route,,none
after,https://docs.kujolang.ai/showcases/totalrecall/,https://docs.kujolang.ai/build/,Build with Kujo,aside,200,https://docs.kujolang.ai/build/,0,rendered local route,,none
after,https://docs.kujolang.ai/showcases/totalrecall/,https://docs.kujolang.ai/review/,Reviewable work,aside,200,https://docs.kujolang.ai/review/,0,rendered local route,,none
after,https://docs.kujolang.ai/showcases/totalrecall/,https://docs.kujolang.ai/tools/,Tools,aside,200,https://docs.kujolang.ai/tools/,0,rendered local route,,none
after,https://docs.kujolang.ai/showcases/totalrecall/,https://docs.kujolang.ai/showcases/,Showcases,aside,200,https://docs.kujolang.ai/showcases/,0,rendered local route,,none
after,https://docs.kujolang.ai/showcases/totalrecall/,https://docs.kujolang.ai/collections/,Collections,aside,200,https://docs.kujolang.ai/collections/,0,rendered local route,,none
after,https://docs.kujolang.ai/showcases/totalrecall/,https://docs.kujolang.ai/ecosystem/,Ecosystem,aside,200,https://docs.kujolang.ai/ecosystem/,0,rendered local route,,none
after,https://docs.kujolang.ai/showcases/totalrecall/,https://docs.kujolang.ai/reference/,Reference,aside,200,https://docs.kujolang.ai/reference/,0,rendered local route,,none
after,https://docs.kujolang.ai/showcases/totalrecall/,https://docs.kujolang.ai/security/,Security model,aside,200,https://docs.kujolang.ai/security/,0,rendered local route,,none
after,https://docs.kujolang.ai/showcases/totalrecall/,https://docs.kujolang.ai/release-boundaries/,Release boundaries,aside,200,https://docs.kujolang.ai/release-boundaries/,0,rendered local route,,none
after,https://docs.kujolang.ai/showcases/totalrecall/,https://docs.kujolang.ai/support/,Support,aside,200,https://docs.kujolang.ai/support/,0,rendered local route,,none
after,https://docs.kujolang.ai/showcases/totalrecall/,https://docs.kujolang.ai/showcases/ssg/,Previous,nav,200,https://docs.kujolang.ai/showcases/ssg/,0,rendered local route,prev,none
after,https://docs.kujolang.ai/showcases/totalrecall/,https://docs.kujolang.ai/collections/,Next,nav,200,https://docs.kujolang.ai/collections/,0,rendered local route,next,none
after,https://docs.kujolang.ai/showcases/totalrecall/,https://docs.kujolang.ai/reference/,Reference,nav,200,https://docs.kujolang.ai/reference/,0,rendered local route,,none
after,https://docs.kujolang.ai/showcases/totalrecall/,https://docs.kujolang.ai/support/,Support,nav,200,https://docs.kujolang.ai/support/,0,rendered local route,,none
after,https://docs.kujolang.ai/showcases/totalrecall/,https://docs.kujolang.ai/release-boundaries/,Release boundaries,nav,200,https://docs.kujolang.ai/release-boundaries/,0,rendered local route,,none
after,https://docs.kujolang.ai/showcases/totalrecall/,https://docs.kujolang.ai/llms.txt,llms.txt,nav,200,https://docs.kujolang.ai/llms.txt,0,rendered local route,,none
after,https://docs.kujolang.ai/start-here/,https://docs.kujolang.ai/,Docs,header,200,https://docs.kujolang.ai/,0,rendered local route,,none
after,https://docs.kujolang.ai/start-here/,https://docs.kujolang.ai/start-here/,Start here,nav,200,https://docs.kujolang.ai/start-here/,0,rendered local route,,none
after,https://docs.kujolang.ai/start-here/,https://docs.kujolang.ai/learn/,Learn Kujo,nav,200,https://docs.kujolang.ai/learn/,0,rendered local route,,none
after,https://docs.kujolang.ai/start-here/,https://docs.kujolang.ai/build/,Build with Kujo,nav,200,https://docs.kujolang.ai/build/,0,rendered local route,,none
after,https://docs.kujolang.ai/start-here/,https://docs.kujolang.ai/ecosystem/providers/,Providers,nav,200,https://docs.kujolang.ai/ecosystem/providers/,0,rendered local route,,none
after,https://docs.kujolang.ai/start-here/,https://docs.kujolang.ai/tools/,Tools,nav,200,https://docs.kujolang.ai/tools/,0,rendered local route,,none
after,https://docs.kujolang.ai/start-here/,https://docs.kujolang.ai/showcases/,Showcases,nav,200,https://docs.kujolang.ai/showcases/,0,rendered local route,,none
after,https://docs.kujolang.ai/start-here/,https://docs.kujolang.ai/start-here/,Start here,aside,200,https://docs.kujolang.ai/start-here/,0,rendered local route,,none
after,https://docs.kujolang.ai/start-here/,https://docs.kujolang.ai/install/,Install Kujo,aside,200,https://docs.kujolang.ai/install/,0,rendered local route,,none
after,https://docs.kujolang.ai/start-here/,https://docs.kujolang.ai/quickstart/,Quickstart,aside,200,https://docs.kujolang.ai/quickstart/,0,rendered local route,,none
after,https://docs.kujolang.ai/start-here/,https://docs.kujolang.ai/choose-a-path/,Choose a path,aside,200,https://docs.kujolang.ai/choose-a-path/,0,rendered local route,,none
after,https://docs.kujolang.ai/start-here/,https://docs.kujolang.ai/learn/,Learn Kujo,aside,200,https://docs.kujolang.ai/learn/,0,rendered local route,,none
after,https://docs.kujolang.ai/start-here/,https://docs.kujolang.ai/build/,Build with Kujo,aside,200,https://docs.kujolang.ai/build/,0,rendered local route,,none
after,https://docs.kujolang.ai/start-here/,https://docs.kujolang.ai/ecosystem/providers/,Provider packages,aside,200,https://docs.kujolang.ai/ecosystem/providers/,0,rendered local route,,none
after,https://docs.kujolang.ai/start-here/,https://docs.kujolang.ai/review/,Reviewable work,aside,200,https://docs.kujolang.ai/review/,0,rendered local route,,none
after,https://docs.kujolang.ai/start-here/,https://docs.kujolang.ai/tools/,Tools,aside,200,https://docs.kujolang.ai/tools/,0,rendered local route,,none
after,https://docs.kujolang.ai/start-here/,https://docs.kujolang.ai/showcases/,Showcases,aside,200,https://docs.kujolang.ai/showcases/,0,rendered local route,,none
after,https://docs.kujolang.ai/start-here/,https://docs.kujolang.ai/collections/,Collections,aside,200,https://docs.kujolang.ai/collections/,0,rendered local route,,none
after,https://docs.kujolang.ai/start-here/,https://docs.kujolang.ai/ecosystem/,Ecosystem,aside,200,https://docs.kujolang.ai/ecosystem/,0,rendered local route,,none
after,https://docs.kujolang.ai/start-here/,https://docs.kujolang.ai/reference/,Reference,aside,200,https://docs.kujolang.ai/reference/,0,rendered local route,,none
after,https://docs.kujolang.ai/start-here/,https://docs.kujolang.ai/security/,Security model,aside,200,https://docs.kujolang.ai/security/,0,rendered local route,,none
after,https://docs.kujolang.ai/start-here/,https://docs.kujolang.ai/release-boundaries/,Release boundaries,aside,200,https://docs.kujolang.ai/release-boundaries/,0,rendered local route,,none
after,https://docs.kujolang.ai/start-here/,https://docs.kujolang.ai/support/,Support,aside,200,https://docs.kujolang.ai/support/,0,rendered local route,,none
after,https://docs.kujolang.ai/start-here/,https://docs.kujolang.ai/install/,Install Kujo,article,200,https://docs.kujolang.ai/install/,0,rendered local route,,none
after,https://docs.kujolang.ai/start-here/,https://docs.kujolang.ai/quickstart/,Quickstart,article,200,https://docs.kujolang.ai/quickstart/,0,rendered local route,,none
after,https://docs.kujolang.ai/start-here/,https://docs.kujolang.ai/build/owned-agent-projects/,Repository-owned Agent Projects,article,200,https://docs.kujolang.ai/build/owned-agent-projects/,0,rendered local route,,none
after,https://docs.kujolang.ai/start-here/,https://docs.kujolang.ai/build/ai-and-agents/,AI and agents,article,200,https://docs.kujolang.ai/build/ai-and-agents/,0,rendered local route,,none
after,https://docs.kujolang.ai/start-here/,https://docs.kujolang.ai/tools/ai-sdk/,AI SDK,article,200,https://docs.kujolang.ai/tools/ai-sdk/,0,rendered local route,,none
after,https://docs.kujolang.ai/start-here/,https://docs.kujolang.ai/review/,Keep work reviewable,article,200,https://docs.kujolang.ai/review/,0,rendered local route,,none
after,https://docs.kujolang.ai/start-here/,https://docs.kujolang.ai/review/context-and-task-contracts/,context and task contracts,article,200,https://docs.kujolang.ai/review/context-and-task-contracts/,0,rendered local route,,none
after,https://docs.kujolang.ai/start-here/,https://docs.kujolang.ai/install/,Next,nav,200,https://docs.kujolang.ai/install/,0,rendered local route,next,none
after,https://docs.kujolang.ai/start-here/,https://docs.kujolang.ai/reference/,Reference,nav,200,https://docs.kujolang.ai/reference/,0,rendered local route,,none
after,https://docs.kujolang.ai/start-here/,https://docs.kujolang.ai/support/,Support,nav,200,https://docs.kujolang.ai/support/,0,rendered local route,,none
after,https://docs.kujolang.ai/start-here/,https://docs.kujolang.ai/release-boundaries/,Release boundaries,nav,200,https://docs.kujolang.ai/release-boundaries/,0,rendered local route,,none
after,https://docs.kujolang.ai/start-here/,https://docs.kujolang.ai/llms.txt,llms.txt,nav,200,https://docs.kujolang.ai/llms.txt,0,rendered local route,,none
after,https://docs.kujolang.ai/support/,https://docs.kujolang.ai/,Docs,header,200,https://docs.kujolang.ai/,0,rendered local route,,none
after,https://docs.kujolang.ai/support/,https://docs.kujolang.ai/start-here/,Start here,nav,200,https://docs.kujolang.ai/start-here/,0,rendered local route,,none
after,https://docs.kujolang.ai/support/,https://docs.kujolang.ai/learn/,Learn Kujo,nav,200,https://docs.kujolang.ai/learn/,0,rendered local route,,none
after,https://docs.kujolang.ai/support/,https://docs.kujolang.ai/build/,Build with Kujo,nav,200,https://docs.kujolang.ai/build/,0,rendered local route,,none
after,https://docs.kujolang.ai/support/,https://docs.kujolang.ai/ecosystem/providers/,Providers,nav,200,https://docs.kujolang.ai/ecosystem/providers/,0,rendered local route,,none
after,https://docs.kujolang.ai/support/,https://docs.kujolang.ai/tools/,Tools,nav,200,https://docs.kujolang.ai/tools/,0,rendered local route,,none
after,https://docs.kujolang.ai/support/,https://docs.kujolang.ai/showcases/,Showcases,nav,200,https://docs.kujolang.ai/showcases/,0,rendered local route,,none
after,https://docs.kujolang.ai/support/,https://docs.kujolang.ai/start-here/,Start here,aside,200,https://docs.kujolang.ai/start-here/,0,rendered local route,,none
after,https://docs.kujolang.ai/support/,https://docs.kujolang.ai/install/,Install Kujo,aside,200,https://docs.kujolang.ai/install/,0,rendered local route,,none
after,https://docs.kujolang.ai/support/,https://docs.kujolang.ai/quickstart/,Quickstart,aside,200,https://docs.kujolang.ai/quickstart/,0,rendered local route,,none
after,https://docs.kujolang.ai/support/,https://docs.kujolang.ai/choose-a-path/,Choose a path,aside,200,https://docs.kujolang.ai/choose-a-path/,0,rendered local route,,none
after,https://docs.kujolang.ai/support/,https://docs.kujolang.ai/learn/,Learn Kujo,aside,200,https://docs.kujolang.ai/learn/,0,rendered local route,,none
after,https://docs.kujolang.ai/support/,https://docs.kujolang.ai/build/,Build with Kujo,aside,200,https://docs.kujolang.ai/build/,0,rendered local route,,none
after,https://docs.kujolang.ai/support/,https://docs.kujolang.ai/ecosystem/providers/,Provider packages,aside,200,https://docs.kujolang.ai/ecosystem/providers/,0,rendered local route,,none
after,https://docs.kujolang.ai/support/,https://docs.kujolang.ai/review/,Reviewable work,aside,200,https://docs.kujolang.ai/review/,0,rendered local route,,none
after,https://docs.kujolang.ai/support/,https://docs.kujolang.ai/tools/,Tools,aside,200,https://docs.kujolang.ai/tools/,0,rendered local route,,none
after,https://docs.kujolang.ai/support/,https://docs.kujolang.ai/showcases/,Showcases,aside,200,https://docs.kujolang.ai/showcases/,0,rendered local route,,none
after,https://docs.kujolang.ai/support/,https://docs.kujolang.ai/collections/,Collections,aside,200,https://docs.kujolang.ai/collections/,0,rendered local route,,none
after,https://docs.kujolang.ai/support/,https://docs.kujolang.ai/ecosystem/,Ecosystem,aside,200,https://docs.kujolang.ai/ecosystem/,0,rendered local route,,none
after,https://docs.kujolang.ai/support/,https://docs.kujolang.ai/reference/,Reference,aside,200,https://docs.kujolang.ai/reference/,0,rendered local route,,none
after,https://docs.kujolang.ai/support/,https://docs.kujolang.ai/security/,Security model,aside,200,https://docs.kujolang.ai/security/,0,rendered local route,,none
after,https://docs.kujolang.ai/support/,https://docs.kujolang.ai/release-boundaries/,Release boundaries,aside,200,https://docs.kujolang.ai/release-boundaries/,0,rendered local route,,none
after,https://docs.kujolang.ai/support/,https://docs.kujolang.ai/support/,Support,aside,200,https://docs.kujolang.ai/support/,0,rendered local route,,none
after,https://docs.kujolang.ai/support/,https://docs.kujolang.ai/tools/casefile/,CaseFile,article,200,https://docs.kujolang.ai/tools/casefile/,0,rendered local route,,none
after,https://docs.kujolang.ai/support/,https://docs.kujolang.ai/tools/runledger/,RunLedger,article,200,https://docs.kujolang.ai/tools/runledger/,0,rendered local route,,none
after,https://docs.kujolang.ai/support/,https://docs.kujolang.ai/tools/patchbrief/,PatchBrief,article,200,https://docs.kujolang.ai/tools/patchbrief/,0,rendered local route,,none
after,https://docs.kujolang.ai/support/,https://docs.kujolang.ai/tools/scent/,Scent,article,200,https://docs.kujolang.ai/tools/scent/,0,rendered local route,,none
after,https://docs.kujolang.ai/support/,https://docs.kujolang.ai/reference/,Reference,nav,200,https://docs.kujolang.ai/reference/,0,rendered local route,,none
after,https://docs.kujolang.ai/support/,https://docs.kujolang.ai/support/,Support,nav,200,https://docs.kujolang.ai/support/,0,rendered local route,,none
after,https://docs.kujolang.ai/support/,https://docs.kujolang.ai/release-boundaries/,Release boundaries,nav,200,https://docs.kujolang.ai/release-boundaries/,0,rendered local route,,none
after,https://docs.kujolang.ai/support/,https://docs.kujolang.ai/llms.txt,llms.txt,nav,200,https://docs.kujolang.ai/llms.txt,0,rendered local route,,none
after,https://docs.kujolang.ai/tools/agents-sdk/,https://docs.kujolang.ai/,Docs,header,200,https://docs.kujolang.ai/,0,rendered local route,,none
after,https://docs.kujolang.ai/tools/agents-sdk/,https://docs.kujolang.ai/start-here/,Start here,nav,200,https://docs.kujolang.ai/start-here/,0,rendered local route,,none
after,https://docs.kujolang.ai/tools/agents-sdk/,https://docs.kujolang.ai/learn/,Learn Kujo,nav,200,https://docs.kujolang.ai/learn/,0,rendered local route,,none
after,https://docs.kujolang.ai/tools/agents-sdk/,https://docs.kujolang.ai/build/,Build with Kujo,nav,200,https://docs.kujolang.ai/build/,0,rendered local route,,none
after,https://docs.kujolang.ai/tools/agents-sdk/,https://docs.kujolang.ai/ecosystem/providers/,Providers,nav,200,https://docs.kujolang.ai/ecosystem/providers/,0,rendered local route,,none
after,https://docs.kujolang.ai/tools/agents-sdk/,https://docs.kujolang.ai/tools/,Tools,nav,200,https://docs.kujolang.ai/tools/,0,rendered local route,,none
after,https://docs.kujolang.ai/tools/agents-sdk/,https://docs.kujolang.ai/showcases/,Showcases,nav,200,https://docs.kujolang.ai/showcases/,0,rendered local route,,none
after,https://docs.kujolang.ai/tools/agents-sdk/,https://docs.kujolang.ai/start-here/,Start here,aside,200,https://docs.kujolang.ai/start-here/,0,rendered local route,,none
after,https://docs.kujolang.ai/tools/agents-sdk/,https://docs.kujolang.ai/install/,Install Kujo,aside,200,https://docs.kujolang.ai/install/,0,rendered local route,,none
after,https://docs.kujolang.ai/tools/agents-sdk/,https://docs.kujolang.ai/quickstart/,Quickstart,aside,200,https://docs.kujolang.ai/quickstart/,0,rendered local route,,none
after,https://docs.kujolang.ai/tools/agents-sdk/,https://docs.kujolang.ai/choose-a-path/,Choose a path,aside,200,https://docs.kujolang.ai/choose-a-path/,0,rendered local route,,none
after,https://docs.kujolang.ai/tools/agents-sdk/,https://docs.kujolang.ai/learn/,Learn Kujo,aside,200,https://docs.kujolang.ai/learn/,0,rendered local route,,none
after,https://docs.kujolang.ai/tools/agents-sdk/,https://docs.kujolang.ai/build/,Build with Kujo,aside,200,https://docs.kujolang.ai/build/,0,rendered local route,,none
after,https://docs.kujolang.ai/tools/agents-sdk/,https://docs.kujolang.ai/review/,Reviewable work,aside,200,https://docs.kujolang.ai/review/,0,rendered local route,,none
after,https://docs.kujolang.ai/tools/agents-sdk/,https://docs.kujolang.ai/tools/,Tools,aside,200,https://docs.kujolang.ai/tools/,0,rendered local route,,none
after,https://docs.kujolang.ai/tools/agents-sdk/,https://docs.kujolang.ai/showcases/,Showcases,aside,200,https://docs.kujolang.ai/showcases/,0,rendered local route,,none
after,https://docs.kujolang.ai/tools/agents-sdk/,https://docs.kujolang.ai/collections/,Collections,aside,200,https://docs.kujolang.ai/collections/,0,rendered local route,,none
after,https://docs.kujolang.ai/tools/agents-sdk/,https://docs.kujolang.ai/ecosystem/,Ecosystem,aside,200,https://docs.kujolang.ai/ecosystem/,0,rendered local route,,none
after,https://docs.kujolang.ai/tools/agents-sdk/,https://docs.kujolang.ai/reference/,Reference,aside,200,https://docs.kujolang.ai/reference/,0,rendered local route,,none
after,https://docs.kujolang.ai/tools/agents-sdk/,https://docs.kujolang.ai/security/,Security model,aside,200,https://docs.kujolang.ai/security/,0,rendered local route,,none
after,https://docs.kujolang.ai/tools/agents-sdk/,https://docs.kujolang.ai/release-boundaries/,Release boundaries,aside,200,https://docs.kujolang.ai/release-boundaries/,0,rendered local route,,none
after,https://docs.kujolang.ai/tools/agents-sdk/,https://docs.kujolang.ai/support/,Support,aside,200,https://docs.kujolang.ai/support/,0,rendered local route,,none
after,https://docs.kujolang.ai/tools/agents-sdk/,https://docs.kujolang.ai/tools/spec/,Spec,article,200,https://docs.kujolang.ai/tools/spec/,0,rendered local route,,none
after,https://docs.kujolang.ai/tools/agents-sdk/,https://docs.kujolang.ai/tools/dispatch/,Dispatch,article,200,https://docs.kujolang.ai/tools/dispatch/,0,rendered local route,,none
after,https://docs.kujolang.ai/tools/agents-sdk/,https://docs.kujolang.ai/tools/ai-sdk/,Previous,nav,200,https://docs.kujolang.ai/tools/ai-sdk/,0,rendered local route,prev,none
after,https://docs.kujolang.ai/tools/agents-sdk/,https://docs.kujolang.ai/tools/scent/,Next,nav,200,https://docs.kujolang.ai/tools/scent/,0,rendered local route,next,none
after,https://docs.kujolang.ai/tools/agents-sdk/,https://docs.kujolang.ai/reference/,Reference,nav,200,https://docs.kujolang.ai/reference/,0,rendered local route,,none
after,https://docs.kujolang.ai/tools/agents-sdk/,https://docs.kujolang.ai/support/,Support,nav,200,https://docs.kujolang.ai/support/,0,rendered local route,,none
after,https://docs.kujolang.ai/tools/agents-sdk/,https://docs.kujolang.ai/release-boundaries/,Release boundaries,nav,200,https://docs.kujolang.ai/release-boundaries/,0,rendered local route,,none
after,https://docs.kujolang.ai/tools/agents-sdk/,https://docs.kujolang.ai/llms.txt,llms.txt,nav,200,https://docs.kujolang.ai/llms.txt,0,rendered local route,,none
after,https://docs.kujolang.ai/tools/ai-sdk/,https://docs.kujolang.ai/,Docs,header,200,https://docs.kujolang.ai/,0,rendered local route,,none
after,https://docs.kujolang.ai/tools/ai-sdk/,https://docs.kujolang.ai/start-here/,Start here,nav,200,https://docs.kujolang.ai/start-here/,0,rendered local route,,none
after,https://docs.kujolang.ai/tools/ai-sdk/,https://docs.kujolang.ai/learn/,Learn Kujo,nav,200,https://docs.kujolang.ai/learn/,0,rendered local route,,none
after,https://docs.kujolang.ai/tools/ai-sdk/,https://docs.kujolang.ai/build/,Build with Kujo,nav,200,https://docs.kujolang.ai/build/,0,rendered local route,,none
after,https://docs.kujolang.ai/tools/ai-sdk/,https://docs.kujolang.ai/ecosystem/providers/,Providers,nav,200,https://docs.kujolang.ai/ecosystem/providers/,0,rendered local route,,none
after,https://docs.kujolang.ai/tools/ai-sdk/,https://docs.kujolang.ai/tools/,Tools,nav,200,https://docs.kujolang.ai/tools/,0,rendered local route,,none
after,https://docs.kujolang.ai/tools/ai-sdk/,https://docs.kujolang.ai/showcases/,Showcases,nav,200,https://docs.kujolang.ai/showcases/,0,rendered local route,,none
after,https://docs.kujolang.ai/tools/ai-sdk/,https://docs.kujolang.ai/start-here/,Start here,aside,200,https://docs.kujolang.ai/start-here/,0,rendered local route,,none
after,https://docs.kujolang.ai/tools/ai-sdk/,https://docs.kujolang.ai/install/,Install Kujo,aside,200,https://docs.kujolang.ai/install/,0,rendered local route,,none
after,https://docs.kujolang.ai/tools/ai-sdk/,https://docs.kujolang.ai/quickstart/,Quickstart,aside,200,https://docs.kujolang.ai/quickstart/,0,rendered local route,,none
after,https://docs.kujolang.ai/tools/ai-sdk/,https://docs.kujolang.ai/choose-a-path/,Choose a path,aside,200,https://docs.kujolang.ai/choose-a-path/,0,rendered local route,,none
after,https://docs.kujolang.ai/tools/ai-sdk/,https://docs.kujolang.ai/learn/,Learn Kujo,aside,200,https://docs.kujolang.ai/learn/,0,rendered local route,,none
after,https://docs.kujolang.ai/tools/ai-sdk/,https://docs.kujolang.ai/build/,Build with Kujo,aside,200,https://docs.kujolang.ai/build/,0,rendered local route,,none
after,https://docs.kujolang.ai/tools/ai-sdk/,https://docs.kujolang.ai/review/,Reviewable work,aside,200,https://docs.kujolang.ai/review/,0,rendered local route,,none
after,https://docs.kujolang.ai/tools/ai-sdk/,https://docs.kujolang.ai/tools/,Tools,aside,200,https://docs.kujolang.ai/tools/,0,rendered local route,,none
after,https://docs.kujolang.ai/tools/ai-sdk/,https://docs.kujolang.ai/showcases/,Showcases,aside,200,https://docs.kujolang.ai/showcases/,0,rendered local route,,none
after,https://docs.kujolang.ai/tools/ai-sdk/,https://docs.kujolang.ai/collections/,Collections,aside,200,https://docs.kujolang.ai/collections/,0,rendered local route,,none
after,https://docs.kujolang.ai/tools/ai-sdk/,https://docs.kujolang.ai/ecosystem/,Ecosystem,aside,200,https://docs.kujolang.ai/ecosystem/,0,rendered local route,,none
after,https://docs.kujolang.ai/tools/ai-sdk/,https://docs.kujolang.ai/reference/,Reference,aside,200,https://docs.kujolang.ai/reference/,0,rendered local route,,none
after,https://docs.kujolang.ai/tools/ai-sdk/,https://docs.kujolang.ai/security/,Security model,aside,200,https://docs.kujolang.ai/security/,0,rendered local route,,none
after,https://docs.kujolang.ai/tools/ai-sdk/,https://docs.kujolang.ai/release-boundaries/,Release boundaries,aside,200,https://docs.kujolang.ai/release-boundaries/,0,rendered local route,,none
after,https://docs.kujolang.ai/tools/ai-sdk/,https://docs.kujolang.ai/support/,Support,aside,200,https://docs.kujolang.ai/support/,0,rendered local route,,none
after,https://docs.kujolang.ai/tools/ai-sdk/,https://docs.kujolang.ai/tools/agents-sdk/,Agents SDK,article,200,https://docs.kujolang.ai/tools/agents-sdk/,0,rendered local route,,none
after,https://docs.kujolang.ai/tools/ai-sdk/,https://docs.kujolang.ai/ecosystem/providers/,provider index,article,200,https://docs.kujolang.ai/ecosystem/providers/,0,rendered local route,,none
after,https://docs.kujolang.ai/tools/ai-sdk/,https://docs.kujolang.ai/learn/ai-runtime/,AI runtime basics,article,200,https://docs.kujolang.ai/learn/ai-runtime/,0,rendered local route,,none
after,https://docs.kujolang.ai/tools/ai-sdk/,https://docs.kujolang.ai/tools/rag/,Previous,nav,200,https://docs.kujolang.ai/tools/rag/,0,rendered local route,prev,none
after,https://docs.kujolang.ai/tools/ai-sdk/,https://docs.kujolang.ai/tools/agents-sdk/,Next,nav,200,https://docs.kujolang.ai/tools/agents-sdk/,0,rendered local route,next,none
after,https://docs.kujolang.ai/tools/ai-sdk/,https://docs.kujolang.ai/reference/,Reference,nav,200,https://docs.kujolang.ai/reference/,0,rendered local route,,none
after,https://docs.kujolang.ai/tools/ai-sdk/,https://docs.kujolang.ai/support/,Support,nav,200,https://docs.kujolang.ai/support/,0,rendered local route,,none
after,https://docs.kujolang.ai/tools/ai-sdk/,https://docs.kujolang.ai/release-boundaries/,Release boundaries,nav,200,https://docs.kujolang.ai/release-boundaries/,0,rendered local route,,none
after,https://docs.kujolang.ai/tools/ai-sdk/,https://docs.kujolang.ai/llms.txt,llms.txt,nav,200,https://docs.kujolang.ai/llms.txt,0,rendered local route,,none
after,https://docs.kujolang.ai/tools/assetworks/,https://docs.kujolang.ai/,Docs,header,200,https://docs.kujolang.ai/,0,rendered local route,,none
after,https://docs.kujolang.ai/tools/assetworks/,https://docs.kujolang.ai/start-here/,Start here,nav,200,https://docs.kujolang.ai/start-here/,0,rendered local route,,none
after,https://docs.kujolang.ai/tools/assetworks/,https://docs.kujolang.ai/learn/,Learn Kujo,nav,200,https://docs.kujolang.ai/learn/,0,rendered local route,,none
after,https://docs.kujolang.ai/tools/assetworks/,https://docs.kujolang.ai/build/,Build with Kujo,nav,200,https://docs.kujolang.ai/build/,0,rendered local route,,none
after,https://docs.kujolang.ai/tools/assetworks/,https://docs.kujolang.ai/ecosystem/providers/,Providers,nav,200,https://docs.kujolang.ai/ecosystem/providers/,0,rendered local route,,none
after,https://docs.kujolang.ai/tools/assetworks/,https://docs.kujolang.ai/tools/,Tools,nav,200,https://docs.kujolang.ai/tools/,0,rendered local route,,none
after,https://docs.kujolang.ai/tools/assetworks/,https://docs.kujolang.ai/showcases/,Showcases,nav,200,https://docs.kujolang.ai/showcases/,0,rendered local route,,none
after,https://docs.kujolang.ai/tools/assetworks/,https://docs.kujolang.ai/start-here/,Start here,aside,200,https://docs.kujolang.ai/start-here/,0,rendered local route,,none
after,https://docs.kujolang.ai/tools/assetworks/,https://docs.kujolang.ai/install/,Install Kujo,aside,200,https://docs.kujolang.ai/install/,0,rendered local route,,none
after,https://docs.kujolang.ai/tools/assetworks/,https://docs.kujolang.ai/quickstart/,Quickstart,aside,200,https://docs.kujolang.ai/quickstart/,0,rendered local route,,none
after,https://docs.kujolang.ai/tools/assetworks/,https://docs.kujolang.ai/choose-a-path/,Choose a path,aside,200,https://docs.kujolang.ai/choose-a-path/,0,rendered local route,,none
after,https://docs.kujolang.ai/tools/assetworks/,https://docs.kujolang.ai/learn/,Learn Kujo,aside,200,https://docs.kujolang.ai/learn/,0,rendered local route,,none
after,https://docs.kujolang.ai/tools/assetworks/,https://docs.kujolang.ai/build/,Build with Kujo,aside,200,https://docs.kujolang.ai/build/,0,rendered local route,,none
after,https://docs.kujolang.ai/tools/assetworks/,https://docs.kujolang.ai/review/,Reviewable work,aside,200,https://docs.kujolang.ai/review/,0,rendered local route,,none
after,https://docs.kujolang.ai/tools/assetworks/,https://docs.kujolang.ai/tools/,Tools,aside,200,https://docs.kujolang.ai/tools/,0,rendered local route,,none
after,https://docs.kujolang.ai/tools/assetworks/,https://docs.kujolang.ai/showcases/,Showcases,aside,200,https://docs.kujolang.ai/showcases/,0,rendered local route,,none
after,https://docs.kujolang.ai/tools/assetworks/,https://docs.kujolang.ai/collections/,Collections,aside,200,https://docs.kujolang.ai/collections/,0,rendered local route,,none
after,https://docs.kujolang.ai/tools/assetworks/,https://docs.kujolang.ai/ecosystem/,Ecosystem,aside,200,https://docs.kujolang.ai/ecosystem/,0,rendered local route,,none
after,https://docs.kujolang.ai/tools/assetworks/,https://docs.kujolang.ai/reference/,Reference,aside,200,https://docs.kujolang.ai/reference/,0,rendered local route,,none
after,https://docs.kujolang.ai/tools/assetworks/,https://docs.kujolang.ai/security/,Security model,aside,200,https://docs.kujolang.ai/security/,0,rendered local route,,none
after,https://docs.kujolang.ai/tools/assetworks/,https://docs.kujolang.ai/release-boundaries/,Release boundaries,aside,200,https://docs.kujolang.ai/release-boundaries/,0,rendered local route,,none
after,https://docs.kujolang.ai/tools/assetworks/,https://docs.kujolang.ai/support/,Support,aside,200,https://docs.kujolang.ai/support/,0,rendered local route,,none
after,https://docs.kujolang.ai/tools/assetworks/,https://docs.kujolang.ai/reference/,Reference,nav,200,https://docs.kujolang.ai/reference/,0,rendered local route,,none
after,https://docs.kujolang.ai/tools/assetworks/,https://docs.kujolang.ai/support/,Support,nav,200,https://docs.kujolang.ai/support/,0,rendered local route,,none
after,https://docs.kujolang.ai/tools/assetworks/,https://docs.kujolang.ai/release-boundaries/,Release boundaries,nav,200,https://docs.kujolang.ai/release-boundaries/,0,rendered local route,,none
after,https://docs.kujolang.ai/tools/assetworks/,https://docs.kujolang.ai/llms.txt,llms.txt,nav,200,https://docs.kujolang.ai/llms.txt,0,rendered local route,,none
after,https://docs.kujolang.ai/tools/bluepencil/,https://docs.kujolang.ai/,Docs,header,200,https://docs.kujolang.ai/,0,rendered local route,,none
after,https://docs.kujolang.ai/tools/bluepencil/,https://docs.kujolang.ai/start-here/,Start here,nav,200,https://docs.kujolang.ai/start-here/,0,rendered local route,,none
after,https://docs.kujolang.ai/tools/bluepencil/,https://docs.kujolang.ai/learn/,Learn Kujo,nav,200,https://docs.kujolang.ai/learn/,0,rendered local route,,none
after,https://docs.kujolang.ai/tools/bluepencil/,https://docs.kujolang.ai/build/,Build with Kujo,nav,200,https://docs.kujolang.ai/build/,0,rendered local route,,none
after,https://docs.kujolang.ai/tools/bluepencil/,https://docs.kujolang.ai/ecosystem/providers/,Providers,nav,200,https://docs.kujolang.ai/ecosystem/providers/,0,rendered local route,,none
after,https://docs.kujolang.ai/tools/bluepencil/,https://docs.kujolang.ai/tools/,Tools,nav,200,https://docs.kujolang.ai/tools/,0,rendered local route,,none
after,https://docs.kujolang.ai/tools/bluepencil/,https://docs.kujolang.ai/showcases/,Showcases,nav,200,https://docs.kujolang.ai/showcases/,0,rendered local route,,none
after,https://docs.kujolang.ai/tools/bluepencil/,https://docs.kujolang.ai/start-here/,Start here,aside,200,https://docs.kujolang.ai/start-here/,0,rendered local route,,none
after,https://docs.kujolang.ai/tools/bluepencil/,https://docs.kujolang.ai/install/,Install Kujo,aside,200,https://docs.kujolang.ai/install/,0,rendered local route,,none
after,https://docs.kujolang.ai/tools/bluepencil/,https://docs.kujolang.ai/quickstart/,Quickstart,aside,200,https://docs.kujolang.ai/quickstart/,0,rendered local route,,none
after,https://docs.kujolang.ai/tools/bluepencil/,https://docs.kujolang.ai/choose-a-path/,Choose a path,aside,200,https://docs.kujolang.ai/choose-a-path/,0,rendered local route,,none
after,https://docs.kujolang.ai/tools/bluepencil/,https://docs.kujolang.ai/learn/,Learn Kujo,aside,200,https://docs.kujolang.ai/learn/,0,rendered local route,,none
after,https://docs.kujolang.ai/tools/bluepencil/,https://docs.kujolang.ai/build/,Build with Kujo,aside,200,https://docs.kujolang.ai/build/,0,rendered local route,,none
after,https://docs.kujolang.ai/tools/bluepencil/,https://docs.kujolang.ai/review/,Reviewable work,aside,200,https://docs.kujolang.ai/review/,0,rendered local route,,none
after,https://docs.kujolang.ai/tools/bluepencil/,https://docs.kujolang.ai/tools/,Tools,aside,200,https://docs.kujolang.ai/tools/,0,rendered local route,,none
after,https://docs.kujolang.ai/tools/bluepencil/,https://docs.kujolang.ai/showcases/,Showcases,aside,200,https://docs.kujolang.ai/showcases/,0,rendered local route,,none
after,https://docs.kujolang.ai/tools/bluepencil/,https://docs.kujolang.ai/collections/,Collections,aside,200,https://docs.kujolang.ai/collections/,0,rendered local route,,none
after,https://docs.kujolang.ai/tools/bluepencil/,https://docs.kujolang.ai/ecosystem/,Ecosystem,aside,200,https://docs.kujolang.ai/ecosystem/,0,rendered local route,,none
after,https://docs.kujolang.ai/tools/bluepencil/,https://docs.kujolang.ai/reference/,Reference,aside,200,https://docs.kujolang.ai/reference/,0,rendered local route,,none
after,https://docs.kujolang.ai/tools/bluepencil/,https://docs.kujolang.ai/security/,Security model,aside,200,https://docs.kujolang.ai/security/,0,rendered local route,,none
after,https://docs.kujolang.ai/tools/bluepencil/,https://docs.kujolang.ai/release-boundaries/,Release boundaries,aside,200,https://docs.kujolang.ai/release-boundaries/,0,rendered local route,,none
after,https://docs.kujolang.ai/tools/bluepencil/,https://docs.kujolang.ai/support/,Support,aside,200,https://docs.kujolang.ai/support/,0,rendered local route,,none
after,https://docs.kujolang.ai/tools/bluepencil/,https://docs.kujolang.ai/reference/,Reference,nav,200,https://docs.kujolang.ai/reference/,0,rendered local route,,none
after,https://docs.kujolang.ai/tools/bluepencil/,https://docs.kujolang.ai/support/,Support,nav,200,https://docs.kujolang.ai/support/,0,rendered local route,,none
after,https://docs.kujolang.ai/tools/bluepencil/,https://docs.kujolang.ai/release-boundaries/,Release boundaries,nav,200,https://docs.kujolang.ai/release-boundaries/,0,rendered local route,,none
after,https://docs.kujolang.ai/tools/bluepencil/,https://docs.kujolang.ai/llms.txt,llms.txt,nav,200,https://docs.kujolang.ai/llms.txt,0,rendered local route,,none
after,https://docs.kujolang.ai/tools/casefile/,https://docs.kujolang.ai/,Docs,header,200,https://docs.kujolang.ai/,0,rendered local route,,none
after,https://docs.kujolang.ai/tools/casefile/,https://docs.kujolang.ai/start-here/,Start here,nav,200,https://docs.kujolang.ai/start-here/,0,rendered local route,,none
after,https://docs.kujolang.ai/tools/casefile/,https://docs.kujolang.ai/learn/,Learn Kujo,nav,200,https://docs.kujolang.ai/learn/,0,rendered local route,,none
after,https://docs.kujolang.ai/tools/casefile/,https://docs.kujolang.ai/build/,Build with Kujo,nav,200,https://docs.kujolang.ai/build/,0,rendered local route,,none
after,https://docs.kujolang.ai/tools/casefile/,https://docs.kujolang.ai/ecosystem/providers/,Providers,nav,200,https://docs.kujolang.ai/ecosystem/providers/,0,rendered local route,,none
after,https://docs.kujolang.ai/tools/casefile/,https://docs.kujolang.ai/tools/,Tools,nav,200,https://docs.kujolang.ai/tools/,0,rendered local route,,none
after,https://docs.kujolang.ai/tools/casefile/,https://docs.kujolang.ai/showcases/,Showcases,nav,200,https://docs.kujolang.ai/showcases/,0,rendered local route,,none
after,https://docs.kujolang.ai/tools/casefile/,https://docs.kujolang.ai/start-here/,Start here,aside,200,https://docs.kujolang.ai/start-here/,0,rendered local route,,none
after,https://docs.kujolang.ai/tools/casefile/,https://docs.kujolang.ai/install/,Install Kujo,aside,200,https://docs.kujolang.ai/install/,0,rendered local route,,none
after,https://docs.kujolang.ai/tools/casefile/,https://docs.kujolang.ai/quickstart/,Quickstart,aside,200,https://docs.kujolang.ai/quickstart/,0,rendered local route,,none
after,https://docs.kujolang.ai/tools/casefile/,https://docs.kujolang.ai/choose-a-path/,Choose a path,aside,200,https://docs.kujolang.ai/choose-a-path/,0,rendered local route,,none
after,https://docs.kujolang.ai/tools/casefile/,https://docs.kujolang.ai/learn/,Learn Kujo,aside,200,https://docs.kujolang.ai/learn/,0,rendered local route,,none
after,https://docs.kujolang.ai/tools/casefile/,https://docs.kujolang.ai/build/,Build with Kujo,aside,200,https://docs.kujolang.ai/build/,0,rendered local route,,none
after,https://docs.kujolang.ai/tools/casefile/,https://docs.kujolang.ai/review/,Reviewable work,aside,200,https://docs.kujolang.ai/review/,0,rendered local route,,none
after,https://docs.kujolang.ai/tools/casefile/,https://docs.kujolang.ai/tools/,Tools,aside,200,https://docs.kujolang.ai/tools/,0,rendered local route,,none
after,https://docs.kujolang.ai/tools/casefile/,https://docs.kujolang.ai/showcases/,Showcases,aside,200,https://docs.kujolang.ai/showcases/,0,rendered local route,,none
after,https://docs.kujolang.ai/tools/casefile/,https://docs.kujolang.ai/collections/,Collections,aside,200,https://docs.kujolang.ai/collections/,0,rendered local route,,none
after,https://docs.kujolang.ai/tools/casefile/,https://docs.kujolang.ai/ecosystem/,Ecosystem,aside,200,https://docs.kujolang.ai/ecosystem/,0,rendered local route,,none
after,https://docs.kujolang.ai/tools/casefile/,https://docs.kujolang.ai/reference/,Reference,aside,200,https://docs.kujolang.ai/reference/,0,rendered local route,,none
after,https://docs.kujolang.ai/tools/casefile/,https://docs.kujolang.ai/security/,Security model,aside,200,https://docs.kujolang.ai/security/,0,rendered local route,,none
after,https://docs.kujolang.ai/tools/casefile/,https://docs.kujolang.ai/release-boundaries/,Release boundaries,aside,200,https://docs.kujolang.ai/release-boundaries/,0,rendered local route,,none
after,https://docs.kujolang.ai/tools/casefile/,https://docs.kujolang.ai/support/,Support,aside,200,https://docs.kujolang.ai/support/,0,rendered local route,,none
after,https://docs.kujolang.ai/tools/casefile/,https://docs.kujolang.ai/tools/runledger/,RunLedger,article,200,https://docs.kujolang.ai/tools/runledger/,0,rendered local route,,none
after,https://docs.kujolang.ai/tools/casefile/,https://docs.kujolang.ai/tools/scent/,Scent,article,200,https://docs.kujolang.ai/tools/scent/,0,rendered local route,,none
after,https://docs.kujolang.ai/tools/casefile/,https://docs.kujolang.ai/tools/packwrite/,Previous,nav,200,https://docs.kujolang.ai/tools/packwrite/,0,rendered local route,prev,none
after,https://docs.kujolang.ai/tools/casefile/,https://docs.kujolang.ai/tools/lens/,Next,nav,200,https://docs.kujolang.ai/tools/lens/,0,rendered local route,next,none
after,https://docs.kujolang.ai/tools/casefile/,https://docs.kujolang.ai/reference/,Reference,nav,200,https://docs.kujolang.ai/reference/,0,rendered local route,,none
after,https://docs.kujolang.ai/tools/casefile/,https://docs.kujolang.ai/support/,Support,nav,200,https://docs.kujolang.ai/support/,0,rendered local route,,none
after,https://docs.kujolang.ai/tools/casefile/,https://docs.kujolang.ai/release-boundaries/,Release boundaries,nav,200,https://docs.kujolang.ai/release-boundaries/,0,rendered local route,,none
after,https://docs.kujolang.ai/tools/casefile/,https://docs.kujolang.ai/llms.txt,llms.txt,nav,200,https://docs.kujolang.ai/llms.txt,0,rendered local route,,none
after,https://docs.kujolang.ai/tools/changebucket/,https://docs.kujolang.ai/,Docs,header,200,https://docs.kujolang.ai/,0,rendered local route,,none
after,https://docs.kujolang.ai/tools/changebucket/,https://docs.kujolang.ai/start-here/,Start here,nav,200,https://docs.kujolang.ai/start-here/,0,rendered local route,,none
after,https://docs.kujolang.ai/tools/changebucket/,https://docs.kujolang.ai/learn/,Learn Kujo,nav,200,https://docs.kujolang.ai/learn/,0,rendered local route,,none
after,https://docs.kujolang.ai/tools/changebucket/,https://docs.kujolang.ai/build/,Build with Kujo,nav,200,https://docs.kujolang.ai/build/,0,rendered local route,,none
after,https://docs.kujolang.ai/tools/changebucket/,https://docs.kujolang.ai/ecosystem/providers/,Providers,nav,200,https://docs.kujolang.ai/ecosystem/providers/,0,rendered local route,,none
after,https://docs.kujolang.ai/tools/changebucket/,https://docs.kujolang.ai/tools/,Tools,nav,200,https://docs.kujolang.ai/tools/,0,rendered local route,,none
after,https://docs.kujolang.ai/tools/changebucket/,https://docs.kujolang.ai/showcases/,Showcases,nav,200,https://docs.kujolang.ai/showcases/,0,rendered local route,,none
after,https://docs.kujolang.ai/tools/changebucket/,https://docs.kujolang.ai/start-here/,Start here,aside,200,https://docs.kujolang.ai/start-here/,0,rendered local route,,none
after,https://docs.kujolang.ai/tools/changebucket/,https://docs.kujolang.ai/install/,Install Kujo,aside,200,https://docs.kujolang.ai/install/,0,rendered local route,,none
after,https://docs.kujolang.ai/tools/changebucket/,https://docs.kujolang.ai/quickstart/,Quickstart,aside,200,https://docs.kujolang.ai/quickstart/,0,rendered local route,,none
after,https://docs.kujolang.ai/tools/changebucket/,https://docs.kujolang.ai/choose-a-path/,Choose a path,aside,200,https://docs.kujolang.ai/choose-a-path/,0,rendered local route,,none
after,https://docs.kujolang.ai/tools/changebucket/,https://docs.kujolang.ai/learn/,Learn Kujo,aside,200,https://docs.kujolang.ai/learn/,0,rendered local route,,none
after,https://docs.kujolang.ai/tools/changebucket/,https://docs.kujolang.ai/build/,Build with Kujo,aside,200,https://docs.kujolang.ai/build/,0,rendered local route,,none
after,https://docs.kujolang.ai/tools/changebucket/,https://docs.kujolang.ai/review/,Reviewable work,aside,200,https://docs.kujolang.ai/review/,0,rendered local route,,none
after,https://docs.kujolang.ai/tools/changebucket/,https://docs.kujolang.ai/tools/,Tools,aside,200,https://docs.kujolang.ai/tools/,0,rendered local route,,none
after,https://docs.kujolang.ai/tools/changebucket/,https://docs.kujolang.ai/showcases/,Showcases,aside,200,https://docs.kujolang.ai/showcases/,0,rendered local route,,none
after,https://docs.kujolang.ai/tools/changebucket/,https://docs.kujolang.ai/collections/,Collections,aside,200,https://docs.kujolang.ai/collections/,0,rendered local route,,none
after,https://docs.kujolang.ai/tools/changebucket/,https://docs.kujolang.ai/ecosystem/,Ecosystem,aside,200,https://docs.kujolang.ai/ecosystem/,0,rendered local route,,none
after,https://docs.kujolang.ai/tools/changebucket/,https://docs.kujolang.ai/reference/,Reference,aside,200,https://docs.kujolang.ai/reference/,0,rendered local route,,none
after,https://docs.kujolang.ai/tools/changebucket/,https://docs.kujolang.ai/security/,Security model,aside,200,https://docs.kujolang.ai/security/,0,rendered local route,,none
after,https://docs.kujolang.ai/tools/changebucket/,https://docs.kujolang.ai/release-boundaries/,Release boundaries,aside,200,https://docs.kujolang.ai/release-boundaries/,0,rendered local route,,none
after,https://docs.kujolang.ai/tools/changebucket/,https://docs.kujolang.ai/support/,Support,aside,200,https://docs.kujolang.ai/support/,0,rendered local route,,none
after,https://docs.kujolang.ai/tools/changebucket/,https://docs.kujolang.ai/tools/patchbrief/,PatchBrief,article,200,https://docs.kujolang.ai/tools/patchbrief/,0,rendered local route,,none
after,https://docs.kujolang.ai/tools/changebucket/,https://docs.kujolang.ai/tools/shipcheck/,ShipCheck,article,200,https://docs.kujolang.ai/tools/shipcheck/,0,rendered local route,,none
after,https://docs.kujolang.ai/tools/changebucket/,https://docs.kujolang.ai/tools/runledger/,Previous,nav,200,https://docs.kujolang.ai/tools/runledger/,0,rendered local route,prev,none
after,https://docs.kujolang.ai/tools/changebucket/,https://docs.kujolang.ai/tools/patchbrief/,Next,nav,200,https://docs.kujolang.ai/tools/patchbrief/,0,rendered local route,next,none
after,https://docs.kujolang.ai/tools/changebucket/,https://docs.kujolang.ai/reference/,Reference,nav,200,https://docs.kujolang.ai/reference/,0,rendered local route,,none
after,https://docs.kujolang.ai/tools/changebucket/,https://docs.kujolang.ai/support/,Support,nav,200,https://docs.kujolang.ai/support/,0,rendered local route,,none
after,https://docs.kujolang.ai/tools/changebucket/,https://docs.kujolang.ai/release-boundaries/,Release boundaries,nav,200,https://docs.kujolang.ai/release-boundaries/,0,rendered local route,,none
after,https://docs.kujolang.ai/tools/changebucket/,https://docs.kujolang.ai/llms.txt,llms.txt,nav,200,https://docs.kujolang.ai/llms.txt,0,rendered local route,,none
after,https://docs.kujolang.ai/tools/commerce/,https://docs.kujolang.ai/,Docs,header,200,https://docs.kujolang.ai/,0,rendered local route,,none
after,https://docs.kujolang.ai/tools/commerce/,https://docs.kujolang.ai/start-here/,Start here,nav,200,https://docs.kujolang.ai/start-here/,0,rendered local route,,none
after,https://docs.kujolang.ai/tools/commerce/,https://docs.kujolang.ai/learn/,Learn Kujo,nav,200,https://docs.kujolang.ai/learn/,0,rendered local route,,none
after,https://docs.kujolang.ai/tools/commerce/,https://docs.kujolang.ai/build/,Build with Kujo,nav,200,https://docs.kujolang.ai/build/,0,rendered local route,,none
after,https://docs.kujolang.ai/tools/commerce/,https://docs.kujolang.ai/ecosystem/providers/,Providers,nav,200,https://docs.kujolang.ai/ecosystem/providers/,0,rendered local route,,none
after,https://docs.kujolang.ai/tools/commerce/,https://docs.kujolang.ai/tools/,Tools,nav,200,https://docs.kujolang.ai/tools/,0,rendered local route,,none
after,https://docs.kujolang.ai/tools/commerce/,https://docs.kujolang.ai/showcases/,Showcases,nav,200,https://docs.kujolang.ai/showcases/,0,rendered local route,,none
after,https://docs.kujolang.ai/tools/commerce/,https://docs.kujolang.ai/start-here/,Start here,aside,200,https://docs.kujolang.ai/start-here/,0,rendered local route,,none
after,https://docs.kujolang.ai/tools/commerce/,https://docs.kujolang.ai/install/,Install Kujo,aside,200,https://docs.kujolang.ai/install/,0,rendered local route,,none
after,https://docs.kujolang.ai/tools/commerce/,https://docs.kujolang.ai/quickstart/,Quickstart,aside,200,https://docs.kujolang.ai/quickstart/,0,rendered local route,,none
after,https://docs.kujolang.ai/tools/commerce/,https://docs.kujolang.ai/choose-a-path/,Choose a path,aside,200,https://docs.kujolang.ai/choose-a-path/,0,rendered local route,,none
after,https://docs.kujolang.ai/tools/commerce/,https://docs.kujolang.ai/learn/,Learn Kujo,aside,200,https://docs.kujolang.ai/learn/,0,rendered local route,,none
after,https://docs.kujolang.ai/tools/commerce/,https://docs.kujolang.ai/build/,Build with Kujo,aside,200,https://docs.kujolang.ai/build/,0,rendered local route,,none
after,https://docs.kujolang.ai/tools/commerce/,https://docs.kujolang.ai/review/,Reviewable work,aside,200,https://docs.kujolang.ai/review/,0,rendered local route,,none
after,https://docs.kujolang.ai/tools/commerce/,https://docs.kujolang.ai/tools/,Tools,aside,200,https://docs.kujolang.ai/tools/,0,rendered local route,,none
after,https://docs.kujolang.ai/tools/commerce/,https://docs.kujolang.ai/showcases/,Showcases,aside,200,https://docs.kujolang.ai/showcases/,0,rendered local route,,none
after,https://docs.kujolang.ai/tools/commerce/,https://docs.kujolang.ai/collections/,Collections,aside,200,https://docs.kujolang.ai/collections/,0,rendered local route,,none
after,https://docs.kujolang.ai/tools/commerce/,https://docs.kujolang.ai/ecosystem/,Ecosystem,aside,200,https://docs.kujolang.ai/ecosystem/,0,rendered local route,,none
after,https://docs.kujolang.ai/tools/commerce/,https://docs.kujolang.ai/reference/,Reference,aside,200,https://docs.kujolang.ai/reference/,0,rendered local route,,none
after,https://docs.kujolang.ai/tools/commerce/,https://docs.kujolang.ai/security/,Security model,aside,200,https://docs.kujolang.ai/security/,0,rendered local route,,none
after,https://docs.kujolang.ai/tools/commerce/,https://docs.kujolang.ai/release-boundaries/,Release boundaries,aside,200,https://docs.kujolang.ai/release-boundaries/,0,rendered local route,,none
after,https://docs.kujolang.ai/tools/commerce/,https://docs.kujolang.ai/support/,Support,aside,200,https://docs.kujolang.ai/support/,0,rendered local route,,none
after,https://docs.kujolang.ai/tools/commerce/,https://docs.kujolang.ai/reference/,Reference,nav,200,https://docs.kujolang.ai/reference/,0,rendered local route,,none
after,https://docs.kujolang.ai/tools/commerce/,https://docs.kujolang.ai/support/,Support,nav,200,https://docs.kujolang.ai/support/,0,rendered local route,,none
after,https://docs.kujolang.ai/tools/commerce/,https://docs.kujolang.ai/release-boundaries/,Release boundaries,nav,200,https://docs.kujolang.ai/release-boundaries/,0,rendered local route,,none
after,https://docs.kujolang.ai/tools/commerce/,https://docs.kujolang.ai/llms.txt,llms.txt,nav,200,https://docs.kujolang.ai/llms.txt,0,rendered local route,,none
after,https://docs.kujolang.ai/tools/concord/,https://docs.kujolang.ai/,Docs,header,200,https://docs.kujolang.ai/,0,rendered local route,,none
after,https://docs.kujolang.ai/tools/concord/,https://docs.kujolang.ai/start-here/,Start here,nav,200,https://docs.kujolang.ai/start-here/,0,rendered local route,,none
after,https://docs.kujolang.ai/tools/concord/,https://docs.kujolang.ai/learn/,Learn Kujo,nav,200,https://docs.kujolang.ai/learn/,0,rendered local route,,none
after,https://docs.kujolang.ai/tools/concord/,https://docs.kujolang.ai/build/,Build with Kujo,nav,200,https://docs.kujolang.ai/build/,0,rendered local route,,none
after,https://docs.kujolang.ai/tools/concord/,https://docs.kujolang.ai/ecosystem/providers/,Providers,nav,200,https://docs.kujolang.ai/ecosystem/providers/,0,rendered local route,,none
after,https://docs.kujolang.ai/tools/concord/,https://docs.kujolang.ai/tools/,Tools,nav,200,https://docs.kujolang.ai/tools/,0,rendered local route,,none
after,https://docs.kujolang.ai/tools/concord/,https://docs.kujolang.ai/showcases/,Showcases,nav,200,https://docs.kujolang.ai/showcases/,0,rendered local route,,none
after,https://docs.kujolang.ai/tools/concord/,https://docs.kujolang.ai/start-here/,Start here,aside,200,https://docs.kujolang.ai/start-here/,0,rendered local route,,none
after,https://docs.kujolang.ai/tools/concord/,https://docs.kujolang.ai/install/,Install Kujo,aside,200,https://docs.kujolang.ai/install/,0,rendered local route,,none
after,https://docs.kujolang.ai/tools/concord/,https://docs.kujolang.ai/quickstart/,Quickstart,aside,200,https://docs.kujolang.ai/quickstart/,0,rendered local route,,none
after,https://docs.kujolang.ai/tools/concord/,https://docs.kujolang.ai/choose-a-path/,Choose a path,aside,200,https://docs.kujolang.ai/choose-a-path/,0,rendered local route,,none
after,https://docs.kujolang.ai/tools/concord/,https://docs.kujolang.ai/learn/,Learn Kujo,aside,200,https://docs.kujolang.ai/learn/,0,rendered local route,,none
after,https://docs.kujolang.ai/tools/concord/,https://docs.kujolang.ai/build/,Build with Kujo,aside,200,https://docs.kujolang.ai/build/,0,rendered local route,,none
after,https://docs.kujolang.ai/tools/concord/,https://docs.kujolang.ai/review/,Reviewable work,aside,200,https://docs.kujolang.ai/review/,0,rendered local route,,none
after,https://docs.kujolang.ai/tools/concord/,https://docs.kujolang.ai/tools/,Tools,aside,200,https://docs.kujolang.ai/tools/,0,rendered local route,,none
after,https://docs.kujolang.ai/tools/concord/,https://docs.kujolang.ai/showcases/,Showcases,aside,200,https://docs.kujolang.ai/showcases/,0,rendered local route,,none
after,https://docs.kujolang.ai/tools/concord/,https://docs.kujolang.ai/collections/,Collections,aside,200,https://docs.kujolang.ai/collections/,0,rendered local route,,none
after,https://docs.kujolang.ai/tools/concord/,https://docs.kujolang.ai/ecosystem/,Ecosystem,aside,200,https://docs.kujolang.ai/ecosystem/,0,rendered local route,,none
after,https://docs.kujolang.ai/tools/concord/,https://docs.kujolang.ai/reference/,Reference,aside,200,https://docs.kujolang.ai/reference/,0,rendered local route,,none
after,https://docs.kujolang.ai/tools/concord/,https://docs.kujolang.ai/security/,Security model,aside,200,https://docs.kujolang.ai/security/,0,rendered local route,,none
after,https://docs.kujolang.ai/tools/concord/,https://docs.kujolang.ai/release-boundaries/,Release boundaries,aside,200,https://docs.kujolang.ai/release-boundaries/,0,rendered local route,,none
after,https://docs.kujolang.ai/tools/concord/,https://docs.kujolang.ai/support/,Support,aside,200,https://docs.kujolang.ai/support/,0,rendered local route,,none
after,https://docs.kujolang.ai/tools/concord/,https://docs.kujolang.ai/tools/eval/,Eval,article,200,https://docs.kujolang.ai/tools/eval/,0,rendered local route,,none
after,https://docs.kujolang.ai/tools/concord/,https://docs.kujolang.ai/tools/shipcheck/,ShipCheck,article,200,https://docs.kujolang.ai/tools/shipcheck/,0,rendered local route,,none
after,https://docs.kujolang.ai/tools/concord/,https://docs.kujolang.ai/tools/patchbrief/,Previous,nav,200,https://docs.kujolang.ai/tools/patchbrief/,0,rendered local route,prev,none
after,https://docs.kujolang.ai/tools/concord/,https://docs.kujolang.ai/tools/shipcheck/,Next,nav,200,https://docs.kujolang.ai/tools/shipcheck/,0,rendered local route,next,none
after,https://docs.kujolang.ai/tools/concord/,https://docs.kujolang.ai/reference/,Reference,nav,200,https://docs.kujolang.ai/reference/,0,rendered local route,,none
after,https://docs.kujolang.ai/tools/concord/,https://docs.kujolang.ai/support/,Support,nav,200,https://docs.kujolang.ai/support/,0,rendered local route,,none
after,https://docs.kujolang.ai/tools/concord/,https://docs.kujolang.ai/release-boundaries/,Release boundaries,nav,200,https://docs.kujolang.ai/release-boundaries/,0,rendered local route,,none
after,https://docs.kujolang.ai/tools/concord/,https://docs.kujolang.ai/llms.txt,llms.txt,nav,200,https://docs.kujolang.ai/llms.txt,0,rendered local route,,none
after,https://docs.kujolang.ai/tools/contentgraph/,https://docs.kujolang.ai/,Docs,header,200,https://docs.kujolang.ai/,0,rendered local route,,none
after,https://docs.kujolang.ai/tools/contentgraph/,https://docs.kujolang.ai/start-here/,Start here,nav,200,https://docs.kujolang.ai/start-here/,0,rendered local route,,none
after,https://docs.kujolang.ai/tools/contentgraph/,https://docs.kujolang.ai/learn/,Learn Kujo,nav,200,https://docs.kujolang.ai/learn/,0,rendered local route,,none
after,https://docs.kujolang.ai/tools/contentgraph/,https://docs.kujolang.ai/build/,Build with Kujo,nav,200,https://docs.kujolang.ai/build/,0,rendered local route,,none
after,https://docs.kujolang.ai/tools/contentgraph/,https://docs.kujolang.ai/ecosystem/providers/,Providers,nav,200,https://docs.kujolang.ai/ecosystem/providers/,0,rendered local route,,none
after,https://docs.kujolang.ai/tools/contentgraph/,https://docs.kujolang.ai/tools/,Tools,nav,200,https://docs.kujolang.ai/tools/,0,rendered local route,,none
after,https://docs.kujolang.ai/tools/contentgraph/,https://docs.kujolang.ai/showcases/,Showcases,nav,200,https://docs.kujolang.ai/showcases/,0,rendered local route,,none
after,https://docs.kujolang.ai/tools/contentgraph/,https://docs.kujolang.ai/start-here/,Start here,aside,200,https://docs.kujolang.ai/start-here/,0,rendered local route,,none
after,https://docs.kujolang.ai/tools/contentgraph/,https://docs.kujolang.ai/install/,Install Kujo,aside,200,https://docs.kujolang.ai/install/,0,rendered local route,,none
after,https://docs.kujolang.ai/tools/contentgraph/,https://docs.kujolang.ai/quickstart/,Quickstart,aside,200,https://docs.kujolang.ai/quickstart/,0,rendered local route,,none
after,https://docs.kujolang.ai/tools/contentgraph/,https://docs.kujolang.ai/choose-a-path/,Choose a path,aside,200,https://docs.kujolang.ai/choose-a-path/,0,rendered local route,,none
after,https://docs.kujolang.ai/tools/contentgraph/,https://docs.kujolang.ai/learn/,Learn Kujo,aside,200,https://docs.kujolang.ai/learn/,0,rendered local route,,none
after,https://docs.kujolang.ai/tools/contentgraph/,https://docs.kujolang.ai/build/,Build with Kujo,aside,200,https://docs.kujolang.ai/build/,0,rendered local route,,none
after,https://docs.kujolang.ai/tools/contentgraph/,https://docs.kujolang.ai/review/,Reviewable work,aside,200,https://docs.kujolang.ai/review/,0,rendered local route,,none
after,https://docs.kujolang.ai/tools/contentgraph/,https://docs.kujolang.ai/tools/,Tools,aside,200,https://docs.kujolang.ai/tools/,0,rendered local route,,none
after,https://docs.kujolang.ai/tools/contentgraph/,https://docs.kujolang.ai/showcases/,Showcases,aside,200,https://docs.kujolang.ai/showcases/,0,rendered local route,,none
after,https://docs.kujolang.ai/tools/contentgraph/,https://docs.kujolang.ai/collections/,Collections,aside,200,https://docs.kujolang.ai/collections/,0,rendered local route,,none
after,https://docs.kujolang.ai/tools/contentgraph/,https://docs.kujolang.ai/ecosystem/,Ecosystem,aside,200,https://docs.kujolang.ai/ecosystem/,0,rendered local route,,none
after,https://docs.kujolang.ai/tools/contentgraph/,https://docs.kujolang.ai/reference/,Reference,aside,200,https://docs.kujolang.ai/reference/,0,rendered local route,,none
after,https://docs.kujolang.ai/tools/contentgraph/,https://docs.kujolang.ai/security/,Security model,aside,200,https://docs.kujolang.ai/security/,0,rendered local route,,none
after,https://docs.kujolang.ai/tools/contentgraph/,https://docs.kujolang.ai/release-boundaries/,Release boundaries,aside,200,https://docs.kujolang.ai/release-boundaries/,0,rendered local route,,none
after,https://docs.kujolang.ai/tools/contentgraph/,https://docs.kujolang.ai/support/,Support,aside,200,https://docs.kujolang.ai/support/,0,rendered local route,,none
after,https://docs.kujolang.ai/tools/contentgraph/,https://docs.kujolang.ai/reference/,Reference,nav,200,https://docs.kujolang.ai/reference/,0,rendered local route,,none
after,https://docs.kujolang.ai/tools/contentgraph/,https://docs.kujolang.ai/support/,Support,nav,200,https://docs.kujolang.ai/support/,0,rendered local route,,none
after,https://docs.kujolang.ai/tools/contentgraph/,https://docs.kujolang.ai/release-boundaries/,Release boundaries,nav,200,https://docs.kujolang.ai/release-boundaries/,0,rendered local route,,none
after,https://docs.kujolang.ai/tools/contentgraph/,https://docs.kujolang.ai/llms.txt,llms.txt,nav,200,https://docs.kujolang.ai/llms.txt,0,rendered local route,,none
after,https://docs.kujolang.ai/tools/dispatch/,https://docs.kujolang.ai/,Docs,header,200,https://docs.kujolang.ai/,0,rendered local route,,none
after,https://docs.kujolang.ai/tools/dispatch/,https://docs.kujolang.ai/start-here/,Start here,nav,200,https://docs.kujolang.ai/start-here/,0,rendered local route,,none
after,https://docs.kujolang.ai/tools/dispatch/,https://docs.kujolang.ai/learn/,Learn Kujo,nav,200,https://docs.kujolang.ai/learn/,0,rendered local route,,none
after,https://docs.kujolang.ai/tools/dispatch/,https://docs.kujolang.ai/build/,Build with Kujo,nav,200,https://docs.kujolang.ai/build/,0,rendered local route,,none
after,https://docs.kujolang.ai/tools/dispatch/,https://docs.kujolang.ai/ecosystem/providers/,Providers,nav,200,https://docs.kujolang.ai/ecosystem/providers/,0,rendered local route,,none
after,https://docs.kujolang.ai/tools/dispatch/,https://docs.kujolang.ai/tools/,Tools,nav,200,https://docs.kujolang.ai/tools/,0,rendered local route,,none
after,https://docs.kujolang.ai/tools/dispatch/,https://docs.kujolang.ai/showcases/,Showcases,nav,200,https://docs.kujolang.ai/showcases/,0,rendered local route,,none
after,https://docs.kujolang.ai/tools/dispatch/,https://docs.kujolang.ai/start-here/,Start here,aside,200,https://docs.kujolang.ai/start-here/,0,rendered local route,,none
after,https://docs.kujolang.ai/tools/dispatch/,https://docs.kujolang.ai/install/,Install Kujo,aside,200,https://docs.kujolang.ai/install/,0,rendered local route,,none
after,https://docs.kujolang.ai/tools/dispatch/,https://docs.kujolang.ai/quickstart/,Quickstart,aside,200,https://docs.kujolang.ai/quickstart/,0,rendered local route,,none
after,https://docs.kujolang.ai/tools/dispatch/,https://docs.kujolang.ai/choose-a-path/,Choose a path,aside,200,https://docs.kujolang.ai/choose-a-path/,0,rendered local route,,none
after,https://docs.kujolang.ai/tools/dispatch/,https://docs.kujolang.ai/learn/,Learn Kujo,aside,200,https://docs.kujolang.ai/learn/,0,rendered local route,,none
after,https://docs.kujolang.ai/tools/dispatch/,https://docs.kujolang.ai/build/,Build with Kujo,aside,200,https://docs.kujolang.ai/build/,0,rendered local route,,none
after,https://docs.kujolang.ai/tools/dispatch/,https://docs.kujolang.ai/review/,Reviewable work,aside,200,https://docs.kujolang.ai/review/,0,rendered local route,,none
after,https://docs.kujolang.ai/tools/dispatch/,https://docs.kujolang.ai/tools/,Tools,aside,200,https://docs.kujolang.ai/tools/,0,rendered local route,,none
after,https://docs.kujolang.ai/tools/dispatch/,https://docs.kujolang.ai/showcases/,Showcases,aside,200,https://docs.kujolang.ai/showcases/,0,rendered local route,,none
after,https://docs.kujolang.ai/tools/dispatch/,https://docs.kujolang.ai/collections/,Collections,aside,200,https://docs.kujolang.ai/collections/,0,rendered local route,,none
after,https://docs.kujolang.ai/tools/dispatch/,https://docs.kujolang.ai/ecosystem/,Ecosystem,aside,200,https://docs.kujolang.ai/ecosystem/,0,rendered local route,,none
after,https://docs.kujolang.ai/tools/dispatch/,https://docs.kujolang.ai/reference/,Reference,aside,200,https://docs.kujolang.ai/reference/,0,rendered local route,,none
after,https://docs.kujolang.ai/tools/dispatch/,https://docs.kujolang.ai/security/,Security model,aside,200,https://docs.kujolang.ai/security/,0,rendered local route,,none
after,https://docs.kujolang.ai/tools/dispatch/,https://docs.kujolang.ai/release-boundaries/,Release boundaries,aside,200,https://docs.kujolang.ai/release-boundaries/,0,rendered local route,,none
after,https://docs.kujolang.ai/tools/dispatch/,https://docs.kujolang.ai/support/,Support,aside,200,https://docs.kujolang.ai/support/,0,rendered local route,,none
after,https://docs.kujolang.ai/tools/dispatch/,https://docs.kujolang.ai/tools/spec/,Spec,article,200,https://docs.kujolang.ai/tools/spec/,0,rendered local route,,none
after,https://docs.kujolang.ai/tools/dispatch/,https://docs.kujolang.ai/tools/runledger/,RunLedger,article,200,https://docs.kujolang.ai/tools/runledger/,0,rendered local route,,none
after,https://docs.kujolang.ai/tools/dispatch/,https://docs.kujolang.ai/tools/scout/,Previous,nav,200,https://docs.kujolang.ai/tools/scout/,0,rendered local route,prev,none
after,https://docs.kujolang.ai/tools/dispatch/,https://docs.kujolang.ai/tools/mcp/,Next,nav,200,https://docs.kujolang.ai/tools/mcp/,0,rendered local route,next,none
after,https://docs.kujolang.ai/tools/dispatch/,https://docs.kujolang.ai/reference/,Reference,nav,200,https://docs.kujolang.ai/reference/,0,rendered local route,,none
after,https://docs.kujolang.ai/tools/dispatch/,https://docs.kujolang.ai/support/,Support,nav,200,https://docs.kujolang.ai/support/,0,rendered local route,,none
after,https://docs.kujolang.ai/tools/dispatch/,https://docs.kujolang.ai/release-boundaries/,Release boundaries,nav,200,https://docs.kujolang.ai/release-boundaries/,0,rendered local route,,none
after,https://docs.kujolang.ai/tools/dispatch/,https://docs.kujolang.ai/llms.txt,llms.txt,nav,200,https://docs.kujolang.ai/llms.txt,0,rendered local route,,none
after,https://docs.kujolang.ai/tools/dossier/,https://docs.kujolang.ai/,Docs,header,200,https://docs.kujolang.ai/,0,rendered local route,,none
after,https://docs.kujolang.ai/tools/dossier/,https://docs.kujolang.ai/start-here/,Start here,nav,200,https://docs.kujolang.ai/start-here/,0,rendered local route,,none
after,https://docs.kujolang.ai/tools/dossier/,https://docs.kujolang.ai/learn/,Learn Kujo,nav,200,https://docs.kujolang.ai/learn/,0,rendered local route,,none
after,https://docs.kujolang.ai/tools/dossier/,https://docs.kujolang.ai/build/,Build with Kujo,nav,200,https://docs.kujolang.ai/build/,0,rendered local route,,none
after,https://docs.kujolang.ai/tools/dossier/,https://docs.kujolang.ai/ecosystem/providers/,Providers,nav,200,https://docs.kujolang.ai/ecosystem/providers/,0,rendered local route,,none
after,https://docs.kujolang.ai/tools/dossier/,https://docs.kujolang.ai/tools/,Tools,nav,200,https://docs.kujolang.ai/tools/,0,rendered local route,,none
after,https://docs.kujolang.ai/tools/dossier/,https://docs.kujolang.ai/showcases/,Showcases,nav,200,https://docs.kujolang.ai/showcases/,0,rendered local route,,none
after,https://docs.kujolang.ai/tools/dossier/,https://docs.kujolang.ai/start-here/,Start here,aside,200,https://docs.kujolang.ai/start-here/,0,rendered local route,,none
after,https://docs.kujolang.ai/tools/dossier/,https://docs.kujolang.ai/install/,Install Kujo,aside,200,https://docs.kujolang.ai/install/,0,rendered local route,,none
after,https://docs.kujolang.ai/tools/dossier/,https://docs.kujolang.ai/quickstart/,Quickstart,aside,200,https://docs.kujolang.ai/quickstart/,0,rendered local route,,none
after,https://docs.kujolang.ai/tools/dossier/,https://docs.kujolang.ai/choose-a-path/,Choose a path,aside,200,https://docs.kujolang.ai/choose-a-path/,0,rendered local route,,none
after,https://docs.kujolang.ai/tools/dossier/,https://docs.kujolang.ai/learn/,Learn Kujo,aside,200,https://docs.kujolang.ai/learn/,0,rendered local route,,none
after,https://docs.kujolang.ai/tools/dossier/,https://docs.kujolang.ai/build/,Build with Kujo,aside,200,https://docs.kujolang.ai/build/,0,rendered local route,,none
after,https://docs.kujolang.ai/tools/dossier/,https://docs.kujolang.ai/review/,Reviewable work,aside,200,https://docs.kujolang.ai/review/,0,rendered local route,,none
after,https://docs.kujolang.ai/tools/dossier/,https://docs.kujolang.ai/tools/,Tools,aside,200,https://docs.kujolang.ai/tools/,0,rendered local route,,none
after,https://docs.kujolang.ai/tools/dossier/,https://docs.kujolang.ai/showcases/,Showcases,aside,200,https://docs.kujolang.ai/showcases/,0,rendered local route,,none
after,https://docs.kujolang.ai/tools/dossier/,https://docs.kujolang.ai/collections/,Collections,aside,200,https://docs.kujolang.ai/collections/,0,rendered local route,,none
after,https://docs.kujolang.ai/tools/dossier/,https://docs.kujolang.ai/ecosystem/,Ecosystem,aside,200,https://docs.kujolang.ai/ecosystem/,0,rendered local route,,none
after,https://docs.kujolang.ai/tools/dossier/,https://docs.kujolang.ai/reference/,Reference,aside,200,https://docs.kujolang.ai/reference/,0,rendered local route,,none
after,https://docs.kujolang.ai/tools/dossier/,https://docs.kujolang.ai/security/,Security model,aside,200,https://docs.kujolang.ai/security/,0,rendered local route,,none
after,https://docs.kujolang.ai/tools/dossier/,https://docs.kujolang.ai/release-boundaries/,Release boundaries,aside,200,https://docs.kujolang.ai/release-boundaries/,0,rendered local route,,none
after,https://docs.kujolang.ai/tools/dossier/,https://docs.kujolang.ai/support/,Support,aside,200,https://docs.kujolang.ai/support/,0,rendered local route,,none
after,https://docs.kujolang.ai/tools/dossier/,https://docs.kujolang.ai/reference/,Reference,nav,200,https://docs.kujolang.ai/reference/,0,rendered local route,,none
after,https://docs.kujolang.ai/tools/dossier/,https://docs.kujolang.ai/support/,Support,nav,200,https://docs.kujolang.ai/support/,0,rendered local route,,none
after,https://docs.kujolang.ai/tools/dossier/,https://docs.kujolang.ai/release-boundaries/,Release boundaries,nav,200,https://docs.kujolang.ai/release-boundaries/,0,rendered local route,,none
after,https://docs.kujolang.ai/tools/dossier/,https://docs.kujolang.ai/llms.txt,llms.txt,nav,200,https://docs.kujolang.ai/llms.txt,0,rendered local route,,none
after,https://docs.kujolang.ai/tools/eval/,https://docs.kujolang.ai/,Docs,header,200,https://docs.kujolang.ai/,0,rendered local route,,none
after,https://docs.kujolang.ai/tools/eval/,https://docs.kujolang.ai/start-here/,Start here,nav,200,https://docs.kujolang.ai/start-here/,0,rendered local route,,none
after,https://docs.kujolang.ai/tools/eval/,https://docs.kujolang.ai/learn/,Learn Kujo,nav,200,https://docs.kujolang.ai/learn/,0,rendered local route,,none
after,https://docs.kujolang.ai/tools/eval/,https://docs.kujolang.ai/build/,Build with Kujo,nav,200,https://docs.kujolang.ai/build/,0,rendered local route,,none
after,https://docs.kujolang.ai/tools/eval/,https://docs.kujolang.ai/ecosystem/providers/,Providers,nav,200,https://docs.kujolang.ai/ecosystem/providers/,0,rendered local route,,none
after,https://docs.kujolang.ai/tools/eval/,https://docs.kujolang.ai/tools/,Tools,nav,200,https://docs.kujolang.ai/tools/,0,rendered local route,,none
after,https://docs.kujolang.ai/tools/eval/,https://docs.kujolang.ai/showcases/,Showcases,nav,200,https://docs.kujolang.ai/showcases/,0,rendered local route,,none
after,https://docs.kujolang.ai/tools/eval/,https://docs.kujolang.ai/start-here/,Start here,aside,200,https://docs.kujolang.ai/start-here/,0,rendered local route,,none
after,https://docs.kujolang.ai/tools/eval/,https://docs.kujolang.ai/install/,Install Kujo,aside,200,https://docs.kujolang.ai/install/,0,rendered local route,,none
after,https://docs.kujolang.ai/tools/eval/,https://docs.kujolang.ai/quickstart/,Quickstart,aside,200,https://docs.kujolang.ai/quickstart/,0,rendered local route,,none
after,https://docs.kujolang.ai/tools/eval/,https://docs.kujolang.ai/choose-a-path/,Choose a path,aside,200,https://docs.kujolang.ai/choose-a-path/,0,rendered local route,,none
after,https://docs.kujolang.ai/tools/eval/,https://docs.kujolang.ai/learn/,Learn Kujo,aside,200,https://docs.kujolang.ai/learn/,0,rendered local route,,none
after,https://docs.kujolang.ai/tools/eval/,https://docs.kujolang.ai/build/,Build with Kujo,aside,200,https://docs.kujolang.ai/build/,0,rendered local route,,none
after,https://docs.kujolang.ai/tools/eval/,https://docs.kujolang.ai/review/,Reviewable work,aside,200,https://docs.kujolang.ai/review/,0,rendered local route,,none
after,https://docs.kujolang.ai/tools/eval/,https://docs.kujolang.ai/tools/,Tools,aside,200,https://docs.kujolang.ai/tools/,0,rendered local route,,none
after,https://docs.kujolang.ai/tools/eval/,https://docs.kujolang.ai/showcases/,Showcases,aside,200,https://docs.kujolang.ai/showcases/,0,rendered local route,,none
after,https://docs.kujolang.ai/tools/eval/,https://docs.kujolang.ai/collections/,Collections,aside,200,https://docs.kujolang.ai/collections/,0,rendered local route,,none
after,https://docs.kujolang.ai/tools/eval/,https://docs.kujolang.ai/ecosystem/,Ecosystem,aside,200,https://docs.kujolang.ai/ecosystem/,0,rendered local route,,none
after,https://docs.kujolang.ai/tools/eval/,https://docs.kujolang.ai/reference/,Reference,aside,200,https://docs.kujolang.ai/reference/,0,rendered local route,,none
after,https://docs.kujolang.ai/tools/eval/,https://docs.kujolang.ai/security/,Security model,aside,200,https://docs.kujolang.ai/security/,0,rendered local route,,none
after,https://docs.kujolang.ai/tools/eval/,https://docs.kujolang.ai/release-boundaries/,Release boundaries,aside,200,https://docs.kujolang.ai/release-boundaries/,0,rendered local route,,none
after,https://docs.kujolang.ai/tools/eval/,https://docs.kujolang.ai/support/,Support,aside,200,https://docs.kujolang.ai/support/,0,rendered local route,,none
after,https://docs.kujolang.ai/tools/eval/,https://docs.kujolang.ai/tools/dispatch/,Dispatch,article,200,https://docs.kujolang.ai/tools/dispatch/,0,rendered local route,,none
after,https://docs.kujolang.ai/tools/eval/,https://docs.kujolang.ai/tools/spec/,Previous,nav,200,https://docs.kujolang.ai/tools/spec/,0,rendered local route,prev,none
after,https://docs.kujolang.ai/tools/eval/,https://docs.kujolang.ai/tools/scout/,Next,nav,200,https://docs.kujolang.ai/tools/scout/,0,rendered local route,next,none
after,https://docs.kujolang.ai/tools/eval/,https://docs.kujolang.ai/reference/,Reference,nav,200,https://docs.kujolang.ai/reference/,0,rendered local route,,none
after,https://docs.kujolang.ai/tools/eval/,https://docs.kujolang.ai/support/,Support,nav,200,https://docs.kujolang.ai/support/,0,rendered local route,,none
after,https://docs.kujolang.ai/tools/eval/,https://docs.kujolang.ai/release-boundaries/,Release boundaries,nav,200,https://docs.kujolang.ai/release-boundaries/,0,rendered local route,,none
after,https://docs.kujolang.ai/tools/eval/,https://docs.kujolang.ai/llms.txt,llms.txt,nav,200,https://docs.kujolang.ai/llms.txt,0,rendered local route,,none
after,https://docs.kujolang.ai/tools/fence/,https://docs.kujolang.ai/,Docs,header,200,https://docs.kujolang.ai/,0,rendered local route,,none
after,https://docs.kujolang.ai/tools/fence/,https://docs.kujolang.ai/start-here/,Start here,nav,200,https://docs.kujolang.ai/start-here/,0,rendered local route,,none
after,https://docs.kujolang.ai/tools/fence/,https://docs.kujolang.ai/learn/,Learn Kujo,nav,200,https://docs.kujolang.ai/learn/,0,rendered local route,,none
after,https://docs.kujolang.ai/tools/fence/,https://docs.kujolang.ai/build/,Build with Kujo,nav,200,https://docs.kujolang.ai/build/,0,rendered local route,,none
after,https://docs.kujolang.ai/tools/fence/,https://docs.kujolang.ai/ecosystem/providers/,Providers,nav,200,https://docs.kujolang.ai/ecosystem/providers/,0,rendered local route,,none
after,https://docs.kujolang.ai/tools/fence/,https://docs.kujolang.ai/tools/,Tools,nav,200,https://docs.kujolang.ai/tools/,0,rendered local route,,none
after,https://docs.kujolang.ai/tools/fence/,https://docs.kujolang.ai/showcases/,Showcases,nav,200,https://docs.kujolang.ai/showcases/,0,rendered local route,,none
after,https://docs.kujolang.ai/tools/fence/,https://docs.kujolang.ai/start-here/,Start here,aside,200,https://docs.kujolang.ai/start-here/,0,rendered local route,,none
after,https://docs.kujolang.ai/tools/fence/,https://docs.kujolang.ai/install/,Install Kujo,aside,200,https://docs.kujolang.ai/install/,0,rendered local route,,none
after,https://docs.kujolang.ai/tools/fence/,https://docs.kujolang.ai/quickstart/,Quickstart,aside,200,https://docs.kujolang.ai/quickstart/,0,rendered local route,,none
after,https://docs.kujolang.ai/tools/fence/,https://docs.kujolang.ai/choose-a-path/,Choose a path,aside,200,https://docs.kujolang.ai/choose-a-path/,0,rendered local route,,none
after,https://docs.kujolang.ai/tools/fence/,https://docs.kujolang.ai/learn/,Learn Kujo,aside,200,https://docs.kujolang.ai/learn/,0,rendered local route,,none
after,https://docs.kujolang.ai/tools/fence/,https://docs.kujolang.ai/build/,Build with Kujo,aside,200,https://docs.kujolang.ai/build/,0,rendered local route,,none
after,https://docs.kujolang.ai/tools/fence/,https://docs.kujolang.ai/review/,Reviewable work,aside,200,https://docs.kujolang.ai/review/,0,rendered local route,,none
after,https://docs.kujolang.ai/tools/fence/,https://docs.kujolang.ai/tools/,Tools,aside,200,https://docs.kujolang.ai/tools/,0,rendered local route,,none
after,https://docs.kujolang.ai/tools/fence/,https://docs.kujolang.ai/showcases/,Showcases,aside,200,https://docs.kujolang.ai/showcases/,0,rendered local route,,none
after,https://docs.kujolang.ai/tools/fence/,https://docs.kujolang.ai/collections/,Collections,aside,200,https://docs.kujolang.ai/collections/,0,rendered local route,,none
after,https://docs.kujolang.ai/tools/fence/,https://docs.kujolang.ai/ecosystem/,Ecosystem,aside,200,https://docs.kujolang.ai/ecosystem/,0,rendered local route,,none
after,https://docs.kujolang.ai/tools/fence/,https://docs.kujolang.ai/reference/,Reference,aside,200,https://docs.kujolang.ai/reference/,0,rendered local route,,none
after,https://docs.kujolang.ai/tools/fence/,https://docs.kujolang.ai/security/,Security model,aside,200,https://docs.kujolang.ai/security/,0,rendered local route,,none
after,https://docs.kujolang.ai/tools/fence/,https://docs.kujolang.ai/release-boundaries/,Release boundaries,aside,200,https://docs.kujolang.ai/release-boundaries/,0,rendered local route,,none
after,https://docs.kujolang.ai/tools/fence/,https://docs.kujolang.ai/support/,Support,aside,200,https://docs.kujolang.ai/support/,0,rendered local route,,none
after,https://docs.kujolang.ai/tools/fence/,https://docs.kujolang.ai/tools/shipcheck/,ShipCheck,article,200,https://docs.kujolang.ai/tools/shipcheck/,0,rendered local route,,none
after,https://docs.kujolang.ai/tools/fence/,https://docs.kujolang.ai/tools/concord/,Concord,article,200,https://docs.kujolang.ai/tools/concord/,0,rendered local route,,none
after,https://docs.kujolang.ai/tools/fence/,https://docs.kujolang.ai/tools/scent/,Previous,nav,200,https://docs.kujolang.ai/tools/scent/,0,rendered local route,prev,none
after,https://docs.kujolang.ai/tools/fence/,https://docs.kujolang.ai/tools/watchdog/,Next,nav,200,https://docs.kujolang.ai/tools/watchdog/,0,rendered local route,next,none
after,https://docs.kujolang.ai/tools/fence/,https://docs.kujolang.ai/reference/,Reference,nav,200,https://docs.kujolang.ai/reference/,0,rendered local route,,none
after,https://docs.kujolang.ai/tools/fence/,https://docs.kujolang.ai/support/,Support,nav,200,https://docs.kujolang.ai/support/,0,rendered local route,,none
after,https://docs.kujolang.ai/tools/fence/,https://docs.kujolang.ai/release-boundaries/,Release boundaries,nav,200,https://docs.kujolang.ai/release-boundaries/,0,rendered local route,,none
after,https://docs.kujolang.ai/tools/fence/,https://docs.kujolang.ai/llms.txt,llms.txt,nav,200,https://docs.kujolang.ai/llms.txt,0,rendered local route,,none
after,https://docs.kujolang.ai/tools/galleypack/,https://docs.kujolang.ai/,Docs,header,200,https://docs.kujolang.ai/,0,rendered local route,,none
after,https://docs.kujolang.ai/tools/galleypack/,https://docs.kujolang.ai/start-here/,Start here,nav,200,https://docs.kujolang.ai/start-here/,0,rendered local route,,none
after,https://docs.kujolang.ai/tools/galleypack/,https://docs.kujolang.ai/learn/,Learn Kujo,nav,200,https://docs.kujolang.ai/learn/,0,rendered local route,,none
after,https://docs.kujolang.ai/tools/galleypack/,https://docs.kujolang.ai/build/,Build with Kujo,nav,200,https://docs.kujolang.ai/build/,0,rendered local route,,none
after,https://docs.kujolang.ai/tools/galleypack/,https://docs.kujolang.ai/ecosystem/providers/,Providers,nav,200,https://docs.kujolang.ai/ecosystem/providers/,0,rendered local route,,none
after,https://docs.kujolang.ai/tools/galleypack/,https://docs.kujolang.ai/tools/,Tools,nav,200,https://docs.kujolang.ai/tools/,0,rendered local route,,none
after,https://docs.kujolang.ai/tools/galleypack/,https://docs.kujolang.ai/showcases/,Showcases,nav,200,https://docs.kujolang.ai/showcases/,0,rendered local route,,none
after,https://docs.kujolang.ai/tools/galleypack/,https://docs.kujolang.ai/start-here/,Start here,aside,200,https://docs.kujolang.ai/start-here/,0,rendered local route,,none
after,https://docs.kujolang.ai/tools/galleypack/,https://docs.kujolang.ai/install/,Install Kujo,aside,200,https://docs.kujolang.ai/install/,0,rendered local route,,none
after,https://docs.kujolang.ai/tools/galleypack/,https://docs.kujolang.ai/quickstart/,Quickstart,aside,200,https://docs.kujolang.ai/quickstart/,0,rendered local route,,none
after,https://docs.kujolang.ai/tools/galleypack/,https://docs.kujolang.ai/choose-a-path/,Choose a path,aside,200,https://docs.kujolang.ai/choose-a-path/,0,rendered local route,,none
after,https://docs.kujolang.ai/tools/galleypack/,https://docs.kujolang.ai/learn/,Learn Kujo,aside,200,https://docs.kujolang.ai/learn/,0,rendered local route,,none
after,https://docs.kujolang.ai/tools/galleypack/,https://docs.kujolang.ai/build/,Build with Kujo,aside,200,https://docs.kujolang.ai/build/,0,rendered local route,,none
after,https://docs.kujolang.ai/tools/galleypack/,https://docs.kujolang.ai/review/,Reviewable work,aside,200,https://docs.kujolang.ai/review/,0,rendered local route,,none
after,https://docs.kujolang.ai/tools/galleypack/,https://docs.kujolang.ai/tools/,Tools,aside,200,https://docs.kujolang.ai/tools/,0,rendered local route,,none
after,https://docs.kujolang.ai/tools/galleypack/,https://docs.kujolang.ai/showcases/,Showcases,aside,200,https://docs.kujolang.ai/showcases/,0,rendered local route,,none
after,https://docs.kujolang.ai/tools/galleypack/,https://docs.kujolang.ai/collections/,Collections,aside,200,https://docs.kujolang.ai/collections/,0,rendered local route,,none
after,https://docs.kujolang.ai/tools/galleypack/,https://docs.kujolang.ai/ecosystem/,Ecosystem,aside,200,https://docs.kujolang.ai/ecosystem/,0,rendered local route,,none
after,https://docs.kujolang.ai/tools/galleypack/,https://docs.kujolang.ai/reference/,Reference,aside,200,https://docs.kujolang.ai/reference/,0,rendered local route,,none
after,https://docs.kujolang.ai/tools/galleypack/,https://docs.kujolang.ai/security/,Security model,aside,200,https://docs.kujolang.ai/security/,0,rendered local route,,none
after,https://docs.kujolang.ai/tools/galleypack/,https://docs.kujolang.ai/release-boundaries/,Release boundaries,aside,200,https://docs.kujolang.ai/release-boundaries/,0,rendered local route,,none
after,https://docs.kujolang.ai/tools/galleypack/,https://docs.kujolang.ai/support/,Support,aside,200,https://docs.kujolang.ai/support/,0,rendered local route,,none
after,https://docs.kujolang.ai/tools/galleypack/,https://docs.kujolang.ai/reference/,Reference,nav,200,https://docs.kujolang.ai/reference/,0,rendered local route,,none
after,https://docs.kujolang.ai/tools/galleypack/,https://docs.kujolang.ai/support/,Support,nav,200,https://docs.kujolang.ai/support/,0,rendered local route,,none
after,https://docs.kujolang.ai/tools/galleypack/,https://docs.kujolang.ai/release-boundaries/,Release boundaries,nav,200,https://docs.kujolang.ai/release-boundaries/,0,rendered local route,,none
after,https://docs.kujolang.ai/tools/galleypack/,https://docs.kujolang.ai/llms.txt,llms.txt,nav,200,https://docs.kujolang.ai/llms.txt,0,rendered local route,,none
after,https://docs.kujolang.ai/tools/howl/,https://docs.kujolang.ai/,Docs,header,200,https://docs.kujolang.ai/,0,rendered local route,,none
after,https://docs.kujolang.ai/tools/howl/,https://docs.kujolang.ai/start-here/,Start here,nav,200,https://docs.kujolang.ai/start-here/,0,rendered local route,,none
after,https://docs.kujolang.ai/tools/howl/,https://docs.kujolang.ai/learn/,Learn Kujo,nav,200,https://docs.kujolang.ai/learn/,0,rendered local route,,none
after,https://docs.kujolang.ai/tools/howl/,https://docs.kujolang.ai/build/,Build with Kujo,nav,200,https://docs.kujolang.ai/build/,0,rendered local route,,none
after,https://docs.kujolang.ai/tools/howl/,https://docs.kujolang.ai/ecosystem/providers/,Providers,nav,200,https://docs.kujolang.ai/ecosystem/providers/,0,rendered local route,,none
after,https://docs.kujolang.ai/tools/howl/,https://docs.kujolang.ai/tools/,Tools,nav,200,https://docs.kujolang.ai/tools/,0,rendered local route,,none
after,https://docs.kujolang.ai/tools/howl/,https://docs.kujolang.ai/showcases/,Showcases,nav,200,https://docs.kujolang.ai/showcases/,0,rendered local route,,none
after,https://docs.kujolang.ai/tools/howl/,https://docs.kujolang.ai/start-here/,Start here,aside,200,https://docs.kujolang.ai/start-here/,0,rendered local route,,none
after,https://docs.kujolang.ai/tools/howl/,https://docs.kujolang.ai/install/,Install Kujo,aside,200,https://docs.kujolang.ai/install/,0,rendered local route,,none
after,https://docs.kujolang.ai/tools/howl/,https://docs.kujolang.ai/quickstart/,Quickstart,aside,200,https://docs.kujolang.ai/quickstart/,0,rendered local route,,none
after,https://docs.kujolang.ai/tools/howl/,https://docs.kujolang.ai/choose-a-path/,Choose a path,aside,200,https://docs.kujolang.ai/choose-a-path/,0,rendered local route,,none
after,https://docs.kujolang.ai/tools/howl/,https://docs.kujolang.ai/learn/,Learn Kujo,aside,200,https://docs.kujolang.ai/learn/,0,rendered local route,,none
after,https://docs.kujolang.ai/tools/howl/,https://docs.kujolang.ai/build/,Build with Kujo,aside,200,https://docs.kujolang.ai/build/,0,rendered local route,,none
after,https://docs.kujolang.ai/tools/howl/,https://docs.kujolang.ai/review/,Reviewable work,aside,200,https://docs.kujolang.ai/review/,0,rendered local route,,none
after,https://docs.kujolang.ai/tools/howl/,https://docs.kujolang.ai/tools/,Tools,aside,200,https://docs.kujolang.ai/tools/,0,rendered local route,,none
after,https://docs.kujolang.ai/tools/howl/,https://docs.kujolang.ai/showcases/,Showcases,aside,200,https://docs.kujolang.ai/showcases/,0,rendered local route,,none
after,https://docs.kujolang.ai/tools/howl/,https://docs.kujolang.ai/collections/,Collections,aside,200,https://docs.kujolang.ai/collections/,0,rendered local route,,none
after,https://docs.kujolang.ai/tools/howl/,https://docs.kujolang.ai/ecosystem/,Ecosystem,aside,200,https://docs.kujolang.ai/ecosystem/,0,rendered local route,,none
after,https://docs.kujolang.ai/tools/howl/,https://docs.kujolang.ai/reference/,Reference,aside,200,https://docs.kujolang.ai/reference/,0,rendered local route,,none
after,https://docs.kujolang.ai/tools/howl/,https://docs.kujolang.ai/security/,Security model,aside,200,https://docs.kujolang.ai/security/,0,rendered local route,,none
after,https://docs.kujolang.ai/tools/howl/,https://docs.kujolang.ai/release-boundaries/,Release boundaries,aside,200,https://docs.kujolang.ai/release-boundaries/,0,rendered local route,,none
after,https://docs.kujolang.ai/tools/howl/,https://docs.kujolang.ai/support/,Support,aside,200,https://docs.kujolang.ai/support/,0,rendered local route,,none
after,https://docs.kujolang.ai/tools/howl/,https://docs.kujolang.ai/showcases/ssg/,SSG,article,200,https://docs.kujolang.ai/showcases/ssg/,0,rendered local route,,none
after,https://docs.kujolang.ai/tools/howl/,https://docs.kujolang.ai/tools/ward/,Previous,nav,200,https://docs.kujolang.ai/tools/ward/,0,rendered local route,prev,none
after,https://docs.kujolang.ai/tools/howl/,https://docs.kujolang.ai/tools/paperclip/,Next,nav,200,https://docs.kujolang.ai/tools/paperclip/,0,rendered local route,next,none
after,https://docs.kujolang.ai/tools/howl/,https://docs.kujolang.ai/reference/,Reference,nav,200,https://docs.kujolang.ai/reference/,0,rendered local route,,none
after,https://docs.kujolang.ai/tools/howl/,https://docs.kujolang.ai/support/,Support,nav,200,https://docs.kujolang.ai/support/,0,rendered local route,,none
after,https://docs.kujolang.ai/tools/howl/,https://docs.kujolang.ai/release-boundaries/,Release boundaries,nav,200,https://docs.kujolang.ai/release-boundaries/,0,rendered local route,,none
after,https://docs.kujolang.ai/tools/howl/,https://docs.kujolang.ai/llms.txt,llms.txt,nav,200,https://docs.kujolang.ai/llms.txt,0,rendered local route,,none
after,https://docs.kujolang.ai/tools/,https://docs.kujolang.ai/,Docs,header,200,https://docs.kujolang.ai/,0,rendered local route,,none
after,https://docs.kujolang.ai/tools/,https://docs.kujolang.ai/start-here/,Start here,nav,200,https://docs.kujolang.ai/start-here/,0,rendered local route,,none
after,https://docs.kujolang.ai/tools/,https://docs.kujolang.ai/learn/,Learn Kujo,nav,200,https://docs.kujolang.ai/learn/,0,rendered local route,,none
after,https://docs.kujolang.ai/tools/,https://docs.kujolang.ai/build/,Build with Kujo,nav,200,https://docs.kujolang.ai/build/,0,rendered local route,,none
after,https://docs.kujolang.ai/tools/,https://docs.kujolang.ai/ecosystem/providers/,Providers,nav,200,https://docs.kujolang.ai/ecosystem/providers/,0,rendered local route,,none
after,https://docs.kujolang.ai/tools/,https://docs.kujolang.ai/tools/,Tools,nav,200,https://docs.kujolang.ai/tools/,0,rendered local route,,none
after,https://docs.kujolang.ai/tools/,https://docs.kujolang.ai/showcases/,Showcases,nav,200,https://docs.kujolang.ai/showcases/,0,rendered local route,,none
after,https://docs.kujolang.ai/tools/,https://docs.kujolang.ai/tools/kujo/,,main,200,https://docs.kujolang.ai/tools/kujo/,0,rendered local route,,none
after,https://docs.kujolang.ai/tools/,https://docs.kujolang.ai/tools/kujo/,Kujo,main,200,https://docs.kujolang.ai/tools/kujo/,0,rendered local route,,none
after,https://docs.kujolang.ai/tools/,https://docs.kujolang.ai/tools/kujo/,View Kujo,main,200,https://docs.kujolang.ai/tools/kujo/,0,rendered local route,,none
after,https://docs.kujolang.ai/tools/,https://docs.kujolang.ai/tools/kennel/,,main,200,https://docs.kujolang.ai/tools/kennel/,0,rendered local route,,none
after,https://docs.kujolang.ai/tools/,https://docs.kujolang.ai/tools/kennel/,Kennel,main,200,https://docs.kujolang.ai/tools/kennel/,0,rendered local route,,none
after,https://docs.kujolang.ai/tools/,https://docs.kujolang.ai/tools/kennel/,View Kennel,main,200,https://docs.kujolang.ai/tools/kennel/,0,rendered local route,,none
after,https://docs.kujolang.ai/tools/,https://docs.kujolang.ai/tools/workcell/,,main,200,https://docs.kujolang.ai/tools/workcell/,0,rendered local route,,none
after,https://docs.kujolang.ai/tools/,https://docs.kujolang.ai/tools/workcell/,Workcell,main,200,https://docs.kujolang.ai/tools/workcell/,0,rendered local route,,none
after,https://docs.kujolang.ai/tools/,https://docs.kujolang.ai/tools/workcell/,View Workcell,main,200,https://docs.kujolang.ai/tools/workcell/,0,rendered local route,,none
after,https://docs.kujolang.ai/tools/,https://docs.kujolang.ai/tools/source/,,main,200,https://docs.kujolang.ai/tools/source/,0,rendered local route,,none
after,https://docs.kujolang.ai/tools/,https://docs.kujolang.ai/tools/source/,Source,main,200,https://docs.kujolang.ai/tools/source/,0,rendered local route,,none
after,https://docs.kujolang.ai/tools/,https://docs.kujolang.ai/tools/source/,View Source,main,200,https://docs.kujolang.ai/tools/source/,0,rendered local route,,none
after,https://docs.kujolang.ai/tools/,https://docs.kujolang.ai/tools/spec/,,main,200,https://docs.kujolang.ai/tools/spec/,0,rendered local route,,none
after,https://docs.kujolang.ai/tools/,https://docs.kujolang.ai/tools/spec/,Spec,main,200,https://docs.kujolang.ai/tools/spec/,0,rendered local route,,none
after,https://docs.kujolang.ai/tools/,https://docs.kujolang.ai/tools/spec/,View Spec,main,200,https://docs.kujolang.ai/tools/spec/,0,rendered local route,,none
after,https://docs.kujolang.ai/tools/,https://docs.kujolang.ai/tools/eval/,,main,200,https://docs.kujolang.ai/tools/eval/,0,rendered local route,,none
after,https://docs.kujolang.ai/tools/,https://docs.kujolang.ai/tools/eval/,Eval,main,200,https://docs.kujolang.ai/tools/eval/,0,rendered local route,,none
after,https://docs.kujolang.ai/tools/,https://docs.kujolang.ai/tools/eval/,View Eval,main,200,https://docs.kujolang.ai/tools/eval/,0,rendered local route,,none
after,https://docs.kujolang.ai/tools/,https://docs.kujolang.ai/tools/scout/,,main,200,https://docs.kujolang.ai/tools/scout/,0,rendered local route,,none
after,https://docs.kujolang.ai/tools/,https://docs.kujolang.ai/tools/scout/,Scout,main,200,https://docs.kujolang.ai/tools/scout/,0,rendered local route,,none
after,https://docs.kujolang.ai/tools/,https://docs.kujolang.ai/tools/scout/,View Scout,main,200,https://docs.kujolang.ai/tools/scout/,0,rendered local route,,none
after,https://docs.kujolang.ai/tools/,https://docs.kujolang.ai/tools/dispatch/,,main,200,https://docs.kujolang.ai/tools/dispatch/,0,rendered local route,,none
after,https://docs.kujolang.ai/tools/,https://docs.kujolang.ai/tools/dispatch/,Dispatch,main,200,https://docs.kujolang.ai/tools/dispatch/,0,rendered local route,,none
after,https://docs.kujolang.ai/tools/,https://docs.kujolang.ai/tools/dispatch/,View Dispatch,main,200,https://docs.kujolang.ai/tools/dispatch/,0,rendered local route,,none
after,https://docs.kujolang.ai/tools/,https://docs.kujolang.ai/tools/mcp/,,main,200,https://docs.kujolang.ai/tools/mcp/,0,rendered local route,,none
after,https://docs.kujolang.ai/tools/,https://docs.kujolang.ai/tools/mcp/,MCP,main,200,https://docs.kujolang.ai/tools/mcp/,0,rendered local route,,none
after,https://docs.kujolang.ai/tools/,https://docs.kujolang.ai/tools/mcp/,View MCP,main,200,https://docs.kujolang.ai/tools/mcp/,0,rendered local route,,none
after,https://docs.kujolang.ai/tools/,https://docs.kujolang.ai/tools/rag/,,main,200,https://docs.kujolang.ai/tools/rag/,0,rendered local route,,none
after,https://docs.kujolang.ai/tools/,https://docs.kujolang.ai/tools/rag/,RAG,main,200,https://docs.kujolang.ai/tools/rag/,0,rendered local route,,none
after,https://docs.kujolang.ai/tools/,https://docs.kujolang.ai/tools/rag/,View RAG,main,200,https://docs.kujolang.ai/tools/rag/,0,rendered local route,,none
after,https://docs.kujolang.ai/tools/,https://docs.kujolang.ai/tools/ai-sdk/,,main,200,https://docs.kujolang.ai/tools/ai-sdk/,0,rendered local route,,none
after,https://docs.kujolang.ai/tools/,https://docs.kujolang.ai/tools/ai-sdk/,AI SDK,main,200,https://docs.kujolang.ai/tools/ai-sdk/,0,rendered local route,,none
after,https://docs.kujolang.ai/tools/,https://docs.kujolang.ai/tools/ai-sdk/,View AI SDK,main,200,https://docs.kujolang.ai/tools/ai-sdk/,0,rendered local route,,none
after,https://docs.kujolang.ai/tools/,https://docs.kujolang.ai/tools/agents-sdk/,,main,200,https://docs.kujolang.ai/tools/agents-sdk/,0,rendered local route,,none
after,https://docs.kujolang.ai/tools/,https://docs.kujolang.ai/tools/agents-sdk/,Agents SDK,main,200,https://docs.kujolang.ai/tools/agents-sdk/,0,rendered local route,,none
after,https://docs.kujolang.ai/tools/,https://docs.kujolang.ai/tools/agents-sdk/,View Agents SDK,main,200,https://docs.kujolang.ai/tools/agents-sdk/,0,rendered local route,,none
after,https://docs.kujolang.ai/tools/,https://docs.kujolang.ai/tools/scent/,,main,200,https://docs.kujolang.ai/tools/scent/,0,rendered local route,,none
after,https://docs.kujolang.ai/tools/,https://docs.kujolang.ai/tools/scent/,Scent,main,200,https://docs.kujolang.ai/tools/scent/,0,rendered local route,,none
after,https://docs.kujolang.ai/tools/,https://docs.kujolang.ai/tools/scent/,View Scent,main,200,https://docs.kujolang.ai/tools/scent/,0,rendered local route,,none
after,https://docs.kujolang.ai/tools/,https://docs.kujolang.ai/tools/redact/,,main,200,https://docs.kujolang.ai/tools/redact/,0,rendered local route,,none
after,https://docs.kujolang.ai/tools/,https://docs.kujolang.ai/tools/redact/,Redact,main,200,https://docs.kujolang.ai/tools/redact/,0,rendered local route,,none
after,https://docs.kujolang.ai/tools/,https://docs.kujolang.ai/tools/redact/,View Redact,main,200,https://docs.kujolang.ai/tools/redact/,0,rendered local route,,none
after,https://docs.kujolang.ai/tools/,https://docs.kujolang.ai/tools/fence/,,main,200,https://docs.kujolang.ai/tools/fence/,0,rendered local route,,none
after,https://docs.kujolang.ai/tools/,https://docs.kujolang.ai/tools/fence/,Fence,main,200,https://docs.kujolang.ai/tools/fence/,0,rendered local route,,none
after,https://docs.kujolang.ai/tools/,https://docs.kujolang.ai/tools/fence/,View Fence,main,200,https://docs.kujolang.ai/tools/fence/,0,rendered local route,,none
after,https://docs.kujolang.ai/tools/,https://docs.kujolang.ai/tools/tribunal/,,main,200,https://docs.kujolang.ai/tools/tribunal/,0,rendered local route,,none
after,https://docs.kujolang.ai/tools/,https://docs.kujolang.ai/tools/tribunal/,Tribunal,main,200,https://docs.kujolang.ai/tools/tribunal/,0,rendered local route,,none
after,https://docs.kujolang.ai/tools/,https://docs.kujolang.ai/tools/tribunal/,View Tribunal,main,200,https://docs.kujolang.ai/tools/tribunal/,0,rendered local route,,none
after,https://docs.kujolang.ai/tools/,https://docs.kujolang.ai/tools/relay/,,main,200,https://docs.kujolang.ai/tools/relay/,0,rendered local route,,none
after,https://docs.kujolang.ai/tools/,https://docs.kujolang.ai/tools/relay/,Relay,main,200,https://docs.kujolang.ai/tools/relay/,0,rendered local route,,none
after,https://docs.kujolang.ai/tools/,https://docs.kujolang.ai/tools/relay/,View Relay,main,200,https://docs.kujolang.ai/tools/relay/,0,rendered local route,,none
after,https://docs.kujolang.ai/tools/,https://docs.kujolang.ai/tools/watchdog/,,main,200,https://docs.kujolang.ai/tools/watchdog/,0,rendered local route,,none
after,https://docs.kujolang.ai/tools/,https://docs.kujolang.ai/tools/watchdog/,Watchdog,main,200,https://docs.kujolang.ai/tools/watchdog/,0,rendered local route,,none
after,https://docs.kujolang.ai/tools/,https://docs.kujolang.ai/tools/watchdog/,View Watchdog,main,200,https://docs.kujolang.ai/tools/watchdog/,0,rendered local route,,none
after,https://docs.kujolang.ai/tools/,https://docs.kujolang.ai/tools/leash/,,main,200,https://docs.kujolang.ai/tools/leash/,0,rendered local route,,none
after,https://docs.kujolang.ai/tools/,https://docs.kujolang.ai/tools/leash/,Leash,main,200,https://docs.kujolang.ai/tools/leash/,0,rendered local route,,none
after,https://docs.kujolang.ai/tools/,https://docs.kujolang.ai/tools/leash/,View Leash,main,200,https://docs.kujolang.ai/tools/leash/,0,rendered local route,,none
after,https://docs.kujolang.ai/tools/,https://docs.kujolang.ai/tools/muzzle/,,main,200,https://docs.kujolang.ai/tools/muzzle/,0,rendered local route,,none
after,https://docs.kujolang.ai/tools/,https://docs.kujolang.ai/tools/muzzle/,Muzzle,main,200,https://docs.kujolang.ai/tools/muzzle/,0,rendered local route,,none
after,https://docs.kujolang.ai/tools/,https://docs.kujolang.ai/tools/muzzle/,View Muzzle,main,200,https://docs.kujolang.ai/tools/muzzle/,0,rendered local route,,none
after,https://docs.kujolang.ai/tools/,https://docs.kujolang.ai/tools/runledger/,,main,200,https://docs.kujolang.ai/tools/runledger/,0,rendered local route,,none
after,https://docs.kujolang.ai/tools/,https://docs.kujolang.ai/tools/runledger/,RunLedger,main,200,https://docs.kujolang.ai/tools/runledger/,0,rendered local route,,none
after,https://docs.kujolang.ai/tools/,https://docs.kujolang.ai/tools/runledger/,View RunLedger,main,200,https://docs.kujolang.ai/tools/runledger/,0,rendered local route,,none
after,https://docs.kujolang.ai/tools/,https://docs.kujolang.ai/tools/changebucket/,,main,200,https://docs.kujolang.ai/tools/changebucket/,0,rendered local route,,none
after,https://docs.kujolang.ai/tools/,https://docs.kujolang.ai/tools/changebucket/,ChangeBucket,main,200,https://docs.kujolang.ai/tools/changebucket/,0,rendered local route,,none
after,https://docs.kujolang.ai/tools/,https://docs.kujolang.ai/tools/changebucket/,View ChangeBucket,main,200,https://docs.kujolang.ai/tools/changebucket/,0,rendered local route,,none
after,https://docs.kujolang.ai/tools/,https://docs.kujolang.ai/tools/patchbrief/,,main,200,https://docs.kujolang.ai/tools/patchbrief/,0,rendered local route,,none
after,https://docs.kujolang.ai/tools/,https://docs.kujolang.ai/tools/patchbrief/,PatchBrief,main,200,https://docs.kujolang.ai/tools/patchbrief/,0,rendered local route,,none
after,https://docs.kujolang.ai/tools/,https://docs.kujolang.ai/tools/patchbrief/,View PatchBrief,main,200,https://docs.kujolang.ai/tools/patchbrief/,0,rendered local route,,none
after,https://docs.kujolang.ai/tools/,https://docs.kujolang.ai/tools/concord/,,main,200,https://docs.kujolang.ai/tools/concord/,0,rendered local route,,none
after,https://docs.kujolang.ai/tools/,https://docs.kujolang.ai/tools/concord/,Concord,main,200,https://docs.kujolang.ai/tools/concord/,0,rendered local route,,none
after,https://docs.kujolang.ai/tools/,https://docs.kujolang.ai/tools/concord/,View Concord,main,200,https://docs.kujolang.ai/tools/concord/,0,rendered local route,,none
after,https://docs.kujolang.ai/tools/,https://docs.kujolang.ai/tools/shipcheck/,,main,200,https://docs.kujolang.ai/tools/shipcheck/,0,rendered local route,,none
after,https://docs.kujolang.ai/tools/,https://docs.kujolang.ai/tools/shipcheck/,ShipCheck,main,200,https://docs.kujolang.ai/tools/shipcheck/,0,rendered local route,,none
after,https://docs.kujolang.ai/tools/,https://docs.kujolang.ai/tools/shipcheck/,View ShipCheck,main,200,https://docs.kujolang.ai/tools/shipcheck/,0,rendered local route,,none
after,https://docs.kujolang.ai/tools/,https://docs.kujolang.ai/tools/packwrite/,,main,200,https://docs.kujolang.ai/tools/packwrite/,0,rendered local route,,none
after,https://docs.kujolang.ai/tools/,https://docs.kujolang.ai/tools/packwrite/,PackWrite,main,200,https://docs.kujolang.ai/tools/packwrite/,0,rendered local route,,none
after,https://docs.kujolang.ai/tools/,https://docs.kujolang.ai/tools/packwrite/,View PackWrite,main,200,https://docs.kujolang.ai/tools/packwrite/,0,rendered local route,,none
after,https://docs.kujolang.ai/tools/,https://docs.kujolang.ai/tools/casefile/,,main,200,https://docs.kujolang.ai/tools/casefile/,0,rendered local route,,none
after,https://docs.kujolang.ai/tools/,https://docs.kujolang.ai/tools/casefile/,CaseFile,main,200,https://docs.kujolang.ai/tools/casefile/,0,rendered local route,,none
after,https://docs.kujolang.ai/tools/,https://docs.kujolang.ai/tools/casefile/,View CaseFile,main,200,https://docs.kujolang.ai/tools/casefile/,0,rendered local route,,none
after,https://docs.kujolang.ai/tools/,https://docs.kujolang.ai/tools/lens/,,main,200,https://docs.kujolang.ai/tools/lens/,0,rendered local route,,none
after,https://docs.kujolang.ai/tools/,https://docs.kujolang.ai/tools/lens/,Lens,main,200,https://docs.kujolang.ai/tools/lens/,0,rendered local route,,none
after,https://docs.kujolang.ai/tools/,https://docs.kujolang.ai/tools/lens/,View Lens,main,200,https://docs.kujolang.ai/tools/lens/,0,rendered local route,,none
after,https://docs.kujolang.ai/tools/,https://docs.kujolang.ai/tools/ward/,,main,200,https://docs.kujolang.ai/tools/ward/,0,rendered local route,,none
after,https://docs.kujolang.ai/tools/,https://docs.kujolang.ai/tools/ward/,Ward,main,200,https://docs.kujolang.ai/tools/ward/,0,rendered local route,,none
after,https://docs.kujolang.ai/tools/,https://docs.kujolang.ai/tools/ward/,View Ward,main,200,https://docs.kujolang.ai/tools/ward/,0,rendered local route,,none
after,https://docs.kujolang.ai/tools/,https://docs.kujolang.ai/tools/howl/,,main,200,https://docs.kujolang.ai/tools/howl/,0,rendered local route,,none
after,https://docs.kujolang.ai/tools/,https://docs.kujolang.ai/tools/howl/,Howl,main,200,https://docs.kujolang.ai/tools/howl/,0,rendered local route,,none
after,https://docs.kujolang.ai/tools/,https://docs.kujolang.ai/tools/howl/,View Howl,main,200,https://docs.kujolang.ai/tools/howl/,0,rendered local route,,none
after,https://docs.kujolang.ai/tools/,https://docs.kujolang.ai/tools/paperclip/,,main,200,https://docs.kujolang.ai/tools/paperclip/,0,rendered local route,,none
after,https://docs.kujolang.ai/tools/,https://docs.kujolang.ai/tools/paperclip/,Kujo for Paperclip,main,200,https://docs.kujolang.ai/tools/paperclip/,0,rendered local route,,none
after,https://docs.kujolang.ai/tools/,https://docs.kujolang.ai/tools/paperclip/,View Kujo for Paperclip,main,200,https://docs.kujolang.ai/tools/paperclip/,0,rendered local route,,none
after,https://docs.kujolang.ai/tools/,https://docs.kujolang.ai/tools/site-kit/,,main,200,https://docs.kujolang.ai/tools/site-kit/,0,rendered local route,,none
after,https://docs.kujolang.ai/tools/,https://docs.kujolang.ai/tools/site-kit/,SiteKit,main,200,https://docs.kujolang.ai/tools/site-kit/,0,rendered local route,,none
after,https://docs.kujolang.ai/tools/,https://docs.kujolang.ai/tools/site-kit/,View SiteKit,main,200,https://docs.kujolang.ai/tools/site-kit/,0,rendered local route,,none
after,https://docs.kujolang.ai/tools/,https://docs.kujolang.ai/tools/commerce/,,main,200,https://docs.kujolang.ai/tools/commerce/,0,rendered local route,,none
after,https://docs.kujolang.ai/tools/,https://docs.kujolang.ai/tools/commerce/,Commerce,main,200,https://docs.kujolang.ai/tools/commerce/,0,rendered local route,,none
after,https://docs.kujolang.ai/tools/,https://docs.kujolang.ai/tools/commerce/,View Commerce,main,200,https://docs.kujolang.ai/tools/commerce/,0,rendered local route,,none
after,https://docs.kujolang.ai/tools/,https://docs.kujolang.ai/tools/siteprobe/,,main,200,https://docs.kujolang.ai/tools/siteprobe/,0,rendered local route,,none
after,https://docs.kujolang.ai/tools/,https://docs.kujolang.ai/tools/siteprobe/,SiteProbe,main,200,https://docs.kujolang.ai/tools/siteprobe/,0,rendered local route,,none
after,https://docs.kujolang.ai/tools/,https://docs.kujolang.ai/tools/siteprobe/,View SiteProbe,main,200,https://docs.kujolang.ai/tools/siteprobe/,0,rendered local route,,none
after,https://docs.kujolang.ai/tools/,https://docs.kujolang.ai/tools/searchbridge/,,main,200,https://docs.kujolang.ai/tools/searchbridge/,0,rendered local route,,none
after,https://docs.kujolang.ai/tools/,https://docs.kujolang.ai/tools/searchbridge/,SearchBridge,main,200,https://docs.kujolang.ai/tools/searchbridge/,0,rendered local route,,none
after,https://docs.kujolang.ai/tools/,https://docs.kujolang.ai/tools/searchbridge/,View SearchBridge,main,200,https://docs.kujolang.ai/tools/searchbridge/,0,rendered local route,,none
after,https://docs.kujolang.ai/tools/,https://docs.kujolang.ai/tools/contentgraph/,,main,200,https://docs.kujolang.ai/tools/contentgraph/,0,rendered local route,,none
after,https://docs.kujolang.ai/tools/,https://docs.kujolang.ai/tools/contentgraph/,ContentGraph,main,200,https://docs.kujolang.ai/tools/contentgraph/,0,rendered local route,,none
after,https://docs.kujolang.ai/tools/,https://docs.kujolang.ai/tools/contentgraph/,View ContentGraph,main,200,https://docs.kujolang.ai/tools/contentgraph/,0,rendered local route,,none
after,https://docs.kujolang.ai/tools/,https://docs.kujolang.ai/tools/storydesk/,,main,200,https://docs.kujolang.ai/tools/storydesk/,0,rendered local route,,none
after,https://docs.kujolang.ai/tools/,https://docs.kujolang.ai/tools/storydesk/,StoryDesk,main,200,https://docs.kujolang.ai/tools/storydesk/,0,rendered local route,,none
after,https://docs.kujolang.ai/tools/,https://docs.kujolang.ai/tools/storydesk/,View StoryDesk,main,200,https://docs.kujolang.ai/tools/storydesk/,0,rendered local route,,none
after,https://docs.kujolang.ai/tools/,https://docs.kujolang.ai/tools/dossier/,,main,200,https://docs.kujolang.ai/tools/dossier/,0,rendered local route,,none
after,https://docs.kujolang.ai/tools/,https://docs.kujolang.ai/tools/dossier/,Dossier,main,200,https://docs.kujolang.ai/tools/dossier/,0,rendered local route,,none
after,https://docs.kujolang.ai/tools/,https://docs.kujolang.ai/tools/dossier/,View Dossier,main,200,https://docs.kujolang.ai/tools/dossier/,0,rendered local route,,none
after,https://docs.kujolang.ai/tools/,https://docs.kujolang.ai/tools/bluepencil/,,main,200,https://docs.kujolang.ai/tools/bluepencil/,0,rendered local route,,none
after,https://docs.kujolang.ai/tools/,https://docs.kujolang.ai/tools/bluepencil/,BluePencil,main,200,https://docs.kujolang.ai/tools/bluepencil/,0,rendered local route,,none
after,https://docs.kujolang.ai/tools/,https://docs.kujolang.ai/tools/bluepencil/,View BluePencil,main,200,https://docs.kujolang.ai/tools/bluepencil/,0,rendered local route,,none
after,https://docs.kujolang.ai/tools/,https://docs.kujolang.ai/tools/galleypack/,,main,200,https://docs.kujolang.ai/tools/galleypack/,0,rendered local route,,none
after,https://docs.kujolang.ai/tools/,https://docs.kujolang.ai/tools/galleypack/,GalleyPack,main,200,https://docs.kujolang.ai/tools/galleypack/,0,rendered local route,,none
after,https://docs.kujolang.ai/tools/,https://docs.kujolang.ai/tools/galleypack/,View GalleyPack,main,200,https://docs.kujolang.ai/tools/galleypack/,0,rendered local route,,none
after,https://docs.kujolang.ai/tools/,https://docs.kujolang.ai/tools/assetworks/,,main,200,https://docs.kujolang.ai/tools/assetworks/,0,rendered local route,,none
after,https://docs.kujolang.ai/tools/,https://docs.kujolang.ai/tools/assetworks/,AssetWorks,main,200,https://docs.kujolang.ai/tools/assetworks/,0,rendered local route,,none
after,https://docs.kujolang.ai/tools/,https://docs.kujolang.ai/tools/assetworks/,View AssetWorks,main,200,https://docs.kujolang.ai/tools/assetworks/,0,rendered local route,,none
after,https://docs.kujolang.ai/tools/,https://docs.kujolang.ai/tools/versionseal/,,main,200,https://docs.kujolang.ai/tools/versionseal/,0,rendered local route,,none
after,https://docs.kujolang.ai/tools/,https://docs.kujolang.ai/tools/versionseal/,VersionSeal,main,200,https://docs.kujolang.ai/tools/versionseal/,0,rendered local route,,none
after,https://docs.kujolang.ai/tools/,https://docs.kujolang.ai/tools/versionseal/,View VersionSeal,main,200,https://docs.kujolang.ai/tools/versionseal/,0,rendered local route,,none
after,https://docs.kujolang.ai/tools/,https://docs.kujolang.ai/tools/presswire/,,main,200,https://docs.kujolang.ai/tools/presswire/,0,rendered local route,,none
after,https://docs.kujolang.ai/tools/,https://docs.kujolang.ai/tools/presswire/,PressWire,main,200,https://docs.kujolang.ai/tools/presswire/,0,rendered local route,,none
after,https://docs.kujolang.ai/tools/,https://docs.kujolang.ai/tools/presswire/,View PressWire,main,200,https://docs.kujolang.ai/tools/presswire/,0,rendered local route,,none
after,https://docs.kujolang.ai/tools/,https://docs.kujolang.ai/tools/readersignal/,,main,200,https://docs.kujolang.ai/tools/readersignal/,0,rendered local route,,none
after,https://docs.kujolang.ai/tools/,https://docs.kujolang.ai/tools/readersignal/,ReaderSignal,main,200,https://docs.kujolang.ai/tools/readersignal/,0,rendered local route,,none
after,https://docs.kujolang.ai/tools/,https://docs.kujolang.ai/tools/readersignal/,View ReaderSignal,main,200,https://docs.kujolang.ai/tools/readersignal/,0,rendered local route,,none
after,https://docs.kujolang.ai/tools/,https://docs.kujolang.ai/reference/,Reference,nav,200,https://docs.kujolang.ai/reference/,0,rendered local route,,none
after,https://docs.kujolang.ai/tools/,https://docs.kujolang.ai/support/,Support,nav,200,https://docs.kujolang.ai/support/,0,rendered local route,,none
after,https://docs.kujolang.ai/tools/,https://docs.kujolang.ai/release-boundaries/,Release boundaries,nav,200,https://docs.kujolang.ai/release-boundaries/,0,rendered local route,,none
after,https://docs.kujolang.ai/tools/,https://docs.kujolang.ai/llms.txt,llms.txt,nav,200,https://docs.kujolang.ai/llms.txt,0,rendered local route,,none
after,https://docs.kujolang.ai/tools/kennel/,https://docs.kujolang.ai/,Docs,header,200,https://docs.kujolang.ai/,0,rendered local route,,none
after,https://docs.kujolang.ai/tools/kennel/,https://docs.kujolang.ai/start-here/,Start here,nav,200,https://docs.kujolang.ai/start-here/,0,rendered local route,,none
after,https://docs.kujolang.ai/tools/kennel/,https://docs.kujolang.ai/learn/,Learn Kujo,nav,200,https://docs.kujolang.ai/learn/,0,rendered local route,,none
after,https://docs.kujolang.ai/tools/kennel/,https://docs.kujolang.ai/build/,Build with Kujo,nav,200,https://docs.kujolang.ai/build/,0,rendered local route,,none
after,https://docs.kujolang.ai/tools/kennel/,https://docs.kujolang.ai/ecosystem/providers/,Providers,nav,200,https://docs.kujolang.ai/ecosystem/providers/,0,rendered local route,,none
after,https://docs.kujolang.ai/tools/kennel/,https://docs.kujolang.ai/tools/,Tools,nav,200,https://docs.kujolang.ai/tools/,0,rendered local route,,none
after,https://docs.kujolang.ai/tools/kennel/,https://docs.kujolang.ai/showcases/,Showcases,nav,200,https://docs.kujolang.ai/showcases/,0,rendered local route,,none
after,https://docs.kujolang.ai/tools/kennel/,https://docs.kujolang.ai/start-here/,Start here,aside,200,https://docs.kujolang.ai/start-here/,0,rendered local route,,none
after,https://docs.kujolang.ai/tools/kennel/,https://docs.kujolang.ai/install/,Install Kujo,aside,200,https://docs.kujolang.ai/install/,0,rendered local route,,none
after,https://docs.kujolang.ai/tools/kennel/,https://docs.kujolang.ai/quickstart/,Quickstart,aside,200,https://docs.kujolang.ai/quickstart/,0,rendered local route,,none
after,https://docs.kujolang.ai/tools/kennel/,https://docs.kujolang.ai/choose-a-path/,Choose a path,aside,200,https://docs.kujolang.ai/choose-a-path/,0,rendered local route,,none
after,https://docs.kujolang.ai/tools/kennel/,https://docs.kujolang.ai/learn/,Learn Kujo,aside,200,https://docs.kujolang.ai/learn/,0,rendered local route,,none
after,https://docs.kujolang.ai/tools/kennel/,https://docs.kujolang.ai/build/,Build with Kujo,aside,200,https://docs.kujolang.ai/build/,0,rendered local route,,none
after,https://docs.kujolang.ai/tools/kennel/,https://docs.kujolang.ai/review/,Reviewable work,aside,200,https://docs.kujolang.ai/review/,0,rendered local route,,none
after,https://docs.kujolang.ai/tools/kennel/,https://docs.kujolang.ai/tools/,Tools,aside,200,https://docs.kujolang.ai/tools/,0,rendered local route,,none
after,https://docs.kujolang.ai/tools/kennel/,https://docs.kujolang.ai/showcases/,Showcases,aside,200,https://docs.kujolang.ai/showcases/,0,rendered local route,,none
after,https://docs.kujolang.ai/tools/kennel/,https://docs.kujolang.ai/collections/,Collections,aside,200,https://docs.kujolang.ai/collections/,0,rendered local route,,none
after,https://docs.kujolang.ai/tools/kennel/,https://docs.kujolang.ai/ecosystem/,Ecosystem,aside,200,https://docs.kujolang.ai/ecosystem/,0,rendered local route,,none
after,https://docs.kujolang.ai/tools/kennel/,https://docs.kujolang.ai/reference/,Reference,aside,200,https://docs.kujolang.ai/reference/,0,rendered local route,,none
after,https://docs.kujolang.ai/tools/kennel/,https://docs.kujolang.ai/security/,Security model,aside,200,https://docs.kujolang.ai/security/,0,rendered local route,,none
after,https://docs.kujolang.ai/tools/kennel/,https://docs.kujolang.ai/release-boundaries/,Release boundaries,aside,200,https://docs.kujolang.ai/release-boundaries/,0,rendered local route,,none
after,https://docs.kujolang.ai/tools/kennel/,https://docs.kujolang.ai/support/,Support,aside,200,https://docs.kujolang.ai/support/,0,rendered local route,,none
after,https://docs.kujolang.ai/tools/kennel/,https://docs.kujolang.ai/learn/packages/,Packages with Kennel,article,200,https://docs.kujolang.ai/learn/packages/,0,rendered local route,,none
after,https://docs.kujolang.ai/tools/kennel/,https://docs.kujolang.ai/tools/kujo/,Previous,nav,200,https://docs.kujolang.ai/tools/kujo/,0,rendered local route,prev,none
after,https://docs.kujolang.ai/tools/kennel/,https://docs.kujolang.ai/tools/spec/,Next,nav,200,https://docs.kujolang.ai/tools/spec/,0,rendered local route,next,none
after,https://docs.kujolang.ai/tools/kennel/,https://docs.kujolang.ai/reference/,Reference,nav,200,https://docs.kujolang.ai/reference/,0,rendered local route,,none
after,https://docs.kujolang.ai/tools/kennel/,https://docs.kujolang.ai/support/,Support,nav,200,https://docs.kujolang.ai/support/,0,rendered local route,,none
after,https://docs.kujolang.ai/tools/kennel/,https://docs.kujolang.ai/release-boundaries/,Release boundaries,nav,200,https://docs.kujolang.ai/release-boundaries/,0,rendered local route,,none
after,https://docs.kujolang.ai/tools/kennel/,https://docs.kujolang.ai/llms.txt,llms.txt,nav,200,https://docs.kujolang.ai/llms.txt,0,rendered local route,,none
after,https://docs.kujolang.ai/tools/kujo/,https://docs.kujolang.ai/,Docs,header,200,https://docs.kujolang.ai/,0,rendered local route,,none
after,https://docs.kujolang.ai/tools/kujo/,https://docs.kujolang.ai/start-here/,Start here,nav,200,https://docs.kujolang.ai/start-here/,0,rendered local route,,none
after,https://docs.kujolang.ai/tools/kujo/,https://docs.kujolang.ai/learn/,Learn Kujo,nav,200,https://docs.kujolang.ai/learn/,0,rendered local route,,none
after,https://docs.kujolang.ai/tools/kujo/,https://docs.kujolang.ai/build/,Build with Kujo,nav,200,https://docs.kujolang.ai/build/,0,rendered local route,,none
after,https://docs.kujolang.ai/tools/kujo/,https://docs.kujolang.ai/ecosystem/providers/,Providers,nav,200,https://docs.kujolang.ai/ecosystem/providers/,0,rendered local route,,none
after,https://docs.kujolang.ai/tools/kujo/,https://docs.kujolang.ai/tools/,Tools,nav,200,https://docs.kujolang.ai/tools/,0,rendered local route,,none
after,https://docs.kujolang.ai/tools/kujo/,https://docs.kujolang.ai/showcases/,Showcases,nav,200,https://docs.kujolang.ai/showcases/,0,rendered local route,,none
after,https://docs.kujolang.ai/tools/kujo/,https://docs.kujolang.ai/start-here/,Start here,aside,200,https://docs.kujolang.ai/start-here/,0,rendered local route,,none
after,https://docs.kujolang.ai/tools/kujo/,https://docs.kujolang.ai/install/,Install Kujo,aside,200,https://docs.kujolang.ai/install/,0,rendered local route,,none
after,https://docs.kujolang.ai/tools/kujo/,https://docs.kujolang.ai/quickstart/,Quickstart,aside,200,https://docs.kujolang.ai/quickstart/,0,rendered local route,,none
after,https://docs.kujolang.ai/tools/kujo/,https://docs.kujolang.ai/choose-a-path/,Choose a path,aside,200,https://docs.kujolang.ai/choose-a-path/,0,rendered local route,,none
after,https://docs.kujolang.ai/tools/kujo/,https://docs.kujolang.ai/learn/,Learn Kujo,aside,200,https://docs.kujolang.ai/learn/,0,rendered local route,,none
after,https://docs.kujolang.ai/tools/kujo/,https://docs.kujolang.ai/build/,Build with Kujo,aside,200,https://docs.kujolang.ai/build/,0,rendered local route,,none
after,https://docs.kujolang.ai/tools/kujo/,https://docs.kujolang.ai/review/,Reviewable work,aside,200,https://docs.kujolang.ai/review/,0,rendered local route,,none
after,https://docs.kujolang.ai/tools/kujo/,https://docs.kujolang.ai/tools/,Tools,aside,200,https://docs.kujolang.ai/tools/,0,rendered local route,,none
after,https://docs.kujolang.ai/tools/kujo/,https://docs.kujolang.ai/showcases/,Showcases,aside,200,https://docs.kujolang.ai/showcases/,0,rendered local route,,none
after,https://docs.kujolang.ai/tools/kujo/,https://docs.kujolang.ai/collections/,Collections,aside,200,https://docs.kujolang.ai/collections/,0,rendered local route,,none
after,https://docs.kujolang.ai/tools/kujo/,https://docs.kujolang.ai/ecosystem/,Ecosystem,aside,200,https://docs.kujolang.ai/ecosystem/,0,rendered local route,,none
after,https://docs.kujolang.ai/tools/kujo/,https://docs.kujolang.ai/reference/,Reference,aside,200,https://docs.kujolang.ai/reference/,0,rendered local route,,none
after,https://docs.kujolang.ai/tools/kujo/,https://docs.kujolang.ai/security/,Security model,aside,200,https://docs.kujolang.ai/security/,0,rendered local route,,none
after,https://docs.kujolang.ai/tools/kujo/,https://docs.kujolang.ai/release-boundaries/,Release boundaries,aside,200,https://docs.kujolang.ai/release-boundaries/,0,rendered local route,,none
after,https://docs.kujolang.ai/tools/kujo/,https://docs.kujolang.ai/support/,Support,aside,200,https://docs.kujolang.ai/support/,0,rendered local route,,none
after,https://docs.kujolang.ai/tools/kujo/,https://docs.kujolang.ai/tools/kennel/,Kennel,article,200,https://docs.kujolang.ai/tools/kennel/,0,rendered local route,,none
after,https://docs.kujolang.ai/tools/kujo/,https://docs.kujolang.ai/learn/language-basics/,language basics,article,200,https://docs.kujolang.ai/learn/language-basics/,0,rendered local route,,none
after,https://docs.kujolang.ai/tools/kujo/,https://docs.kujolang.ai/build/owned-agent-projects/,Agent Projects guide,article,200,https://docs.kujolang.ai/build/owned-agent-projects/,0,rendered local route,,none
after,https://docs.kujolang.ai/tools/kujo/,https://docs.kujolang.ai/tools/kennel/,Next,nav,200,https://docs.kujolang.ai/tools/kennel/,0,rendered local route,next,none
after,https://docs.kujolang.ai/tools/kujo/,https://docs.kujolang.ai/reference/,Reference,nav,200,https://docs.kujolang.ai/reference/,0,rendered local route,,none
after,https://docs.kujolang.ai/tools/kujo/,https://docs.kujolang.ai/support/,Support,nav,200,https://docs.kujolang.ai/support/,0,rendered local route,,none
after,https://docs.kujolang.ai/tools/kujo/,https://docs.kujolang.ai/release-boundaries/,Release boundaries,nav,200,https://docs.kujolang.ai/release-boundaries/,0,rendered local route,,none
after,https://docs.kujolang.ai/tools/kujo/,https://docs.kujolang.ai/llms.txt,llms.txt,nav,200,https://docs.kujolang.ai/llms.txt,0,rendered local route,,none
after,https://docs.kujolang.ai/tools/leash/,https://docs.kujolang.ai/,Docs,header,200,https://docs.kujolang.ai/,0,rendered local route,,none
after,https://docs.kujolang.ai/tools/leash/,https://docs.kujolang.ai/start-here/,Start here,nav,200,https://docs.kujolang.ai/start-here/,0,rendered local route,,none
after,https://docs.kujolang.ai/tools/leash/,https://docs.kujolang.ai/learn/,Learn Kujo,nav,200,https://docs.kujolang.ai/learn/,0,rendered local route,,none
after,https://docs.kujolang.ai/tools/leash/,https://docs.kujolang.ai/build/,Build with Kujo,nav,200,https://docs.kujolang.ai/build/,0,rendered local route,,none
after,https://docs.kujolang.ai/tools/leash/,https://docs.kujolang.ai/ecosystem/providers/,Providers,nav,200,https://docs.kujolang.ai/ecosystem/providers/,0,rendered local route,,none
after,https://docs.kujolang.ai/tools/leash/,https://docs.kujolang.ai/tools/,Tools,nav,200,https://docs.kujolang.ai/tools/,0,rendered local route,,none
after,https://docs.kujolang.ai/tools/leash/,https://docs.kujolang.ai/showcases/,Showcases,nav,200,https://docs.kujolang.ai/showcases/,0,rendered local route,,none
after,https://docs.kujolang.ai/tools/leash/,https://docs.kujolang.ai/start-here/,Start here,aside,200,https://docs.kujolang.ai/start-here/,0,rendered local route,,none
after,https://docs.kujolang.ai/tools/leash/,https://docs.kujolang.ai/install/,Install Kujo,aside,200,https://docs.kujolang.ai/install/,0,rendered local route,,none
after,https://docs.kujolang.ai/tools/leash/,https://docs.kujolang.ai/quickstart/,Quickstart,aside,200,https://docs.kujolang.ai/quickstart/,0,rendered local route,,none
after,https://docs.kujolang.ai/tools/leash/,https://docs.kujolang.ai/choose-a-path/,Choose a path,aside,200,https://docs.kujolang.ai/choose-a-path/,0,rendered local route,,none
after,https://docs.kujolang.ai/tools/leash/,https://docs.kujolang.ai/learn/,Learn Kujo,aside,200,https://docs.kujolang.ai/learn/,0,rendered local route,,none
after,https://docs.kujolang.ai/tools/leash/,https://docs.kujolang.ai/build/,Build with Kujo,aside,200,https://docs.kujolang.ai/build/,0,rendered local route,,none
after,https://docs.kujolang.ai/tools/leash/,https://docs.kujolang.ai/review/,Reviewable work,aside,200,https://docs.kujolang.ai/review/,0,rendered local route,,none
after,https://docs.kujolang.ai/tools/leash/,https://docs.kujolang.ai/tools/,Tools,aside,200,https://docs.kujolang.ai/tools/,0,rendered local route,,none
after,https://docs.kujolang.ai/tools/leash/,https://docs.kujolang.ai/showcases/,Showcases,aside,200,https://docs.kujolang.ai/showcases/,0,rendered local route,,none
after,https://docs.kujolang.ai/tools/leash/,https://docs.kujolang.ai/collections/,Collections,aside,200,https://docs.kujolang.ai/collections/,0,rendered local route,,none
after,https://docs.kujolang.ai/tools/leash/,https://docs.kujolang.ai/ecosystem/,Ecosystem,aside,200,https://docs.kujolang.ai/ecosystem/,0,rendered local route,,none
after,https://docs.kujolang.ai/tools/leash/,https://docs.kujolang.ai/reference/,Reference,aside,200,https://docs.kujolang.ai/reference/,0,rendered local route,,none
after,https://docs.kujolang.ai/tools/leash/,https://docs.kujolang.ai/security/,Security model,aside,200,https://docs.kujolang.ai/security/,0,rendered local route,,none
after,https://docs.kujolang.ai/tools/leash/,https://docs.kujolang.ai/release-boundaries/,Release boundaries,aside,200,https://docs.kujolang.ai/release-boundaries/,0,rendered local route,,none
after,https://docs.kujolang.ai/tools/leash/,https://docs.kujolang.ai/support/,Support,aside,200,https://docs.kujolang.ai/support/,0,rendered local route,,none
after,https://docs.kujolang.ai/tools/leash/,https://docs.kujolang.ai/tools/dispatch/,Dispatch,article,200,https://docs.kujolang.ai/tools/dispatch/,0,rendered local route,,none
after,https://docs.kujolang.ai/tools/leash/,https://docs.kujolang.ai/tools/spec/,Spec,article,200,https://docs.kujolang.ai/tools/spec/,0,rendered local route,,none
after,https://docs.kujolang.ai/tools/leash/,https://docs.kujolang.ai/tools/eval/,Eval,article,200,https://docs.kujolang.ai/tools/eval/,0,rendered local route,,none
after,https://docs.kujolang.ai/tools/leash/,https://docs.kujolang.ai/tools/watchdog/,Previous,nav,200,https://docs.kujolang.ai/tools/watchdog/,0,rendered local route,prev,none
after,https://docs.kujolang.ai/tools/leash/,https://docs.kujolang.ai/tools/muzzle/,Next,nav,200,https://docs.kujolang.ai/tools/muzzle/,0,rendered local route,next,none
after,https://docs.kujolang.ai/tools/leash/,https://docs.kujolang.ai/reference/,Reference,nav,200,https://docs.kujolang.ai/reference/,0,rendered local route,,none
after,https://docs.kujolang.ai/tools/leash/,https://docs.kujolang.ai/support/,Support,nav,200,https://docs.kujolang.ai/support/,0,rendered local route,,none
after,https://docs.kujolang.ai/tools/leash/,https://docs.kujolang.ai/release-boundaries/,Release boundaries,nav,200,https://docs.kujolang.ai/release-boundaries/,0,rendered local route,,none
after,https://docs.kujolang.ai/tools/leash/,https://docs.kujolang.ai/llms.txt,llms.txt,nav,200,https://docs.kujolang.ai/llms.txt,0,rendered local route,,none
after,https://docs.kujolang.ai/tools/lens/,https://docs.kujolang.ai/,Docs,header,200,https://docs.kujolang.ai/,0,rendered local route,,none
after,https://docs.kujolang.ai/tools/lens/,https://docs.kujolang.ai/start-here/,Start here,nav,200,https://docs.kujolang.ai/start-here/,0,rendered local route,,none
after,https://docs.kujolang.ai/tools/lens/,https://docs.kujolang.ai/learn/,Learn Kujo,nav,200,https://docs.kujolang.ai/learn/,0,rendered local route,,none
after,https://docs.kujolang.ai/tools/lens/,https://docs.kujolang.ai/build/,Build with Kujo,nav,200,https://docs.kujolang.ai/build/,0,rendered local route,,none
after,https://docs.kujolang.ai/tools/lens/,https://docs.kujolang.ai/ecosystem/providers/,Providers,nav,200,https://docs.kujolang.ai/ecosystem/providers/,0,rendered local route,,none
after,https://docs.kujolang.ai/tools/lens/,https://docs.kujolang.ai/tools/,Tools,nav,200,https://docs.kujolang.ai/tools/,0,rendered local route,,none
after,https://docs.kujolang.ai/tools/lens/,https://docs.kujolang.ai/showcases/,Showcases,nav,200,https://docs.kujolang.ai/showcases/,0,rendered local route,,none
after,https://docs.kujolang.ai/tools/lens/,https://docs.kujolang.ai/start-here/,Start here,aside,200,https://docs.kujolang.ai/start-here/,0,rendered local route,,none
after,https://docs.kujolang.ai/tools/lens/,https://docs.kujolang.ai/install/,Install Kujo,aside,200,https://docs.kujolang.ai/install/,0,rendered local route,,none
after,https://docs.kujolang.ai/tools/lens/,https://docs.kujolang.ai/quickstart/,Quickstart,aside,200,https://docs.kujolang.ai/quickstart/,0,rendered local route,,none
after,https://docs.kujolang.ai/tools/lens/,https://docs.kujolang.ai/choose-a-path/,Choose a path,aside,200,https://docs.kujolang.ai/choose-a-path/,0,rendered local route,,none
after,https://docs.kujolang.ai/tools/lens/,https://docs.kujolang.ai/learn/,Learn Kujo,aside,200,https://docs.kujolang.ai/learn/,0,rendered local route,,none
after,https://docs.kujolang.ai/tools/lens/,https://docs.kujolang.ai/build/,Build with Kujo,aside,200,https://docs.kujolang.ai/build/,0,rendered local route,,none
after,https://docs.kujolang.ai/tools/lens/,https://docs.kujolang.ai/review/,Reviewable work,aside,200,https://docs.kujolang.ai/review/,0,rendered local route,,none
after,https://docs.kujolang.ai/tools/lens/,https://docs.kujolang.ai/tools/,Tools,aside,200,https://docs.kujolang.ai/tools/,0,rendered local route,,none
after,https://docs.kujolang.ai/tools/lens/,https://docs.kujolang.ai/showcases/,Showcases,aside,200,https://docs.kujolang.ai/showcases/,0,rendered local route,,none
after,https://docs.kujolang.ai/tools/lens/,https://docs.kujolang.ai/collections/,Collections,aside,200,https://docs.kujolang.ai/collections/,0,rendered local route,,none
after,https://docs.kujolang.ai/tools/lens/,https://docs.kujolang.ai/ecosystem/,Ecosystem,aside,200,https://docs.kujolang.ai/ecosystem/,0,rendered local route,,none
after,https://docs.kujolang.ai/tools/lens/,https://docs.kujolang.ai/reference/,Reference,aside,200,https://docs.kujolang.ai/reference/,0,rendered local route,,none
after,https://docs.kujolang.ai/tools/lens/,https://docs.kujolang.ai/security/,Security model,aside,200,https://docs.kujolang.ai/security/,0,rendered local route,,none
after,https://docs.kujolang.ai/tools/lens/,https://docs.kujolang.ai/release-boundaries/,Release boundaries,aside,200,https://docs.kujolang.ai/release-boundaries/,0,rendered local route,,none
after,https://docs.kujolang.ai/tools/lens/,https://docs.kujolang.ai/support/,Support,aside,200,https://docs.kujolang.ai/support/,0,rendered local route,,none
after,https://docs.kujolang.ai/tools/lens/,https://docs.kujolang.ai/tools/fence/,Fence,article,200,https://docs.kujolang.ai/tools/fence/,0,rendered local route,,none
after,https://docs.kujolang.ai/tools/lens/,https://docs.kujolang.ai/tools/scent/,Scent,article,200,https://docs.kujolang.ai/tools/scent/,0,rendered local route,,none
after,https://docs.kujolang.ai/tools/lens/,https://docs.kujolang.ai/tools/casefile/,Previous,nav,200,https://docs.kujolang.ai/tools/casefile/,0,rendered local route,prev,none
after,https://docs.kujolang.ai/tools/lens/,https://docs.kujolang.ai/tools/ward/,Next,nav,200,https://docs.kujolang.ai/tools/ward/,0,rendered local route,next,none
after,https://docs.kujolang.ai/tools/lens/,https://docs.kujolang.ai/reference/,Reference,nav,200,https://docs.kujolang.ai/reference/,0,rendered local route,,none
after,https://docs.kujolang.ai/tools/lens/,https://docs.kujolang.ai/support/,Support,nav,200,https://docs.kujolang.ai/support/,0,rendered local route,,none
after,https://docs.kujolang.ai/tools/lens/,https://docs.kujolang.ai/release-boundaries/,Release boundaries,nav,200,https://docs.kujolang.ai/release-boundaries/,0,rendered local route,,none
after,https://docs.kujolang.ai/tools/lens/,https://docs.kujolang.ai/llms.txt,llms.txt,nav,200,https://docs.kujolang.ai/llms.txt,0,rendered local route,,none
after,https://docs.kujolang.ai/tools/mcp/,https://docs.kujolang.ai/,Docs,header,200,https://docs.kujolang.ai/,0,rendered local route,,none
after,https://docs.kujolang.ai/tools/mcp/,https://docs.kujolang.ai/start-here/,Start here,nav,200,https://docs.kujolang.ai/start-here/,0,rendered local route,,none
after,https://docs.kujolang.ai/tools/mcp/,https://docs.kujolang.ai/learn/,Learn Kujo,nav,200,https://docs.kujolang.ai/learn/,0,rendered local route,,none
after,https://docs.kujolang.ai/tools/mcp/,https://docs.kujolang.ai/build/,Build with Kujo,nav,200,https://docs.kujolang.ai/build/,0,rendered local route,,none
after,https://docs.kujolang.ai/tools/mcp/,https://docs.kujolang.ai/ecosystem/providers/,Providers,nav,200,https://docs.kujolang.ai/ecosystem/providers/,0,rendered local route,,none
after,https://docs.kujolang.ai/tools/mcp/,https://docs.kujolang.ai/tools/,Tools,nav,200,https://docs.kujolang.ai/tools/,0,rendered local route,,none
after,https://docs.kujolang.ai/tools/mcp/,https://docs.kujolang.ai/showcases/,Showcases,nav,200,https://docs.kujolang.ai/showcases/,0,rendered local route,,none
after,https://docs.kujolang.ai/tools/mcp/,https://docs.kujolang.ai/start-here/,Start here,aside,200,https://docs.kujolang.ai/start-here/,0,rendered local route,,none
after,https://docs.kujolang.ai/tools/mcp/,https://docs.kujolang.ai/install/,Install Kujo,aside,200,https://docs.kujolang.ai/install/,0,rendered local route,,none
after,https://docs.kujolang.ai/tools/mcp/,https://docs.kujolang.ai/quickstart/,Quickstart,aside,200,https://docs.kujolang.ai/quickstart/,0,rendered local route,,none
after,https://docs.kujolang.ai/tools/mcp/,https://docs.kujolang.ai/choose-a-path/,Choose a path,aside,200,https://docs.kujolang.ai/choose-a-path/,0,rendered local route,,none
after,https://docs.kujolang.ai/tools/mcp/,https://docs.kujolang.ai/learn/,Learn Kujo,aside,200,https://docs.kujolang.ai/learn/,0,rendered local route,,none
after,https://docs.kujolang.ai/tools/mcp/,https://docs.kujolang.ai/build/,Build with Kujo,aside,200,https://docs.kujolang.ai/build/,0,rendered local route,,none
after,https://docs.kujolang.ai/tools/mcp/,https://docs.kujolang.ai/review/,Reviewable work,aside,200,https://docs.kujolang.ai/review/,0,rendered local route,,none
after,https://docs.kujolang.ai/tools/mcp/,https://docs.kujolang.ai/tools/,Tools,aside,200,https://docs.kujolang.ai/tools/,0,rendered local route,,none
after,https://docs.kujolang.ai/tools/mcp/,https://docs.kujolang.ai/showcases/,Showcases,aside,200,https://docs.kujolang.ai/showcases/,0,rendered local route,,none
after,https://docs.kujolang.ai/tools/mcp/,https://docs.kujolang.ai/collections/,Collections,aside,200,https://docs.kujolang.ai/collections/,0,rendered local route,,none
after,https://docs.kujolang.ai/tools/mcp/,https://docs.kujolang.ai/ecosystem/,Ecosystem,aside,200,https://docs.kujolang.ai/ecosystem/,0,rendered local route,,none
after,https://docs.kujolang.ai/tools/mcp/,https://docs.kujolang.ai/reference/,Reference,aside,200,https://docs.kujolang.ai/reference/,0,rendered local route,,none
after,https://docs.kujolang.ai/tools/mcp/,https://docs.kujolang.ai/security/,Security model,aside,200,https://docs.kujolang.ai/security/,0,rendered local route,,none
after,https://docs.kujolang.ai/tools/mcp/,https://docs.kujolang.ai/release-boundaries/,Release boundaries,aside,200,https://docs.kujolang.ai/release-boundaries/,0,rendered local route,,none
after,https://docs.kujolang.ai/tools/mcp/,https://docs.kujolang.ai/support/,Support,aside,200,https://docs.kujolang.ai/support/,0,rendered local route,,none
after,https://docs.kujolang.ai/tools/mcp/,https://docs.kujolang.ai/tools/agents-sdk/,Agents SDK,article,200,https://docs.kujolang.ai/tools/agents-sdk/,0,rendered local route,,none
after,https://docs.kujolang.ai/tools/mcp/,https://docs.kujolang.ai/tools/scent/,Scent,article,200,https://docs.kujolang.ai/tools/scent/,0,rendered local route,,none
after,https://docs.kujolang.ai/tools/mcp/,https://docs.kujolang.ai/tools/dispatch/,Previous,nav,200,https://docs.kujolang.ai/tools/dispatch/,0,rendered local route,prev,none
after,https://docs.kujolang.ai/tools/mcp/,https://docs.kujolang.ai/tools/rag/,Next,nav,200,https://docs.kujolang.ai/tools/rag/,0,rendered local route,next,none
after,https://docs.kujolang.ai/tools/mcp/,https://docs.kujolang.ai/reference/,Reference,nav,200,https://docs.kujolang.ai/reference/,0,rendered local route,,none
after,https://docs.kujolang.ai/tools/mcp/,https://docs.kujolang.ai/support/,Support,nav,200,https://docs.kujolang.ai/support/,0,rendered local route,,none
after,https://docs.kujolang.ai/tools/mcp/,https://docs.kujolang.ai/release-boundaries/,Release boundaries,nav,200,https://docs.kujolang.ai/release-boundaries/,0,rendered local route,,none
after,https://docs.kujolang.ai/tools/mcp/,https://docs.kujolang.ai/llms.txt,llms.txt,nav,200,https://docs.kujolang.ai/llms.txt,0,rendered local route,,none
after,https://docs.kujolang.ai/tools/muzzle/,https://docs.kujolang.ai/,Docs,header,200,https://docs.kujolang.ai/,0,rendered local route,,none
after,https://docs.kujolang.ai/tools/muzzle/,https://docs.kujolang.ai/start-here/,Start here,nav,200,https://docs.kujolang.ai/start-here/,0,rendered local route,,none
after,https://docs.kujolang.ai/tools/muzzle/,https://docs.kujolang.ai/learn/,Learn Kujo,nav,200,https://docs.kujolang.ai/learn/,0,rendered local route,,none
after,https://docs.kujolang.ai/tools/muzzle/,https://docs.kujolang.ai/build/,Build with Kujo,nav,200,https://docs.kujolang.ai/build/,0,rendered local route,,none
after,https://docs.kujolang.ai/tools/muzzle/,https://docs.kujolang.ai/ecosystem/providers/,Providers,nav,200,https://docs.kujolang.ai/ecosystem/providers/,0,rendered local route,,none
after,https://docs.kujolang.ai/tools/muzzle/,https://docs.kujolang.ai/tools/,Tools,nav,200,https://docs.kujolang.ai/tools/,0,rendered local route,,none
after,https://docs.kujolang.ai/tools/muzzle/,https://docs.kujolang.ai/showcases/,Showcases,nav,200,https://docs.kujolang.ai/showcases/,0,rendered local route,,none
after,https://docs.kujolang.ai/tools/muzzle/,https://docs.kujolang.ai/start-here/,Start here,aside,200,https://docs.kujolang.ai/start-here/,0,rendered local route,,none
after,https://docs.kujolang.ai/tools/muzzle/,https://docs.kujolang.ai/install/,Install Kujo,aside,200,https://docs.kujolang.ai/install/,0,rendered local route,,none
after,https://docs.kujolang.ai/tools/muzzle/,https://docs.kujolang.ai/quickstart/,Quickstart,aside,200,https://docs.kujolang.ai/quickstart/,0,rendered local route,,none
after,https://docs.kujolang.ai/tools/muzzle/,https://docs.kujolang.ai/choose-a-path/,Choose a path,aside,200,https://docs.kujolang.ai/choose-a-path/,0,rendered local route,,none
after,https://docs.kujolang.ai/tools/muzzle/,https://docs.kujolang.ai/learn/,Learn Kujo,aside,200,https://docs.kujolang.ai/learn/,0,rendered local route,,none
after,https://docs.kujolang.ai/tools/muzzle/,https://docs.kujolang.ai/build/,Build with Kujo,aside,200,https://docs.kujolang.ai/build/,0,rendered local route,,none
after,https://docs.kujolang.ai/tools/muzzle/,https://docs.kujolang.ai/review/,Reviewable work,aside,200,https://docs.kujolang.ai/review/,0,rendered local route,,none
after,https://docs.kujolang.ai/tools/muzzle/,https://docs.kujolang.ai/tools/,Tools,aside,200,https://docs.kujolang.ai/tools/,0,rendered local route,,none
after,https://docs.kujolang.ai/tools/muzzle/,https://docs.kujolang.ai/showcases/,Showcases,aside,200,https://docs.kujolang.ai/showcases/,0,rendered local route,,none
after,https://docs.kujolang.ai/tools/muzzle/,https://docs.kujolang.ai/collections/,Collections,aside,200,https://docs.kujolang.ai/collections/,0,rendered local route,,none
after,https://docs.kujolang.ai/tools/muzzle/,https://docs.kujolang.ai/ecosystem/,Ecosystem,aside,200,https://docs.kujolang.ai/ecosystem/,0,rendered local route,,none
after,https://docs.kujolang.ai/tools/muzzle/,https://docs.kujolang.ai/reference/,Reference,aside,200,https://docs.kujolang.ai/reference/,0,rendered local route,,none
after,https://docs.kujolang.ai/tools/muzzle/,https://docs.kujolang.ai/security/,Security model,aside,200,https://docs.kujolang.ai/security/,0,rendered local route,,none
after,https://docs.kujolang.ai/tools/muzzle/,https://docs.kujolang.ai/release-boundaries/,Release boundaries,aside,200,https://docs.kujolang.ai/release-boundaries/,0,rendered local route,,none
after,https://docs.kujolang.ai/tools/muzzle/,https://docs.kujolang.ai/support/,Support,aside,200,https://docs.kujolang.ai/support/,0,rendered local route,,none
after,https://docs.kujolang.ai/tools/muzzle/,https://docs.kujolang.ai/tools/packwrite/,PackWrite,article,200,https://docs.kujolang.ai/tools/packwrite/,0,rendered local route,,none
after,https://docs.kujolang.ai/tools/muzzle/,https://docs.kujolang.ai/tools/dispatch/,Dispatch,article,200,https://docs.kujolang.ai/tools/dispatch/,0,rendered local route,,none
after,https://docs.kujolang.ai/tools/muzzle/,https://docs.kujolang.ai/tools/leash/,Previous,nav,200,https://docs.kujolang.ai/tools/leash/,0,rendered local route,prev,none
after,https://docs.kujolang.ai/tools/muzzle/,https://docs.kujolang.ai/tools/runledger/,Next,nav,200,https://docs.kujolang.ai/tools/runledger/,0,rendered local route,next,none
after,https://docs.kujolang.ai/tools/muzzle/,https://docs.kujolang.ai/reference/,Reference,nav,200,https://docs.kujolang.ai/reference/,0,rendered local route,,none
after,https://docs.kujolang.ai/tools/muzzle/,https://docs.kujolang.ai/support/,Support,nav,200,https://docs.kujolang.ai/support/,0,rendered local route,,none
after,https://docs.kujolang.ai/tools/muzzle/,https://docs.kujolang.ai/release-boundaries/,Release boundaries,nav,200,https://docs.kujolang.ai/release-boundaries/,0,rendered local route,,none
after,https://docs.kujolang.ai/tools/muzzle/,https://docs.kujolang.ai/llms.txt,llms.txt,nav,200,https://docs.kujolang.ai/llms.txt,0,rendered local route,,none
after,https://docs.kujolang.ai/tools/packwrite/,https://docs.kujolang.ai/,Docs,header,200,https://docs.kujolang.ai/,0,rendered local route,,none
after,https://docs.kujolang.ai/tools/packwrite/,https://docs.kujolang.ai/start-here/,Start here,nav,200,https://docs.kujolang.ai/start-here/,0,rendered local route,,none
after,https://docs.kujolang.ai/tools/packwrite/,https://docs.kujolang.ai/learn/,Learn Kujo,nav,200,https://docs.kujolang.ai/learn/,0,rendered local route,,none
after,https://docs.kujolang.ai/tools/packwrite/,https://docs.kujolang.ai/build/,Build with Kujo,nav,200,https://docs.kujolang.ai/build/,0,rendered local route,,none
after,https://docs.kujolang.ai/tools/packwrite/,https://docs.kujolang.ai/ecosystem/providers/,Providers,nav,200,https://docs.kujolang.ai/ecosystem/providers/,0,rendered local route,,none
after,https://docs.kujolang.ai/tools/packwrite/,https://docs.kujolang.ai/tools/,Tools,nav,200,https://docs.kujolang.ai/tools/,0,rendered local route,,none
after,https://docs.kujolang.ai/tools/packwrite/,https://docs.kujolang.ai/showcases/,Showcases,nav,200,https://docs.kujolang.ai/showcases/,0,rendered local route,,none
after,https://docs.kujolang.ai/tools/packwrite/,https://docs.kujolang.ai/start-here/,Start here,aside,200,https://docs.kujolang.ai/start-here/,0,rendered local route,,none
after,https://docs.kujolang.ai/tools/packwrite/,https://docs.kujolang.ai/install/,Install Kujo,aside,200,https://docs.kujolang.ai/install/,0,rendered local route,,none
after,https://docs.kujolang.ai/tools/packwrite/,https://docs.kujolang.ai/quickstart/,Quickstart,aside,200,https://docs.kujolang.ai/quickstart/,0,rendered local route,,none
after,https://docs.kujolang.ai/tools/packwrite/,https://docs.kujolang.ai/choose-a-path/,Choose a path,aside,200,https://docs.kujolang.ai/choose-a-path/,0,rendered local route,,none
after,https://docs.kujolang.ai/tools/packwrite/,https://docs.kujolang.ai/learn/,Learn Kujo,aside,200,https://docs.kujolang.ai/learn/,0,rendered local route,,none
after,https://docs.kujolang.ai/tools/packwrite/,https://docs.kujolang.ai/build/,Build with Kujo,aside,200,https://docs.kujolang.ai/build/,0,rendered local route,,none
after,https://docs.kujolang.ai/tools/packwrite/,https://docs.kujolang.ai/review/,Reviewable work,aside,200,https://docs.kujolang.ai/review/,0,rendered local route,,none
after,https://docs.kujolang.ai/tools/packwrite/,https://docs.kujolang.ai/tools/,Tools,aside,200,https://docs.kujolang.ai/tools/,0,rendered local route,,none
after,https://docs.kujolang.ai/tools/packwrite/,https://docs.kujolang.ai/showcases/,Showcases,aside,200,https://docs.kujolang.ai/showcases/,0,rendered local route,,none
after,https://docs.kujolang.ai/tools/packwrite/,https://docs.kujolang.ai/collections/,Collections,aside,200,https://docs.kujolang.ai/collections/,0,rendered local route,,none
after,https://docs.kujolang.ai/tools/packwrite/,https://docs.kujolang.ai/ecosystem/,Ecosystem,aside,200,https://docs.kujolang.ai/ecosystem/,0,rendered local route,,none
after,https://docs.kujolang.ai/tools/packwrite/,https://docs.kujolang.ai/reference/,Reference,aside,200,https://docs.kujolang.ai/reference/,0,rendered local route,,none
after,https://docs.kujolang.ai/tools/packwrite/,https://docs.kujolang.ai/security/,Security model,aside,200,https://docs.kujolang.ai/security/,0,rendered local route,,none
after,https://docs.kujolang.ai/tools/packwrite/,https://docs.kujolang.ai/release-boundaries/,Release boundaries,aside,200,https://docs.kujolang.ai/release-boundaries/,0,rendered local route,,none
after,https://docs.kujolang.ai/tools/packwrite/,https://docs.kujolang.ai/support/,Support,aside,200,https://docs.kujolang.ai/support/,0,rendered local route,,none
after,https://docs.kujolang.ai/tools/packwrite/,https://docs.kujolang.ai/tools/spec/,Spec,article,200,https://docs.kujolang.ai/tools/spec/,0,rendered local route,,none
after,https://docs.kujolang.ai/tools/packwrite/,https://docs.kujolang.ai/tools/scent/,Scent,article,200,https://docs.kujolang.ai/tools/scent/,0,rendered local route,,none
after,https://docs.kujolang.ai/tools/packwrite/,https://docs.kujolang.ai/tools/muzzle/,Muzzle,article,200,https://docs.kujolang.ai/tools/muzzle/,0,rendered local route,,none
after,https://docs.kujolang.ai/tools/packwrite/,https://docs.kujolang.ai/collections/workflows/,workflow catalog,article,200,https://docs.kujolang.ai/collections/workflows/,0,rendered local route,,none
after,https://docs.kujolang.ai/tools/packwrite/,https://docs.kujolang.ai/tools/shipcheck/,Previous,nav,200,https://docs.kujolang.ai/tools/shipcheck/,0,rendered local route,prev,none
after,https://docs.kujolang.ai/tools/packwrite/,https://docs.kujolang.ai/tools/casefile/,Next,nav,200,https://docs.kujolang.ai/tools/casefile/,0,rendered local route,next,none
after,https://docs.kujolang.ai/tools/packwrite/,https://docs.kujolang.ai/reference/,Reference,nav,200,https://docs.kujolang.ai/reference/,0,rendered local route,,none
after,https://docs.kujolang.ai/tools/packwrite/,https://docs.kujolang.ai/support/,Support,nav,200,https://docs.kujolang.ai/support/,0,rendered local route,,none
after,https://docs.kujolang.ai/tools/packwrite/,https://docs.kujolang.ai/release-boundaries/,Release boundaries,nav,200,https://docs.kujolang.ai/release-boundaries/,0,rendered local route,,none
after,https://docs.kujolang.ai/tools/packwrite/,https://docs.kujolang.ai/llms.txt,llms.txt,nav,200,https://docs.kujolang.ai/llms.txt,0,rendered local route,,none
after,https://docs.kujolang.ai/tools/paperclip/,https://docs.kujolang.ai/,Docs,header,200,https://docs.kujolang.ai/,0,rendered local route,,none
after,https://docs.kujolang.ai/tools/paperclip/,https://docs.kujolang.ai/start-here/,Start here,nav,200,https://docs.kujolang.ai/start-here/,0,rendered local route,,none
after,https://docs.kujolang.ai/tools/paperclip/,https://docs.kujolang.ai/learn/,Learn Kujo,nav,200,https://docs.kujolang.ai/learn/,0,rendered local route,,none
after,https://docs.kujolang.ai/tools/paperclip/,https://docs.kujolang.ai/build/,Build with Kujo,nav,200,https://docs.kujolang.ai/build/,0,rendered local route,,none
after,https://docs.kujolang.ai/tools/paperclip/,https://docs.kujolang.ai/ecosystem/providers/,Providers,nav,200,https://docs.kujolang.ai/ecosystem/providers/,0,rendered local route,,none
after,https://docs.kujolang.ai/tools/paperclip/,https://docs.kujolang.ai/tools/,Tools,nav,200,https://docs.kujolang.ai/tools/,0,rendered local route,,none
after,https://docs.kujolang.ai/tools/paperclip/,https://docs.kujolang.ai/showcases/,Showcases,nav,200,https://docs.kujolang.ai/showcases/,0,rendered local route,,none
after,https://docs.kujolang.ai/tools/paperclip/,https://docs.kujolang.ai/start-here/,Start here,aside,200,https://docs.kujolang.ai/start-here/,0,rendered local route,,none
after,https://docs.kujolang.ai/tools/paperclip/,https://docs.kujolang.ai/install/,Install Kujo,aside,200,https://docs.kujolang.ai/install/,0,rendered local route,,none
after,https://docs.kujolang.ai/tools/paperclip/,https://docs.kujolang.ai/quickstart/,Quickstart,aside,200,https://docs.kujolang.ai/quickstart/,0,rendered local route,,none
after,https://docs.kujolang.ai/tools/paperclip/,https://docs.kujolang.ai/choose-a-path/,Choose a path,aside,200,https://docs.kujolang.ai/choose-a-path/,0,rendered local route,,none
after,https://docs.kujolang.ai/tools/paperclip/,https://docs.kujolang.ai/learn/,Learn Kujo,aside,200,https://docs.kujolang.ai/learn/,0,rendered local route,,none
after,https://docs.kujolang.ai/tools/paperclip/,https://docs.kujolang.ai/build/,Build with Kujo,aside,200,https://docs.kujolang.ai/build/,0,rendered local route,,none
after,https://docs.kujolang.ai/tools/paperclip/,https://docs.kujolang.ai/review/,Reviewable work,aside,200,https://docs.kujolang.ai/review/,0,rendered local route,,none
after,https://docs.kujolang.ai/tools/paperclip/,https://docs.kujolang.ai/tools/,Tools,aside,200,https://docs.kujolang.ai/tools/,0,rendered local route,,none
after,https://docs.kujolang.ai/tools/paperclip/,https://docs.kujolang.ai/showcases/,Showcases,aside,200,https://docs.kujolang.ai/showcases/,0,rendered local route,,none
after,https://docs.kujolang.ai/tools/paperclip/,https://docs.kujolang.ai/collections/,Collections,aside,200,https://docs.kujolang.ai/collections/,0,rendered local route,,none
after,https://docs.kujolang.ai/tools/paperclip/,https://docs.kujolang.ai/ecosystem/,Ecosystem,aside,200,https://docs.kujolang.ai/ecosystem/,0,rendered local route,,none
after,https://docs.kujolang.ai/tools/paperclip/,https://docs.kujolang.ai/reference/,Reference,aside,200,https://docs.kujolang.ai/reference/,0,rendered local route,,none
after,https://docs.kujolang.ai/tools/paperclip/,https://docs.kujolang.ai/security/,Security model,aside,200,https://docs.kujolang.ai/security/,0,rendered local route,,none
after,https://docs.kujolang.ai/tools/paperclip/,https://docs.kujolang.ai/release-boundaries/,Release boundaries,aside,200,https://docs.kujolang.ai/release-boundaries/,0,rendered local route,,none
after,https://docs.kujolang.ai/tools/paperclip/,https://docs.kujolang.ai/support/,Support,aside,200,https://docs.kujolang.ai/support/,0,rendered local route,,none
after,https://docs.kujolang.ai/tools/paperclip/,https://docs.kujolang.ai/tools/howl/,Previous,nav,200,https://docs.kujolang.ai/tools/howl/,0,rendered local route,prev,none
after,https://docs.kujolang.ai/tools/paperclip/,https://docs.kujolang.ai/tools/site-kit/,Next,nav,200,https://docs.kujolang.ai/tools/site-kit/,0,rendered local route,next,none
after,https://docs.kujolang.ai/tools/paperclip/,https://docs.kujolang.ai/reference/,Reference,nav,200,https://docs.kujolang.ai/reference/,0,rendered local route,,none
after,https://docs.kujolang.ai/tools/paperclip/,https://docs.kujolang.ai/support/,Support,nav,200,https://docs.kujolang.ai/support/,0,rendered local route,,none
after,https://docs.kujolang.ai/tools/paperclip/,https://docs.kujolang.ai/release-boundaries/,Release boundaries,nav,200,https://docs.kujolang.ai/release-boundaries/,0,rendered local route,,none
after,https://docs.kujolang.ai/tools/paperclip/,https://docs.kujolang.ai/llms.txt,llms.txt,nav,200,https://docs.kujolang.ai/llms.txt,0,rendered local route,,none
after,https://docs.kujolang.ai/tools/patchbrief/,https://docs.kujolang.ai/,Docs,header,200,https://docs.kujolang.ai/,0,rendered local route,,none
after,https://docs.kujolang.ai/tools/patchbrief/,https://docs.kujolang.ai/start-here/,Start here,nav,200,https://docs.kujolang.ai/start-here/,0,rendered local route,,none
after,https://docs.kujolang.ai/tools/patchbrief/,https://docs.kujolang.ai/learn/,Learn Kujo,nav,200,https://docs.kujolang.ai/learn/,0,rendered local route,,none
after,https://docs.kujolang.ai/tools/patchbrief/,https://docs.kujolang.ai/build/,Build with Kujo,nav,200,https://docs.kujolang.ai/build/,0,rendered local route,,none
after,https://docs.kujolang.ai/tools/patchbrief/,https://docs.kujolang.ai/ecosystem/providers/,Providers,nav,200,https://docs.kujolang.ai/ecosystem/providers/,0,rendered local route,,none
after,https://docs.kujolang.ai/tools/patchbrief/,https://docs.kujolang.ai/tools/,Tools,nav,200,https://docs.kujolang.ai/tools/,0,rendered local route,,none
after,https://docs.kujolang.ai/tools/patchbrief/,https://docs.kujolang.ai/showcases/,Showcases,nav,200,https://docs.kujolang.ai/showcases/,0,rendered local route,,none
after,https://docs.kujolang.ai/tools/patchbrief/,https://docs.kujolang.ai/start-here/,Start here,aside,200,https://docs.kujolang.ai/start-here/,0,rendered local route,,none
after,https://docs.kujolang.ai/tools/patchbrief/,https://docs.kujolang.ai/install/,Install Kujo,aside,200,https://docs.kujolang.ai/install/,0,rendered local route,,none
after,https://docs.kujolang.ai/tools/patchbrief/,https://docs.kujolang.ai/quickstart/,Quickstart,aside,200,https://docs.kujolang.ai/quickstart/,0,rendered local route,,none
after,https://docs.kujolang.ai/tools/patchbrief/,https://docs.kujolang.ai/choose-a-path/,Choose a path,aside,200,https://docs.kujolang.ai/choose-a-path/,0,rendered local route,,none
after,https://docs.kujolang.ai/tools/patchbrief/,https://docs.kujolang.ai/learn/,Learn Kujo,aside,200,https://docs.kujolang.ai/learn/,0,rendered local route,,none
after,https://docs.kujolang.ai/tools/patchbrief/,https://docs.kujolang.ai/build/,Build with Kujo,aside,200,https://docs.kujolang.ai/build/,0,rendered local route,,none
after,https://docs.kujolang.ai/tools/patchbrief/,https://docs.kujolang.ai/review/,Reviewable work,aside,200,https://docs.kujolang.ai/review/,0,rendered local route,,none
after,https://docs.kujolang.ai/tools/patchbrief/,https://docs.kujolang.ai/tools/,Tools,aside,200,https://docs.kujolang.ai/tools/,0,rendered local route,,none
after,https://docs.kujolang.ai/tools/patchbrief/,https://docs.kujolang.ai/showcases/,Showcases,aside,200,https://docs.kujolang.ai/showcases/,0,rendered local route,,none
after,https://docs.kujolang.ai/tools/patchbrief/,https://docs.kujolang.ai/collections/,Collections,aside,200,https://docs.kujolang.ai/collections/,0,rendered local route,,none
after,https://docs.kujolang.ai/tools/patchbrief/,https://docs.kujolang.ai/ecosystem/,Ecosystem,aside,200,https://docs.kujolang.ai/ecosystem/,0,rendered local route,,none
after,https://docs.kujolang.ai/tools/patchbrief/,https://docs.kujolang.ai/reference/,Reference,aside,200,https://docs.kujolang.ai/reference/,0,rendered local route,,none
after,https://docs.kujolang.ai/tools/patchbrief/,https://docs.kujolang.ai/security/,Security model,aside,200,https://docs.kujolang.ai/security/,0,rendered local route,,none
after,https://docs.kujolang.ai/tools/patchbrief/,https://docs.kujolang.ai/release-boundaries/,Release boundaries,aside,200,https://docs.kujolang.ai/release-boundaries/,0,rendered local route,,none
after,https://docs.kujolang.ai/tools/patchbrief/,https://docs.kujolang.ai/support/,Support,aside,200,https://docs.kujolang.ai/support/,0,rendered local route,,none
after,https://docs.kujolang.ai/tools/patchbrief/,https://docs.kujolang.ai/tools/changebucket/,ChangeBucket,article,200,https://docs.kujolang.ai/tools/changebucket/,0,rendered local route,,none
after,https://docs.kujolang.ai/tools/patchbrief/,https://docs.kujolang.ai/tools/concord/,Concord,article,200,https://docs.kujolang.ai/tools/concord/,0,rendered local route,,none
after,https://docs.kujolang.ai/tools/patchbrief/,https://docs.kujolang.ai/tools/changebucket/,Previous,nav,200,https://docs.kujolang.ai/tools/changebucket/,0,rendered local route,prev,none
after,https://docs.kujolang.ai/tools/patchbrief/,https://docs.kujolang.ai/tools/concord/,Next,nav,200,https://docs.kujolang.ai/tools/concord/,0,rendered local route,next,none
after,https://docs.kujolang.ai/tools/patchbrief/,https://docs.kujolang.ai/reference/,Reference,nav,200,https://docs.kujolang.ai/reference/,0,rendered local route,,none
after,https://docs.kujolang.ai/tools/patchbrief/,https://docs.kujolang.ai/support/,Support,nav,200,https://docs.kujolang.ai/support/,0,rendered local route,,none
after,https://docs.kujolang.ai/tools/patchbrief/,https://docs.kujolang.ai/release-boundaries/,Release boundaries,nav,200,https://docs.kujolang.ai/release-boundaries/,0,rendered local route,,none
after,https://docs.kujolang.ai/tools/patchbrief/,https://docs.kujolang.ai/llms.txt,llms.txt,nav,200,https://docs.kujolang.ai/llms.txt,0,rendered local route,,none
after,https://docs.kujolang.ai/tools/presswire/,https://docs.kujolang.ai/,Docs,header,200,https://docs.kujolang.ai/,0,rendered local route,,none
after,https://docs.kujolang.ai/tools/presswire/,https://docs.kujolang.ai/start-here/,Start here,nav,200,https://docs.kujolang.ai/start-here/,0,rendered local route,,none
after,https://docs.kujolang.ai/tools/presswire/,https://docs.kujolang.ai/learn/,Learn Kujo,nav,200,https://docs.kujolang.ai/learn/,0,rendered local route,,none
after,https://docs.kujolang.ai/tools/presswire/,https://docs.kujolang.ai/build/,Build with Kujo,nav,200,https://docs.kujolang.ai/build/,0,rendered local route,,none
after,https://docs.kujolang.ai/tools/presswire/,https://docs.kujolang.ai/ecosystem/providers/,Providers,nav,200,https://docs.kujolang.ai/ecosystem/providers/,0,rendered local route,,none
after,https://docs.kujolang.ai/tools/presswire/,https://docs.kujolang.ai/tools/,Tools,nav,200,https://docs.kujolang.ai/tools/,0,rendered local route,,none
after,https://docs.kujolang.ai/tools/presswire/,https://docs.kujolang.ai/showcases/,Showcases,nav,200,https://docs.kujolang.ai/showcases/,0,rendered local route,,none
after,https://docs.kujolang.ai/tools/presswire/,https://docs.kujolang.ai/start-here/,Start here,aside,200,https://docs.kujolang.ai/start-here/,0,rendered local route,,none
after,https://docs.kujolang.ai/tools/presswire/,https://docs.kujolang.ai/install/,Install Kujo,aside,200,https://docs.kujolang.ai/install/,0,rendered local route,,none
after,https://docs.kujolang.ai/tools/presswire/,https://docs.kujolang.ai/quickstart/,Quickstart,aside,200,https://docs.kujolang.ai/quickstart/,0,rendered local route,,none
after,https://docs.kujolang.ai/tools/presswire/,https://docs.kujolang.ai/choose-a-path/,Choose a path,aside,200,https://docs.kujolang.ai/choose-a-path/,0,rendered local route,,none
after,https://docs.kujolang.ai/tools/presswire/,https://docs.kujolang.ai/learn/,Learn Kujo,aside,200,https://docs.kujolang.ai/learn/,0,rendered local route,,none
after,https://docs.kujolang.ai/tools/presswire/,https://docs.kujolang.ai/build/,Build with Kujo,aside,200,https://docs.kujolang.ai/build/,0,rendered local route,,none
after,https://docs.kujolang.ai/tools/presswire/,https://docs.kujolang.ai/review/,Reviewable work,aside,200,https://docs.kujolang.ai/review/,0,rendered local route,,none
after,https://docs.kujolang.ai/tools/presswire/,https://docs.kujolang.ai/tools/,Tools,aside,200,https://docs.kujolang.ai/tools/,0,rendered local route,,none
after,https://docs.kujolang.ai/tools/presswire/,https://docs.kujolang.ai/showcases/,Showcases,aside,200,https://docs.kujolang.ai/showcases/,0,rendered local route,,none
after,https://docs.kujolang.ai/tools/presswire/,https://docs.kujolang.ai/collections/,Collections,aside,200,https://docs.kujolang.ai/collections/,0,rendered local route,,none
after,https://docs.kujolang.ai/tools/presswire/,https://docs.kujolang.ai/ecosystem/,Ecosystem,aside,200,https://docs.kujolang.ai/ecosystem/,0,rendered local route,,none
after,https://docs.kujolang.ai/tools/presswire/,https://docs.kujolang.ai/reference/,Reference,aside,200,https://docs.kujolang.ai/reference/,0,rendered local route,,none
after,https://docs.kujolang.ai/tools/presswire/,https://docs.kujolang.ai/security/,Security model,aside,200,https://docs.kujolang.ai/security/,0,rendered local route,,none
after,https://docs.kujolang.ai/tools/presswire/,https://docs.kujolang.ai/release-boundaries/,Release boundaries,aside,200,https://docs.kujolang.ai/release-boundaries/,0,rendered local route,,none
after,https://docs.kujolang.ai/tools/presswire/,https://docs.kujolang.ai/support/,Support,aside,200,https://docs.kujolang.ai/support/,0,rendered local route,,none
after,https://docs.kujolang.ai/tools/presswire/,https://docs.kujolang.ai/reference/,Reference,nav,200,https://docs.kujolang.ai/reference/,0,rendered local route,,none
after,https://docs.kujolang.ai/tools/presswire/,https://docs.kujolang.ai/support/,Support,nav,200,https://docs.kujolang.ai/support/,0,rendered local route,,none
after,https://docs.kujolang.ai/tools/presswire/,https://docs.kujolang.ai/release-boundaries/,Release boundaries,nav,200,https://docs.kujolang.ai/release-boundaries/,0,rendered local route,,none
after,https://docs.kujolang.ai/tools/presswire/,https://docs.kujolang.ai/llms.txt,llms.txt,nav,200,https://docs.kujolang.ai/llms.txt,0,rendered local route,,none
after,https://docs.kujolang.ai/tools/rag/,https://docs.kujolang.ai/,Docs,header,200,https://docs.kujolang.ai/,0,rendered local route,,none
after,https://docs.kujolang.ai/tools/rag/,https://docs.kujolang.ai/start-here/,Start here,nav,200,https://docs.kujolang.ai/start-here/,0,rendered local route,,none
after,https://docs.kujolang.ai/tools/rag/,https://docs.kujolang.ai/learn/,Learn Kujo,nav,200,https://docs.kujolang.ai/learn/,0,rendered local route,,none
after,https://docs.kujolang.ai/tools/rag/,https://docs.kujolang.ai/build/,Build with Kujo,nav,200,https://docs.kujolang.ai/build/,0,rendered local route,,none
after,https://docs.kujolang.ai/tools/rag/,https://docs.kujolang.ai/ecosystem/providers/,Providers,nav,200,https://docs.kujolang.ai/ecosystem/providers/,0,rendered local route,,none
after,https://docs.kujolang.ai/tools/rag/,https://docs.kujolang.ai/tools/,Tools,nav,200,https://docs.kujolang.ai/tools/,0,rendered local route,,none
after,https://docs.kujolang.ai/tools/rag/,https://docs.kujolang.ai/showcases/,Showcases,nav,200,https://docs.kujolang.ai/showcases/,0,rendered local route,,none
after,https://docs.kujolang.ai/tools/rag/,https://docs.kujolang.ai/start-here/,Start here,aside,200,https://docs.kujolang.ai/start-here/,0,rendered local route,,none
after,https://docs.kujolang.ai/tools/rag/,https://docs.kujolang.ai/install/,Install Kujo,aside,200,https://docs.kujolang.ai/install/,0,rendered local route,,none
after,https://docs.kujolang.ai/tools/rag/,https://docs.kujolang.ai/quickstart/,Quickstart,aside,200,https://docs.kujolang.ai/quickstart/,0,rendered local route,,none
after,https://docs.kujolang.ai/tools/rag/,https://docs.kujolang.ai/choose-a-path/,Choose a path,aside,200,https://docs.kujolang.ai/choose-a-path/,0,rendered local route,,none
after,https://docs.kujolang.ai/tools/rag/,https://docs.kujolang.ai/learn/,Learn Kujo,aside,200,https://docs.kujolang.ai/learn/,0,rendered local route,,none
after,https://docs.kujolang.ai/tools/rag/,https://docs.kujolang.ai/build/,Build with Kujo,aside,200,https://docs.kujolang.ai/build/,0,rendered local route,,none
after,https://docs.kujolang.ai/tools/rag/,https://docs.kujolang.ai/review/,Reviewable work,aside,200,https://docs.kujolang.ai/review/,0,rendered local route,,none
after,https://docs.kujolang.ai/tools/rag/,https://docs.kujolang.ai/tools/,Tools,aside,200,https://docs.kujolang.ai/tools/,0,rendered local route,,none
after,https://docs.kujolang.ai/tools/rag/,https://docs.kujolang.ai/showcases/,Showcases,aside,200,https://docs.kujolang.ai/showcases/,0,rendered local route,,none
after,https://docs.kujolang.ai/tools/rag/,https://docs.kujolang.ai/collections/,Collections,aside,200,https://docs.kujolang.ai/collections/,0,rendered local route,,none
after,https://docs.kujolang.ai/tools/rag/,https://docs.kujolang.ai/ecosystem/,Ecosystem,aside,200,https://docs.kujolang.ai/ecosystem/,0,rendered local route,,none
after,https://docs.kujolang.ai/tools/rag/,https://docs.kujolang.ai/reference/,Reference,aside,200,https://docs.kujolang.ai/reference/,0,rendered local route,,none
after,https://docs.kujolang.ai/tools/rag/,https://docs.kujolang.ai/security/,Security model,aside,200,https://docs.kujolang.ai/security/,0,rendered local route,,none
after,https://docs.kujolang.ai/tools/rag/,https://docs.kujolang.ai/release-boundaries/,Release boundaries,aside,200,https://docs.kujolang.ai/release-boundaries/,0,rendered local route,,none
after,https://docs.kujolang.ai/tools/rag/,https://docs.kujolang.ai/support/,Support,aside,200,https://docs.kujolang.ai/support/,0,rendered local route,,none
after,https://docs.kujolang.ai/tools/rag/,https://docs.kujolang.ai/build/knowledge-and-retrieval/,Knowledge and retrieval,article,200,https://docs.kujolang.ai/build/knowledge-and-retrieval/,0,rendered local route,,none
after,https://docs.kujolang.ai/tools/rag/,https://docs.kujolang.ai/tools/mcp/,MCP,article,200,https://docs.kujolang.ai/tools/mcp/,0,rendered local route,,none
after,https://docs.kujolang.ai/tools/rag/,https://docs.kujolang.ai/tools/mcp/,Previous,nav,200,https://docs.kujolang.ai/tools/mcp/,0,rendered local route,prev,none
after,https://docs.kujolang.ai/tools/rag/,https://docs.kujolang.ai/tools/ai-sdk/,Next,nav,200,https://docs.kujolang.ai/tools/ai-sdk/,0,rendered local route,next,none
after,https://docs.kujolang.ai/tools/rag/,https://docs.kujolang.ai/reference/,Reference,nav,200,https://docs.kujolang.ai/reference/,0,rendered local route,,none
after,https://docs.kujolang.ai/tools/rag/,https://docs.kujolang.ai/support/,Support,nav,200,https://docs.kujolang.ai/support/,0,rendered local route,,none
after,https://docs.kujolang.ai/tools/rag/,https://docs.kujolang.ai/release-boundaries/,Release boundaries,nav,200,https://docs.kujolang.ai/release-boundaries/,0,rendered local route,,none
after,https://docs.kujolang.ai/tools/rag/,https://docs.kujolang.ai/llms.txt,llms.txt,nav,200,https://docs.kujolang.ai/llms.txt,0,rendered local route,,none
after,https://docs.kujolang.ai/tools/readersignal/,https://docs.kujolang.ai/,Docs,header,200,https://docs.kujolang.ai/,0,rendered local route,,none
after,https://docs.kujolang.ai/tools/readersignal/,https://docs.kujolang.ai/start-here/,Start here,nav,200,https://docs.kujolang.ai/start-here/,0,rendered local route,,none
after,https://docs.kujolang.ai/tools/readersignal/,https://docs.kujolang.ai/learn/,Learn Kujo,nav,200,https://docs.kujolang.ai/learn/,0,rendered local route,,none
after,https://docs.kujolang.ai/tools/readersignal/,https://docs.kujolang.ai/build/,Build with Kujo,nav,200,https://docs.kujolang.ai/build/,0,rendered local route,,none
after,https://docs.kujolang.ai/tools/readersignal/,https://docs.kujolang.ai/ecosystem/providers/,Providers,nav,200,https://docs.kujolang.ai/ecosystem/providers/,0,rendered local route,,none
after,https://docs.kujolang.ai/tools/readersignal/,https://docs.kujolang.ai/tools/,Tools,nav,200,https://docs.kujolang.ai/tools/,0,rendered local route,,none
after,https://docs.kujolang.ai/tools/readersignal/,https://docs.kujolang.ai/showcases/,Showcases,nav,200,https://docs.kujolang.ai/showcases/,0,rendered local route,,none
after,https://docs.kujolang.ai/tools/readersignal/,https://docs.kujolang.ai/start-here/,Start here,aside,200,https://docs.kujolang.ai/start-here/,0,rendered local route,,none
after,https://docs.kujolang.ai/tools/readersignal/,https://docs.kujolang.ai/install/,Install Kujo,aside,200,https://docs.kujolang.ai/install/,0,rendered local route,,none
after,https://docs.kujolang.ai/tools/readersignal/,https://docs.kujolang.ai/quickstart/,Quickstart,aside,200,https://docs.kujolang.ai/quickstart/,0,rendered local route,,none
after,https://docs.kujolang.ai/tools/readersignal/,https://docs.kujolang.ai/choose-a-path/,Choose a path,aside,200,https://docs.kujolang.ai/choose-a-path/,0,rendered local route,,none
after,https://docs.kujolang.ai/tools/readersignal/,https://docs.kujolang.ai/learn/,Learn Kujo,aside,200,https://docs.kujolang.ai/learn/,0,rendered local route,,none
after,https://docs.kujolang.ai/tools/readersignal/,https://docs.kujolang.ai/build/,Build with Kujo,aside,200,https://docs.kujolang.ai/build/,0,rendered local route,,none
after,https://docs.kujolang.ai/tools/readersignal/,https://docs.kujolang.ai/review/,Reviewable work,aside,200,https://docs.kujolang.ai/review/,0,rendered local route,,none
after,https://docs.kujolang.ai/tools/readersignal/,https://docs.kujolang.ai/tools/,Tools,aside,200,https://docs.kujolang.ai/tools/,0,rendered local route,,none
after,https://docs.kujolang.ai/tools/readersignal/,https://docs.kujolang.ai/showcases/,Showcases,aside,200,https://docs.kujolang.ai/showcases/,0,rendered local route,,none
after,https://docs.kujolang.ai/tools/readersignal/,https://docs.kujolang.ai/collections/,Collections,aside,200,https://docs.kujolang.ai/collections/,0,rendered local route,,none
after,https://docs.kujolang.ai/tools/readersignal/,https://docs.kujolang.ai/ecosystem/,Ecosystem,aside,200,https://docs.kujolang.ai/ecosystem/,0,rendered local route,,none
after,https://docs.kujolang.ai/tools/readersignal/,https://docs.kujolang.ai/reference/,Reference,aside,200,https://docs.kujolang.ai/reference/,0,rendered local route,,none
after,https://docs.kujolang.ai/tools/readersignal/,https://docs.kujolang.ai/security/,Security model,aside,200,https://docs.kujolang.ai/security/,0,rendered local route,,none
after,https://docs.kujolang.ai/tools/readersignal/,https://docs.kujolang.ai/release-boundaries/,Release boundaries,aside,200,https://docs.kujolang.ai/release-boundaries/,0,rendered local route,,none
after,https://docs.kujolang.ai/tools/readersignal/,https://docs.kujolang.ai/support/,Support,aside,200,https://docs.kujolang.ai/support/,0,rendered local route,,none
after,https://docs.kujolang.ai/tools/readersignal/,https://docs.kujolang.ai/reference/,Reference,nav,200,https://docs.kujolang.ai/reference/,0,rendered local route,,none
after,https://docs.kujolang.ai/tools/readersignal/,https://docs.kujolang.ai/support/,Support,nav,200,https://docs.kujolang.ai/support/,0,rendered local route,,none
after,https://docs.kujolang.ai/tools/readersignal/,https://docs.kujolang.ai/release-boundaries/,Release boundaries,nav,200,https://docs.kujolang.ai/release-boundaries/,0,rendered local route,,none
after,https://docs.kujolang.ai/tools/readersignal/,https://docs.kujolang.ai/llms.txt,llms.txt,nav,200,https://docs.kujolang.ai/llms.txt,0,rendered local route,,none
after,https://docs.kujolang.ai/tools/redact/,https://docs.kujolang.ai/,Docs,header,200,https://docs.kujolang.ai/,0,rendered local route,,none
after,https://docs.kujolang.ai/tools/redact/,https://docs.kujolang.ai/start-here/,Start here,nav,200,https://docs.kujolang.ai/start-here/,0,rendered local route,,none
after,https://docs.kujolang.ai/tools/redact/,https://docs.kujolang.ai/learn/,Learn Kujo,nav,200,https://docs.kujolang.ai/learn/,0,rendered local route,,none
after,https://docs.kujolang.ai/tools/redact/,https://docs.kujolang.ai/build/,Build with Kujo,nav,200,https://docs.kujolang.ai/build/,0,rendered local route,,none
after,https://docs.kujolang.ai/tools/redact/,https://docs.kujolang.ai/ecosystem/providers/,Providers,nav,200,https://docs.kujolang.ai/ecosystem/providers/,0,rendered local route,,none
after,https://docs.kujolang.ai/tools/redact/,https://docs.kujolang.ai/tools/,Tools,nav,200,https://docs.kujolang.ai/tools/,0,rendered local route,,none
after,https://docs.kujolang.ai/tools/redact/,https://docs.kujolang.ai/showcases/,Showcases,nav,200,https://docs.kujolang.ai/showcases/,0,rendered local route,,none
after,https://docs.kujolang.ai/tools/redact/,https://docs.kujolang.ai/start-here/,Start here,aside,200,https://docs.kujolang.ai/start-here/,0,rendered local route,,none
after,https://docs.kujolang.ai/tools/redact/,https://docs.kujolang.ai/install/,Install Kujo,aside,200,https://docs.kujolang.ai/install/,0,rendered local route,,none
after,https://docs.kujolang.ai/tools/redact/,https://docs.kujolang.ai/quickstart/,Quickstart,aside,200,https://docs.kujolang.ai/quickstart/,0,rendered local route,,none
after,https://docs.kujolang.ai/tools/redact/,https://docs.kujolang.ai/choose-a-path/,Choose a path,aside,200,https://docs.kujolang.ai/choose-a-path/,0,rendered local route,,none
after,https://docs.kujolang.ai/tools/redact/,https://docs.kujolang.ai/learn/,Learn Kujo,aside,200,https://docs.kujolang.ai/learn/,0,rendered local route,,none
after,https://docs.kujolang.ai/tools/redact/,https://docs.kujolang.ai/build/,Build with Kujo,aside,200,https://docs.kujolang.ai/build/,0,rendered local route,,none
after,https://docs.kujolang.ai/tools/redact/,https://docs.kujolang.ai/review/,Reviewable work,aside,200,https://docs.kujolang.ai/review/,0,rendered local route,,none
after,https://docs.kujolang.ai/tools/redact/,https://docs.kujolang.ai/tools/,Tools,aside,200,https://docs.kujolang.ai/tools/,0,rendered local route,,none
after,https://docs.kujolang.ai/tools/redact/,https://docs.kujolang.ai/showcases/,Showcases,aside,200,https://docs.kujolang.ai/showcases/,0,rendered local route,,none
after,https://docs.kujolang.ai/tools/redact/,https://docs.kujolang.ai/collections/,Collections,aside,200,https://docs.kujolang.ai/collections/,0,rendered local route,,none
after,https://docs.kujolang.ai/tools/redact/,https://docs.kujolang.ai/ecosystem/,Ecosystem,aside,200,https://docs.kujolang.ai/ecosystem/,0,rendered local route,,none
after,https://docs.kujolang.ai/tools/redact/,https://docs.kujolang.ai/reference/,Reference,aside,200,https://docs.kujolang.ai/reference/,0,rendered local route,,none
after,https://docs.kujolang.ai/tools/redact/,https://docs.kujolang.ai/security/,Security model,aside,200,https://docs.kujolang.ai/security/,0,rendered local route,,none
after,https://docs.kujolang.ai/tools/redact/,https://docs.kujolang.ai/release-boundaries/,Release boundaries,aside,200,https://docs.kujolang.ai/release-boundaries/,0,rendered local route,,none
after,https://docs.kujolang.ai/tools/redact/,https://docs.kujolang.ai/support/,Support,aside,200,https://docs.kujolang.ai/support/,0,rendered local route,,none
after,https://docs.kujolang.ai/tools/redact/,https://docs.kujolang.ai/reference/,Reference,nav,200,https://docs.kujolang.ai/reference/,0,rendered local route,,none
after,https://docs.kujolang.ai/tools/redact/,https://docs.kujolang.ai/support/,Support,nav,200,https://docs.kujolang.ai/support/,0,rendered local route,,none
after,https://docs.kujolang.ai/tools/redact/,https://docs.kujolang.ai/release-boundaries/,Release boundaries,nav,200,https://docs.kujolang.ai/release-boundaries/,0,rendered local route,,none
after,https://docs.kujolang.ai/tools/redact/,https://docs.kujolang.ai/llms.txt,llms.txt,nav,200,https://docs.kujolang.ai/llms.txt,0,rendered local route,,none
after,https://docs.kujolang.ai/tools/relay/,https://docs.kujolang.ai/,Docs,header,200,https://docs.kujolang.ai/,0,rendered local route,,none
after,https://docs.kujolang.ai/tools/relay/,https://docs.kujolang.ai/start-here/,Start here,nav,200,https://docs.kujolang.ai/start-here/,0,rendered local route,,none
after,https://docs.kujolang.ai/tools/relay/,https://docs.kujolang.ai/learn/,Learn Kujo,nav,200,https://docs.kujolang.ai/learn/,0,rendered local route,,none
after,https://docs.kujolang.ai/tools/relay/,https://docs.kujolang.ai/build/,Build with Kujo,nav,200,https://docs.kujolang.ai/build/,0,rendered local route,,none
after,https://docs.kujolang.ai/tools/relay/,https://docs.kujolang.ai/ecosystem/providers/,Providers,nav,200,https://docs.kujolang.ai/ecosystem/providers/,0,rendered local route,,none
after,https://docs.kujolang.ai/tools/relay/,https://docs.kujolang.ai/tools/,Tools,nav,200,https://docs.kujolang.ai/tools/,0,rendered local route,,none
after,https://docs.kujolang.ai/tools/relay/,https://docs.kujolang.ai/showcases/,Showcases,nav,200,https://docs.kujolang.ai/showcases/,0,rendered local route,,none
after,https://docs.kujolang.ai/tools/relay/,https://docs.kujolang.ai/start-here/,Start here,aside,200,https://docs.kujolang.ai/start-here/,0,rendered local route,,none
after,https://docs.kujolang.ai/tools/relay/,https://docs.kujolang.ai/install/,Install Kujo,aside,200,https://docs.kujolang.ai/install/,0,rendered local route,,none
after,https://docs.kujolang.ai/tools/relay/,https://docs.kujolang.ai/quickstart/,Quickstart,aside,200,https://docs.kujolang.ai/quickstart/,0,rendered local route,,none
after,https://docs.kujolang.ai/tools/relay/,https://docs.kujolang.ai/choose-a-path/,Choose a path,aside,200,https://docs.kujolang.ai/choose-a-path/,0,rendered local route,,none
after,https://docs.kujolang.ai/tools/relay/,https://docs.kujolang.ai/learn/,Learn Kujo,aside,200,https://docs.kujolang.ai/learn/,0,rendered local route,,none
after,https://docs.kujolang.ai/tools/relay/,https://docs.kujolang.ai/build/,Build with Kujo,aside,200,https://docs.kujolang.ai/build/,0,rendered local route,,none
after,https://docs.kujolang.ai/tools/relay/,https://docs.kujolang.ai/review/,Reviewable work,aside,200,https://docs.kujolang.ai/review/,0,rendered local route,,none
after,https://docs.kujolang.ai/tools/relay/,https://docs.kujolang.ai/tools/,Tools,aside,200,https://docs.kujolang.ai/tools/,0,rendered local route,,none
after,https://docs.kujolang.ai/tools/relay/,https://docs.kujolang.ai/showcases/,Showcases,aside,200,https://docs.kujolang.ai/showcases/,0,rendered local route,,none
after,https://docs.kujolang.ai/tools/relay/,https://docs.kujolang.ai/collections/,Collections,aside,200,https://docs.kujolang.ai/collections/,0,rendered local route,,none
after,https://docs.kujolang.ai/tools/relay/,https://docs.kujolang.ai/ecosystem/,Ecosystem,aside,200,https://docs.kujolang.ai/ecosystem/,0,rendered local route,,none
after,https://docs.kujolang.ai/tools/relay/,https://docs.kujolang.ai/reference/,Reference,aside,200,https://docs.kujolang.ai/reference/,0,rendered local route,,none
after,https://docs.kujolang.ai/tools/relay/,https://docs.kujolang.ai/security/,Security model,aside,200,https://docs.kujolang.ai/security/,0,rendered local route,,none
after,https://docs.kujolang.ai/tools/relay/,https://docs.kujolang.ai/release-boundaries/,Release boundaries,aside,200,https://docs.kujolang.ai/release-boundaries/,0,rendered local route,,none
after,https://docs.kujolang.ai/tools/relay/,https://docs.kujolang.ai/support/,Support,aside,200,https://docs.kujolang.ai/support/,0,rendered local route,,none
after,https://docs.kujolang.ai/tools/relay/,https://docs.kujolang.ai/reference/,Reference,nav,200,https://docs.kujolang.ai/reference/,0,rendered local route,,none
after,https://docs.kujolang.ai/tools/relay/,https://docs.kujolang.ai/support/,Support,nav,200,https://docs.kujolang.ai/support/,0,rendered local route,,none
after,https://docs.kujolang.ai/tools/relay/,https://docs.kujolang.ai/release-boundaries/,Release boundaries,nav,200,https://docs.kujolang.ai/release-boundaries/,0,rendered local route,,none
after,https://docs.kujolang.ai/tools/relay/,https://docs.kujolang.ai/llms.txt,llms.txt,nav,200,https://docs.kujolang.ai/llms.txt,0,rendered local route,,none
after,https://docs.kujolang.ai/tools/runledger/,https://docs.kujolang.ai/,Docs,header,200,https://docs.kujolang.ai/,0,rendered local route,,none
after,https://docs.kujolang.ai/tools/runledger/,https://docs.kujolang.ai/start-here/,Start here,nav,200,https://docs.kujolang.ai/start-here/,0,rendered local route,,none
after,https://docs.kujolang.ai/tools/runledger/,https://docs.kujolang.ai/learn/,Learn Kujo,nav,200,https://docs.kujolang.ai/learn/,0,rendered local route,,none
after,https://docs.kujolang.ai/tools/runledger/,https://docs.kujolang.ai/build/,Build with Kujo,nav,200,https://docs.kujolang.ai/build/,0,rendered local route,,none
after,https://docs.kujolang.ai/tools/runledger/,https://docs.kujolang.ai/ecosystem/providers/,Providers,nav,200,https://docs.kujolang.ai/ecosystem/providers/,0,rendered local route,,none
after,https://docs.kujolang.ai/tools/runledger/,https://docs.kujolang.ai/tools/,Tools,nav,200,https://docs.kujolang.ai/tools/,0,rendered local route,,none
after,https://docs.kujolang.ai/tools/runledger/,https://docs.kujolang.ai/showcases/,Showcases,nav,200,https://docs.kujolang.ai/showcases/,0,rendered local route,,none
after,https://docs.kujolang.ai/tools/runledger/,https://docs.kujolang.ai/start-here/,Start here,aside,200,https://docs.kujolang.ai/start-here/,0,rendered local route,,none
after,https://docs.kujolang.ai/tools/runledger/,https://docs.kujolang.ai/install/,Install Kujo,aside,200,https://docs.kujolang.ai/install/,0,rendered local route,,none
after,https://docs.kujolang.ai/tools/runledger/,https://docs.kujolang.ai/quickstart/,Quickstart,aside,200,https://docs.kujolang.ai/quickstart/,0,rendered local route,,none
after,https://docs.kujolang.ai/tools/runledger/,https://docs.kujolang.ai/choose-a-path/,Choose a path,aside,200,https://docs.kujolang.ai/choose-a-path/,0,rendered local route,,none
after,https://docs.kujolang.ai/tools/runledger/,https://docs.kujolang.ai/learn/,Learn Kujo,aside,200,https://docs.kujolang.ai/learn/,0,rendered local route,,none
after,https://docs.kujolang.ai/tools/runledger/,https://docs.kujolang.ai/build/,Build with Kujo,aside,200,https://docs.kujolang.ai/build/,0,rendered local route,,none
after,https://docs.kujolang.ai/tools/runledger/,https://docs.kujolang.ai/review/,Reviewable work,aside,200,https://docs.kujolang.ai/review/,0,rendered local route,,none
after,https://docs.kujolang.ai/tools/runledger/,https://docs.kujolang.ai/tools/,Tools,aside,200,https://docs.kujolang.ai/tools/,0,rendered local route,,none
after,https://docs.kujolang.ai/tools/runledger/,https://docs.kujolang.ai/showcases/,Showcases,aside,200,https://docs.kujolang.ai/showcases/,0,rendered local route,,none
after,https://docs.kujolang.ai/tools/runledger/,https://docs.kujolang.ai/collections/,Collections,aside,200,https://docs.kujolang.ai/collections/,0,rendered local route,,none
after,https://docs.kujolang.ai/tools/runledger/,https://docs.kujolang.ai/ecosystem/,Ecosystem,aside,200,https://docs.kujolang.ai/ecosystem/,0,rendered local route,,none
after,https://docs.kujolang.ai/tools/runledger/,https://docs.kujolang.ai/reference/,Reference,aside,200,https://docs.kujolang.ai/reference/,0,rendered local route,,none
after,https://docs.kujolang.ai/tools/runledger/,https://docs.kujolang.ai/security/,Security model,aside,200,https://docs.kujolang.ai/security/,0,rendered local route,,none
after,https://docs.kujolang.ai/tools/runledger/,https://docs.kujolang.ai/release-boundaries/,Release boundaries,aside,200,https://docs.kujolang.ai/release-boundaries/,0,rendered local route,,none
after,https://docs.kujolang.ai/tools/runledger/,https://docs.kujolang.ai/support/,Support,aside,200,https://docs.kujolang.ai/support/,0,rendered local route,,none
after,https://docs.kujolang.ai/tools/runledger/,https://docs.kujolang.ai/tools/eval/,Eval,article,200,https://docs.kujolang.ai/tools/eval/,0,rendered local route,,none
after,https://docs.kujolang.ai/tools/runledger/,https://docs.kujolang.ai/tools/dispatch/,Dispatch,article,200,https://docs.kujolang.ai/tools/dispatch/,0,rendered local route,,none
after,https://docs.kujolang.ai/tools/runledger/,https://docs.kujolang.ai/tools/casefile/,CaseFile,article,200,https://docs.kujolang.ai/tools/casefile/,0,rendered local route,,none
after,https://docs.kujolang.ai/tools/runledger/,https://docs.kujolang.ai/tools/muzzle/,Previous,nav,200,https://docs.kujolang.ai/tools/muzzle/,0,rendered local route,prev,none
after,https://docs.kujolang.ai/tools/runledger/,https://docs.kujolang.ai/tools/changebucket/,Next,nav,200,https://docs.kujolang.ai/tools/changebucket/,0,rendered local route,next,none
after,https://docs.kujolang.ai/tools/runledger/,https://docs.kujolang.ai/reference/,Reference,nav,200,https://docs.kujolang.ai/reference/,0,rendered local route,,none
after,https://docs.kujolang.ai/tools/runledger/,https://docs.kujolang.ai/support/,Support,nav,200,https://docs.kujolang.ai/support/,0,rendered local route,,none
after,https://docs.kujolang.ai/tools/runledger/,https://docs.kujolang.ai/release-boundaries/,Release boundaries,nav,200,https://docs.kujolang.ai/release-boundaries/,0,rendered local route,,none
after,https://docs.kujolang.ai/tools/runledger/,https://docs.kujolang.ai/llms.txt,llms.txt,nav,200,https://docs.kujolang.ai/llms.txt,0,rendered local route,,none
after,https://docs.kujolang.ai/tools/scent/,https://docs.kujolang.ai/,Docs,header,200,https://docs.kujolang.ai/,0,rendered local route,,none
after,https://docs.kujolang.ai/tools/scent/,https://docs.kujolang.ai/start-here/,Start here,nav,200,https://docs.kujolang.ai/start-here/,0,rendered local route,,none
after,https://docs.kujolang.ai/tools/scent/,https://docs.kujolang.ai/learn/,Learn Kujo,nav,200,https://docs.kujolang.ai/learn/,0,rendered local route,,none
after,https://docs.kujolang.ai/tools/scent/,https://docs.kujolang.ai/build/,Build with Kujo,nav,200,https://docs.kujolang.ai/build/,0,rendered local route,,none
after,https://docs.kujolang.ai/tools/scent/,https://docs.kujolang.ai/ecosystem/providers/,Providers,nav,200,https://docs.kujolang.ai/ecosystem/providers/,0,rendered local route,,none
after,https://docs.kujolang.ai/tools/scent/,https://docs.kujolang.ai/tools/,Tools,nav,200,https://docs.kujolang.ai/tools/,0,rendered local route,,none
after,https://docs.kujolang.ai/tools/scent/,https://docs.kujolang.ai/showcases/,Showcases,nav,200,https://docs.kujolang.ai/showcases/,0,rendered local route,,none
after,https://docs.kujolang.ai/tools/scent/,https://docs.kujolang.ai/start-here/,Start here,aside,200,https://docs.kujolang.ai/start-here/,0,rendered local route,,none
after,https://docs.kujolang.ai/tools/scent/,https://docs.kujolang.ai/install/,Install Kujo,aside,200,https://docs.kujolang.ai/install/,0,rendered local route,,none
after,https://docs.kujolang.ai/tools/scent/,https://docs.kujolang.ai/quickstart/,Quickstart,aside,200,https://docs.kujolang.ai/quickstart/,0,rendered local route,,none
after,https://docs.kujolang.ai/tools/scent/,https://docs.kujolang.ai/choose-a-path/,Choose a path,aside,200,https://docs.kujolang.ai/choose-a-path/,0,rendered local route,,none
after,https://docs.kujolang.ai/tools/scent/,https://docs.kujolang.ai/learn/,Learn Kujo,aside,200,https://docs.kujolang.ai/learn/,0,rendered local route,,none
after,https://docs.kujolang.ai/tools/scent/,https://docs.kujolang.ai/build/,Build with Kujo,aside,200,https://docs.kujolang.ai/build/,0,rendered local route,,none
after,https://docs.kujolang.ai/tools/scent/,https://docs.kujolang.ai/review/,Reviewable work,aside,200,https://docs.kujolang.ai/review/,0,rendered local route,,none
after,https://docs.kujolang.ai/tools/scent/,https://docs.kujolang.ai/tools/,Tools,aside,200,https://docs.kujolang.ai/tools/,0,rendered local route,,none
after,https://docs.kujolang.ai/tools/scent/,https://docs.kujolang.ai/showcases/,Showcases,aside,200,https://docs.kujolang.ai/showcases/,0,rendered local route,,none
after,https://docs.kujolang.ai/tools/scent/,https://docs.kujolang.ai/collections/,Collections,aside,200,https://docs.kujolang.ai/collections/,0,rendered local route,,none
after,https://docs.kujolang.ai/tools/scent/,https://docs.kujolang.ai/ecosystem/,Ecosystem,aside,200,https://docs.kujolang.ai/ecosystem/,0,rendered local route,,none
after,https://docs.kujolang.ai/tools/scent/,https://docs.kujolang.ai/reference/,Reference,aside,200,https://docs.kujolang.ai/reference/,0,rendered local route,,none
after,https://docs.kujolang.ai/tools/scent/,https://docs.kujolang.ai/security/,Security model,aside,200,https://docs.kujolang.ai/security/,0,rendered local route,,none
after,https://docs.kujolang.ai/tools/scent/,https://docs.kujolang.ai/release-boundaries/,Release boundaries,aside,200,https://docs.kujolang.ai/release-boundaries/,0,rendered local route,,none
after,https://docs.kujolang.ai/tools/scent/,https://docs.kujolang.ai/support/,Support,aside,200,https://docs.kujolang.ai/support/,0,rendered local route,,none
after,https://docs.kujolang.ai/tools/scent/,https://docs.kujolang.ai/tools/scout/,Scout,article,200,https://docs.kujolang.ai/tools/scout/,0,rendered local route,,none
after,https://docs.kujolang.ai/tools/scent/,https://docs.kujolang.ai/tools/packwrite/,PackWrite,article,200,https://docs.kujolang.ai/tools/packwrite/,0,rendered local route,,none
after,https://docs.kujolang.ai/tools/scent/,https://docs.kujolang.ai/tools/agents-sdk/,Previous,nav,200,https://docs.kujolang.ai/tools/agents-sdk/,0,rendered local route,prev,none
after,https://docs.kujolang.ai/tools/scent/,https://docs.kujolang.ai/tools/fence/,Next,nav,200,https://docs.kujolang.ai/tools/fence/,0,rendered local route,next,none
after,https://docs.kujolang.ai/tools/scent/,https://docs.kujolang.ai/reference/,Reference,nav,200,https://docs.kujolang.ai/reference/,0,rendered local route,,none
after,https://docs.kujolang.ai/tools/scent/,https://docs.kujolang.ai/support/,Support,nav,200,https://docs.kujolang.ai/support/,0,rendered local route,,none
after,https://docs.kujolang.ai/tools/scent/,https://docs.kujolang.ai/release-boundaries/,Release boundaries,nav,200,https://docs.kujolang.ai/release-boundaries/,0,rendered local route,,none
after,https://docs.kujolang.ai/tools/scent/,https://docs.kujolang.ai/llms.txt,llms.txt,nav,200,https://docs.kujolang.ai/llms.txt,0,rendered local route,,none
after,https://docs.kujolang.ai/tools/scout/,https://docs.kujolang.ai/,Docs,header,200,https://docs.kujolang.ai/,0,rendered local route,,none
after,https://docs.kujolang.ai/tools/scout/,https://docs.kujolang.ai/start-here/,Start here,nav,200,https://docs.kujolang.ai/start-here/,0,rendered local route,,none
after,https://docs.kujolang.ai/tools/scout/,https://docs.kujolang.ai/learn/,Learn Kujo,nav,200,https://docs.kujolang.ai/learn/,0,rendered local route,,none
after,https://docs.kujolang.ai/tools/scout/,https://docs.kujolang.ai/build/,Build with Kujo,nav,200,https://docs.kujolang.ai/build/,0,rendered local route,,none
after,https://docs.kujolang.ai/tools/scout/,https://docs.kujolang.ai/ecosystem/providers/,Providers,nav,200,https://docs.kujolang.ai/ecosystem/providers/,0,rendered local route,,none
after,https://docs.kujolang.ai/tools/scout/,https://docs.kujolang.ai/tools/,Tools,nav,200,https://docs.kujolang.ai/tools/,0,rendered local route,,none
after,https://docs.kujolang.ai/tools/scout/,https://docs.kujolang.ai/showcases/,Showcases,nav,200,https://docs.kujolang.ai/showcases/,0,rendered local route,,none
after,https://docs.kujolang.ai/tools/scout/,https://docs.kujolang.ai/start-here/,Start here,aside,200,https://docs.kujolang.ai/start-here/,0,rendered local route,,none
after,https://docs.kujolang.ai/tools/scout/,https://docs.kujolang.ai/install/,Install Kujo,aside,200,https://docs.kujolang.ai/install/,0,rendered local route,,none
after,https://docs.kujolang.ai/tools/scout/,https://docs.kujolang.ai/quickstart/,Quickstart,aside,200,https://docs.kujolang.ai/quickstart/,0,rendered local route,,none
after,https://docs.kujolang.ai/tools/scout/,https://docs.kujolang.ai/choose-a-path/,Choose a path,aside,200,https://docs.kujolang.ai/choose-a-path/,0,rendered local route,,none
after,https://docs.kujolang.ai/tools/scout/,https://docs.kujolang.ai/learn/,Learn Kujo,aside,200,https://docs.kujolang.ai/learn/,0,rendered local route,,none
after,https://docs.kujolang.ai/tools/scout/,https://docs.kujolang.ai/build/,Build with Kujo,aside,200,https://docs.kujolang.ai/build/,0,rendered local route,,none
after,https://docs.kujolang.ai/tools/scout/,https://docs.kujolang.ai/review/,Reviewable work,aside,200,https://docs.kujolang.ai/review/,0,rendered local route,,none
after,https://docs.kujolang.ai/tools/scout/,https://docs.kujolang.ai/tools/,Tools,aside,200,https://docs.kujolang.ai/tools/,0,rendered local route,,none
after,https://docs.kujolang.ai/tools/scout/,https://docs.kujolang.ai/showcases/,Showcases,aside,200,https://docs.kujolang.ai/showcases/,0,rendered local route,,none
after,https://docs.kujolang.ai/tools/scout/,https://docs.kujolang.ai/collections/,Collections,aside,200,https://docs.kujolang.ai/collections/,0,rendered local route,,none
after,https://docs.kujolang.ai/tools/scout/,https://docs.kujolang.ai/ecosystem/,Ecosystem,aside,200,https://docs.kujolang.ai/ecosystem/,0,rendered local route,,none
after,https://docs.kujolang.ai/tools/scout/,https://docs.kujolang.ai/reference/,Reference,aside,200,https://docs.kujolang.ai/reference/,0,rendered local route,,none
after,https://docs.kujolang.ai/tools/scout/,https://docs.kujolang.ai/security/,Security model,aside,200,https://docs.kujolang.ai/security/,0,rendered local route,,none
after,https://docs.kujolang.ai/tools/scout/,https://docs.kujolang.ai/release-boundaries/,Release boundaries,aside,200,https://docs.kujolang.ai/release-boundaries/,0,rendered local route,,none
after,https://docs.kujolang.ai/tools/scout/,https://docs.kujolang.ai/support/,Support,aside,200,https://docs.kujolang.ai/support/,0,rendered local route,,none
after,https://docs.kujolang.ai/tools/scout/,https://docs.kujolang.ai/tools/scent/,Scent,article,200,https://docs.kujolang.ai/tools/scent/,0,rendered local route,,none
after,https://docs.kujolang.ai/tools/scout/,https://docs.kujolang.ai/tools/eval/,Previous,nav,200,https://docs.kujolang.ai/tools/eval/,0,rendered local route,prev,none
after,https://docs.kujolang.ai/tools/scout/,https://docs.kujolang.ai/tools/dispatch/,Next,nav,200,https://docs.kujolang.ai/tools/dispatch/,0,rendered local route,next,none
after,https://docs.kujolang.ai/tools/scout/,https://docs.kujolang.ai/reference/,Reference,nav,200,https://docs.kujolang.ai/reference/,0,rendered local route,,none
after,https://docs.kujolang.ai/tools/scout/,https://docs.kujolang.ai/support/,Support,nav,200,https://docs.kujolang.ai/support/,0,rendered local route,,none
after,https://docs.kujolang.ai/tools/scout/,https://docs.kujolang.ai/release-boundaries/,Release boundaries,nav,200,https://docs.kujolang.ai/release-boundaries/,0,rendered local route,,none
after,https://docs.kujolang.ai/tools/scout/,https://docs.kujolang.ai/llms.txt,llms.txt,nav,200,https://docs.kujolang.ai/llms.txt,0,rendered local route,,none
after,https://docs.kujolang.ai/tools/searchbridge/,https://docs.kujolang.ai/,Docs,header,200,https://docs.kujolang.ai/,0,rendered local route,,none
after,https://docs.kujolang.ai/tools/searchbridge/,https://docs.kujolang.ai/start-here/,Start here,nav,200,https://docs.kujolang.ai/start-here/,0,rendered local route,,none
after,https://docs.kujolang.ai/tools/searchbridge/,https://docs.kujolang.ai/learn/,Learn Kujo,nav,200,https://docs.kujolang.ai/learn/,0,rendered local route,,none
after,https://docs.kujolang.ai/tools/searchbridge/,https://docs.kujolang.ai/build/,Build with Kujo,nav,200,https://docs.kujolang.ai/build/,0,rendered local route,,none
after,https://docs.kujolang.ai/tools/searchbridge/,https://docs.kujolang.ai/ecosystem/providers/,Providers,nav,200,https://docs.kujolang.ai/ecosystem/providers/,0,rendered local route,,none
after,https://docs.kujolang.ai/tools/searchbridge/,https://docs.kujolang.ai/tools/,Tools,nav,200,https://docs.kujolang.ai/tools/,0,rendered local route,,none
after,https://docs.kujolang.ai/tools/searchbridge/,https://docs.kujolang.ai/showcases/,Showcases,nav,200,https://docs.kujolang.ai/showcases/,0,rendered local route,,none
after,https://docs.kujolang.ai/tools/searchbridge/,https://docs.kujolang.ai/start-here/,Start here,aside,200,https://docs.kujolang.ai/start-here/,0,rendered local route,,none
after,https://docs.kujolang.ai/tools/searchbridge/,https://docs.kujolang.ai/install/,Install Kujo,aside,200,https://docs.kujolang.ai/install/,0,rendered local route,,none
after,https://docs.kujolang.ai/tools/searchbridge/,https://docs.kujolang.ai/quickstart/,Quickstart,aside,200,https://docs.kujolang.ai/quickstart/,0,rendered local route,,none
after,https://docs.kujolang.ai/tools/searchbridge/,https://docs.kujolang.ai/choose-a-path/,Choose a path,aside,200,https://docs.kujolang.ai/choose-a-path/,0,rendered local route,,none
after,https://docs.kujolang.ai/tools/searchbridge/,https://docs.kujolang.ai/learn/,Learn Kujo,aside,200,https://docs.kujolang.ai/learn/,0,rendered local route,,none
after,https://docs.kujolang.ai/tools/searchbridge/,https://docs.kujolang.ai/build/,Build with Kujo,aside,200,https://docs.kujolang.ai/build/,0,rendered local route,,none
after,https://docs.kujolang.ai/tools/searchbridge/,https://docs.kujolang.ai/review/,Reviewable work,aside,200,https://docs.kujolang.ai/review/,0,rendered local route,,none
after,https://docs.kujolang.ai/tools/searchbridge/,https://docs.kujolang.ai/tools/,Tools,aside,200,https://docs.kujolang.ai/tools/,0,rendered local route,,none
after,https://docs.kujolang.ai/tools/searchbridge/,https://docs.kujolang.ai/showcases/,Showcases,aside,200,https://docs.kujolang.ai/showcases/,0,rendered local route,,none
after,https://docs.kujolang.ai/tools/searchbridge/,https://docs.kujolang.ai/collections/,Collections,aside,200,https://docs.kujolang.ai/collections/,0,rendered local route,,none
after,https://docs.kujolang.ai/tools/searchbridge/,https://docs.kujolang.ai/ecosystem/,Ecosystem,aside,200,https://docs.kujolang.ai/ecosystem/,0,rendered local route,,none
after,https://docs.kujolang.ai/tools/searchbridge/,https://docs.kujolang.ai/reference/,Reference,aside,200,https://docs.kujolang.ai/reference/,0,rendered local route,,none
after,https://docs.kujolang.ai/tools/searchbridge/,https://docs.kujolang.ai/security/,Security model,aside,200,https://docs.kujolang.ai/security/,0,rendered local route,,none
after,https://docs.kujolang.ai/tools/searchbridge/,https://docs.kujolang.ai/release-boundaries/,Release boundaries,aside,200,https://docs.kujolang.ai/release-boundaries/,0,rendered local route,,none
after,https://docs.kujolang.ai/tools/searchbridge/,https://docs.kujolang.ai/support/,Support,aside,200,https://docs.kujolang.ai/support/,0,rendered local route,,none
after,https://docs.kujolang.ai/tools/searchbridge/,https://docs.kujolang.ai/reference/,Reference,nav,200,https://docs.kujolang.ai/reference/,0,rendered local route,,none
after,https://docs.kujolang.ai/tools/searchbridge/,https://docs.kujolang.ai/support/,Support,nav,200,https://docs.kujolang.ai/support/,0,rendered local route,,none
after,https://docs.kujolang.ai/tools/searchbridge/,https://docs.kujolang.ai/release-boundaries/,Release boundaries,nav,200,https://docs.kujolang.ai/release-boundaries/,0,rendered local route,,none
after,https://docs.kujolang.ai/tools/searchbridge/,https://docs.kujolang.ai/llms.txt,llms.txt,nav,200,https://docs.kujolang.ai/llms.txt,0,rendered local route,,none
after,https://docs.kujolang.ai/tools/shipcheck/,https://docs.kujolang.ai/,Docs,header,200,https://docs.kujolang.ai/,0,rendered local route,,none
after,https://docs.kujolang.ai/tools/shipcheck/,https://docs.kujolang.ai/start-here/,Start here,nav,200,https://docs.kujolang.ai/start-here/,0,rendered local route,,none
after,https://docs.kujolang.ai/tools/shipcheck/,https://docs.kujolang.ai/learn/,Learn Kujo,nav,200,https://docs.kujolang.ai/learn/,0,rendered local route,,none
after,https://docs.kujolang.ai/tools/shipcheck/,https://docs.kujolang.ai/build/,Build with Kujo,nav,200,https://docs.kujolang.ai/build/,0,rendered local route,,none
after,https://docs.kujolang.ai/tools/shipcheck/,https://docs.kujolang.ai/ecosystem/providers/,Providers,nav,200,https://docs.kujolang.ai/ecosystem/providers/,0,rendered local route,,none
after,https://docs.kujolang.ai/tools/shipcheck/,https://docs.kujolang.ai/tools/,Tools,nav,200,https://docs.kujolang.ai/tools/,0,rendered local route,,none
after,https://docs.kujolang.ai/tools/shipcheck/,https://docs.kujolang.ai/showcases/,Showcases,nav,200,https://docs.kujolang.ai/showcases/,0,rendered local route,,none
after,https://docs.kujolang.ai/tools/shipcheck/,https://docs.kujolang.ai/start-here/,Start here,aside,200,https://docs.kujolang.ai/start-here/,0,rendered local route,,none
after,https://docs.kujolang.ai/tools/shipcheck/,https://docs.kujolang.ai/install/,Install Kujo,aside,200,https://docs.kujolang.ai/install/,0,rendered local route,,none
after,https://docs.kujolang.ai/tools/shipcheck/,https://docs.kujolang.ai/quickstart/,Quickstart,aside,200,https://docs.kujolang.ai/quickstart/,0,rendered local route,,none
after,https://docs.kujolang.ai/tools/shipcheck/,https://docs.kujolang.ai/choose-a-path/,Choose a path,aside,200,https://docs.kujolang.ai/choose-a-path/,0,rendered local route,,none
after,https://docs.kujolang.ai/tools/shipcheck/,https://docs.kujolang.ai/learn/,Learn Kujo,aside,200,https://docs.kujolang.ai/learn/,0,rendered local route,,none
after,https://docs.kujolang.ai/tools/shipcheck/,https://docs.kujolang.ai/build/,Build with Kujo,aside,200,https://docs.kujolang.ai/build/,0,rendered local route,,none
after,https://docs.kujolang.ai/tools/shipcheck/,https://docs.kujolang.ai/review/,Reviewable work,aside,200,https://docs.kujolang.ai/review/,0,rendered local route,,none
after,https://docs.kujolang.ai/tools/shipcheck/,https://docs.kujolang.ai/tools/,Tools,aside,200,https://docs.kujolang.ai/tools/,0,rendered local route,,none
after,https://docs.kujolang.ai/tools/shipcheck/,https://docs.kujolang.ai/showcases/,Showcases,aside,200,https://docs.kujolang.ai/showcases/,0,rendered local route,,none
after,https://docs.kujolang.ai/tools/shipcheck/,https://docs.kujolang.ai/collections/,Collections,aside,200,https://docs.kujolang.ai/collections/,0,rendered local route,,none
after,https://docs.kujolang.ai/tools/shipcheck/,https://docs.kujolang.ai/ecosystem/,Ecosystem,aside,200,https://docs.kujolang.ai/ecosystem/,0,rendered local route,,none
after,https://docs.kujolang.ai/tools/shipcheck/,https://docs.kujolang.ai/reference/,Reference,aside,200,https://docs.kujolang.ai/reference/,0,rendered local route,,none
after,https://docs.kujolang.ai/tools/shipcheck/,https://docs.kujolang.ai/security/,Security model,aside,200,https://docs.kujolang.ai/security/,0,rendered local route,,none
after,https://docs.kujolang.ai/tools/shipcheck/,https://docs.kujolang.ai/release-boundaries/,Release boundaries,aside,200,https://docs.kujolang.ai/release-boundaries/,0,rendered local route,,none
after,https://docs.kujolang.ai/tools/shipcheck/,https://docs.kujolang.ai/support/,Support,aside,200,https://docs.kujolang.ai/support/,0,rendered local route,,none
after,https://docs.kujolang.ai/tools/shipcheck/,https://docs.kujolang.ai/tools/concord/,Concord,article,200,https://docs.kujolang.ai/tools/concord/,0,rendered local route,,none
after,https://docs.kujolang.ai/tools/shipcheck/,https://docs.kujolang.ai/tools/fence/,Fence,article,200,https://docs.kujolang.ai/tools/fence/,0,rendered local route,,none
after,https://docs.kujolang.ai/tools/shipcheck/,https://docs.kujolang.ai/tools/concord/,Previous,nav,200,https://docs.kujolang.ai/tools/concord/,0,rendered local route,prev,none
after,https://docs.kujolang.ai/tools/shipcheck/,https://docs.kujolang.ai/tools/packwrite/,Next,nav,200,https://docs.kujolang.ai/tools/packwrite/,0,rendered local route,next,none
after,https://docs.kujolang.ai/tools/shipcheck/,https://docs.kujolang.ai/reference/,Reference,nav,200,https://docs.kujolang.ai/reference/,0,rendered local route,,none
after,https://docs.kujolang.ai/tools/shipcheck/,https://docs.kujolang.ai/support/,Support,nav,200,https://docs.kujolang.ai/support/,0,rendered local route,,none
after,https://docs.kujolang.ai/tools/shipcheck/,https://docs.kujolang.ai/release-boundaries/,Release boundaries,nav,200,https://docs.kujolang.ai/release-boundaries/,0,rendered local route,,none
after,https://docs.kujolang.ai/tools/shipcheck/,https://docs.kujolang.ai/llms.txt,llms.txt,nav,200,https://docs.kujolang.ai/llms.txt,0,rendered local route,,none
after,https://docs.kujolang.ai/tools/site-kit/,https://docs.kujolang.ai/,Docs,header,200,https://docs.kujolang.ai/,0,rendered local route,,none
after,https://docs.kujolang.ai/tools/site-kit/,https://docs.kujolang.ai/start-here/,Start here,nav,200,https://docs.kujolang.ai/start-here/,0,rendered local route,,none
after,https://docs.kujolang.ai/tools/site-kit/,https://docs.kujolang.ai/learn/,Learn Kujo,nav,200,https://docs.kujolang.ai/learn/,0,rendered local route,,none
after,https://docs.kujolang.ai/tools/site-kit/,https://docs.kujolang.ai/build/,Build with Kujo,nav,200,https://docs.kujolang.ai/build/,0,rendered local route,,none
after,https://docs.kujolang.ai/tools/site-kit/,https://docs.kujolang.ai/ecosystem/providers/,Providers,nav,200,https://docs.kujolang.ai/ecosystem/providers/,0,rendered local route,,none
after,https://docs.kujolang.ai/tools/site-kit/,https://docs.kujolang.ai/tools/,Tools,nav,200,https://docs.kujolang.ai/tools/,0,rendered local route,,none
after,https://docs.kujolang.ai/tools/site-kit/,https://docs.kujolang.ai/showcases/,Showcases,nav,200,https://docs.kujolang.ai/showcases/,0,rendered local route,,none
after,https://docs.kujolang.ai/tools/site-kit/,https://docs.kujolang.ai/start-here/,Start here,aside,200,https://docs.kujolang.ai/start-here/,0,rendered local route,,none
after,https://docs.kujolang.ai/tools/site-kit/,https://docs.kujolang.ai/install/,Install Kujo,aside,200,https://docs.kujolang.ai/install/,0,rendered local route,,none
after,https://docs.kujolang.ai/tools/site-kit/,https://docs.kujolang.ai/quickstart/,Quickstart,aside,200,https://docs.kujolang.ai/quickstart/,0,rendered local route,,none
after,https://docs.kujolang.ai/tools/site-kit/,https://docs.kujolang.ai/choose-a-path/,Choose a path,aside,200,https://docs.kujolang.ai/choose-a-path/,0,rendered local route,,none
after,https://docs.kujolang.ai/tools/site-kit/,https://docs.kujolang.ai/learn/,Learn Kujo,aside,200,https://docs.kujolang.ai/learn/,0,rendered local route,,none
after,https://docs.kujolang.ai/tools/site-kit/,https://docs.kujolang.ai/build/,Build with Kujo,aside,200,https://docs.kujolang.ai/build/,0,rendered local route,,none
after,https://docs.kujolang.ai/tools/site-kit/,https://docs.kujolang.ai/review/,Reviewable work,aside,200,https://docs.kujolang.ai/review/,0,rendered local route,,none
after,https://docs.kujolang.ai/tools/site-kit/,https://docs.kujolang.ai/tools/,Tools,aside,200,https://docs.kujolang.ai/tools/,0,rendered local route,,none
after,https://docs.kujolang.ai/tools/site-kit/,https://docs.kujolang.ai/showcases/,Showcases,aside,200,https://docs.kujolang.ai/showcases/,0,rendered local route,,none
after,https://docs.kujolang.ai/tools/site-kit/,https://docs.kujolang.ai/collections/,Collections,aside,200,https://docs.kujolang.ai/collections/,0,rendered local route,,none
after,https://docs.kujolang.ai/tools/site-kit/,https://docs.kujolang.ai/ecosystem/,Ecosystem,aside,200,https://docs.kujolang.ai/ecosystem/,0,rendered local route,,none
after,https://docs.kujolang.ai/tools/site-kit/,https://docs.kujolang.ai/reference/,Reference,aside,200,https://docs.kujolang.ai/reference/,0,rendered local route,,none
after,https://docs.kujolang.ai/tools/site-kit/,https://docs.kujolang.ai/security/,Security model,aside,200,https://docs.kujolang.ai/security/,0,rendered local route,,none
after,https://docs.kujolang.ai/tools/site-kit/,https://docs.kujolang.ai/release-boundaries/,Release boundaries,aside,200,https://docs.kujolang.ai/release-boundaries/,0,rendered local route,,none
after,https://docs.kujolang.ai/tools/site-kit/,https://docs.kujolang.ai/support/,Support,aside,200,https://docs.kujolang.ai/support/,0,rendered local route,,none
after,https://docs.kujolang.ai/tools/site-kit/,https://docs.kujolang.ai/tools/paperclip/,Previous,nav,200,https://docs.kujolang.ai/tools/paperclip/,0,rendered local route,prev,none
after,https://docs.kujolang.ai/tools/site-kit/,https://docs.kujolang.ai/reference/,Reference,nav,200,https://docs.kujolang.ai/reference/,0,rendered local route,,none
after,https://docs.kujolang.ai/tools/site-kit/,https://docs.kujolang.ai/support/,Support,nav,200,https://docs.kujolang.ai/support/,0,rendered local route,,none
after,https://docs.kujolang.ai/tools/site-kit/,https://docs.kujolang.ai/release-boundaries/,Release boundaries,nav,200,https://docs.kujolang.ai/release-boundaries/,0,rendered local route,,none
after,https://docs.kujolang.ai/tools/site-kit/,https://docs.kujolang.ai/llms.txt,llms.txt,nav,200,https://docs.kujolang.ai/llms.txt,0,rendered local route,,none
after,https://docs.kujolang.ai/tools/siteprobe/,https://docs.kujolang.ai/,Docs,header,200,https://docs.kujolang.ai/,0,rendered local route,,none
after,https://docs.kujolang.ai/tools/siteprobe/,https://docs.kujolang.ai/start-here/,Start here,nav,200,https://docs.kujolang.ai/start-here/,0,rendered local route,,none
after,https://docs.kujolang.ai/tools/siteprobe/,https://docs.kujolang.ai/learn/,Learn Kujo,nav,200,https://docs.kujolang.ai/learn/,0,rendered local route,,none
after,https://docs.kujolang.ai/tools/siteprobe/,https://docs.kujolang.ai/build/,Build with Kujo,nav,200,https://docs.kujolang.ai/build/,0,rendered local route,,none
after,https://docs.kujolang.ai/tools/siteprobe/,https://docs.kujolang.ai/ecosystem/providers/,Providers,nav,200,https://docs.kujolang.ai/ecosystem/providers/,0,rendered local route,,none
after,https://docs.kujolang.ai/tools/siteprobe/,https://docs.kujolang.ai/tools/,Tools,nav,200,https://docs.kujolang.ai/tools/,0,rendered local route,,none
after,https://docs.kujolang.ai/tools/siteprobe/,https://docs.kujolang.ai/showcases/,Showcases,nav,200,https://docs.kujolang.ai/showcases/,0,rendered local route,,none
after,https://docs.kujolang.ai/tools/siteprobe/,https://docs.kujolang.ai/start-here/,Start here,aside,200,https://docs.kujolang.ai/start-here/,0,rendered local route,,none
after,https://docs.kujolang.ai/tools/siteprobe/,https://docs.kujolang.ai/install/,Install Kujo,aside,200,https://docs.kujolang.ai/install/,0,rendered local route,,none
after,https://docs.kujolang.ai/tools/siteprobe/,https://docs.kujolang.ai/quickstart/,Quickstart,aside,200,https://docs.kujolang.ai/quickstart/,0,rendered local route,,none
after,https://docs.kujolang.ai/tools/siteprobe/,https://docs.kujolang.ai/choose-a-path/,Choose a path,aside,200,https://docs.kujolang.ai/choose-a-path/,0,rendered local route,,none
after,https://docs.kujolang.ai/tools/siteprobe/,https://docs.kujolang.ai/learn/,Learn Kujo,aside,200,https://docs.kujolang.ai/learn/,0,rendered local route,,none
after,https://docs.kujolang.ai/tools/siteprobe/,https://docs.kujolang.ai/build/,Build with Kujo,aside,200,https://docs.kujolang.ai/build/,0,rendered local route,,none
after,https://docs.kujolang.ai/tools/siteprobe/,https://docs.kujolang.ai/review/,Reviewable work,aside,200,https://docs.kujolang.ai/review/,0,rendered local route,,none
after,https://docs.kujolang.ai/tools/siteprobe/,https://docs.kujolang.ai/tools/,Tools,aside,200,https://docs.kujolang.ai/tools/,0,rendered local route,,none
after,https://docs.kujolang.ai/tools/siteprobe/,https://docs.kujolang.ai/showcases/,Showcases,aside,200,https://docs.kujolang.ai/showcases/,0,rendered local route,,none
after,https://docs.kujolang.ai/tools/siteprobe/,https://docs.kujolang.ai/collections/,Collections,aside,200,https://docs.kujolang.ai/collections/,0,rendered local route,,none
after,https://docs.kujolang.ai/tools/siteprobe/,https://docs.kujolang.ai/ecosystem/,Ecosystem,aside,200,https://docs.kujolang.ai/ecosystem/,0,rendered local route,,none
after,https://docs.kujolang.ai/tools/siteprobe/,https://docs.kujolang.ai/reference/,Reference,aside,200,https://docs.kujolang.ai/reference/,0,rendered local route,,none
after,https://docs.kujolang.ai/tools/siteprobe/,https://docs.kujolang.ai/security/,Security model,aside,200,https://docs.kujolang.ai/security/,0,rendered local route,,none
after,https://docs.kujolang.ai/tools/siteprobe/,https://docs.kujolang.ai/release-boundaries/,Release boundaries,aside,200,https://docs.kujolang.ai/release-boundaries/,0,rendered local route,,none
after,https://docs.kujolang.ai/tools/siteprobe/,https://docs.kujolang.ai/support/,Support,aside,200,https://docs.kujolang.ai/support/,0,rendered local route,,none
after,https://docs.kujolang.ai/tools/siteprobe/,https://docs.kujolang.ai/reference/,Reference,nav,200,https://docs.kujolang.ai/reference/,0,rendered local route,,none
after,https://docs.kujolang.ai/tools/siteprobe/,https://docs.kujolang.ai/support/,Support,nav,200,https://docs.kujolang.ai/support/,0,rendered local route,,none
after,https://docs.kujolang.ai/tools/siteprobe/,https://docs.kujolang.ai/release-boundaries/,Release boundaries,nav,200,https://docs.kujolang.ai/release-boundaries/,0,rendered local route,,none
after,https://docs.kujolang.ai/tools/siteprobe/,https://docs.kujolang.ai/llms.txt,llms.txt,nav,200,https://docs.kujolang.ai/llms.txt,0,rendered local route,,none
after,https://docs.kujolang.ai/tools/source/,https://docs.kujolang.ai/,Docs,header,200,https://docs.kujolang.ai/,0,rendered local route,,none
after,https://docs.kujolang.ai/tools/source/,https://docs.kujolang.ai/start-here/,Start here,nav,200,https://docs.kujolang.ai/start-here/,0,rendered local route,,none
after,https://docs.kujolang.ai/tools/source/,https://docs.kujolang.ai/learn/,Learn Kujo,nav,200,https://docs.kujolang.ai/learn/,0,rendered local route,,none
after,https://docs.kujolang.ai/tools/source/,https://docs.kujolang.ai/build/,Build with Kujo,nav,200,https://docs.kujolang.ai/build/,0,rendered local route,,none
after,https://docs.kujolang.ai/tools/source/,https://docs.kujolang.ai/ecosystem/providers/,Providers,nav,200,https://docs.kujolang.ai/ecosystem/providers/,0,rendered local route,,none
after,https://docs.kujolang.ai/tools/source/,https://docs.kujolang.ai/tools/,Tools,nav,200,https://docs.kujolang.ai/tools/,0,rendered local route,,none
after,https://docs.kujolang.ai/tools/source/,https://docs.kujolang.ai/showcases/,Showcases,nav,200,https://docs.kujolang.ai/showcases/,0,rendered local route,,none
after,https://docs.kujolang.ai/tools/source/,https://docs.kujolang.ai/start-here/,Start here,aside,200,https://docs.kujolang.ai/start-here/,0,rendered local route,,none
after,https://docs.kujolang.ai/tools/source/,https://docs.kujolang.ai/install/,Install Kujo,aside,200,https://docs.kujolang.ai/install/,0,rendered local route,,none
after,https://docs.kujolang.ai/tools/source/,https://docs.kujolang.ai/quickstart/,Quickstart,aside,200,https://docs.kujolang.ai/quickstart/,0,rendered local route,,none
after,https://docs.kujolang.ai/tools/source/,https://docs.kujolang.ai/choose-a-path/,Choose a path,aside,200,https://docs.kujolang.ai/choose-a-path/,0,rendered local route,,none
after,https://docs.kujolang.ai/tools/source/,https://docs.kujolang.ai/learn/,Learn Kujo,aside,200,https://docs.kujolang.ai/learn/,0,rendered local route,,none
after,https://docs.kujolang.ai/tools/source/,https://docs.kujolang.ai/build/,Build with Kujo,aside,200,https://docs.kujolang.ai/build/,0,rendered local route,,none
after,https://docs.kujolang.ai/tools/source/,https://docs.kujolang.ai/review/,Reviewable work,aside,200,https://docs.kujolang.ai/review/,0,rendered local route,,none
after,https://docs.kujolang.ai/tools/source/,https://docs.kujolang.ai/tools/,Tools,aside,200,https://docs.kujolang.ai/tools/,0,rendered local route,,none
after,https://docs.kujolang.ai/tools/source/,https://docs.kujolang.ai/showcases/,Showcases,aside,200,https://docs.kujolang.ai/showcases/,0,rendered local route,,none
after,https://docs.kujolang.ai/tools/source/,https://docs.kujolang.ai/collections/,Collections,aside,200,https://docs.kujolang.ai/collections/,0,rendered local route,,none
after,https://docs.kujolang.ai/tools/source/,https://docs.kujolang.ai/ecosystem/,Ecosystem,aside,200,https://docs.kujolang.ai/ecosystem/,0,rendered local route,,none
after,https://docs.kujolang.ai/tools/source/,https://docs.kujolang.ai/reference/,Reference,aside,200,https://docs.kujolang.ai/reference/,0,rendered local route,,none
after,https://docs.kujolang.ai/tools/source/,https://docs.kujolang.ai/security/,Security model,aside,200,https://docs.kujolang.ai/security/,0,rendered local route,,none
after,https://docs.kujolang.ai/tools/source/,https://docs.kujolang.ai/release-boundaries/,Release boundaries,aside,200,https://docs.kujolang.ai/release-boundaries/,0,rendered local route,,none
after,https://docs.kujolang.ai/tools/source/,https://docs.kujolang.ai/support/,Support,aside,200,https://docs.kujolang.ai/support/,0,rendered local route,,none
after,https://docs.kujolang.ai/tools/source/,https://docs.kujolang.ai/reference/,Reference,nav,200,https://docs.kujolang.ai/reference/,0,rendered local route,,none
after,https://docs.kujolang.ai/tools/source/,https://docs.kujolang.ai/support/,Support,nav,200,https://docs.kujolang.ai/support/,0,rendered local route,,none
after,https://docs.kujolang.ai/tools/source/,https://docs.kujolang.ai/release-boundaries/,Release boundaries,nav,200,https://docs.kujolang.ai/release-boundaries/,0,rendered local route,,none
after,https://docs.kujolang.ai/tools/source/,https://docs.kujolang.ai/llms.txt,llms.txt,nav,200,https://docs.kujolang.ai/llms.txt,0,rendered local route,,none
after,https://docs.kujolang.ai/tools/spec/,https://docs.kujolang.ai/,Docs,header,200,https://docs.kujolang.ai/,0,rendered local route,,none
after,https://docs.kujolang.ai/tools/spec/,https://docs.kujolang.ai/start-here/,Start here,nav,200,https://docs.kujolang.ai/start-here/,0,rendered local route,,none
after,https://docs.kujolang.ai/tools/spec/,https://docs.kujolang.ai/learn/,Learn Kujo,nav,200,https://docs.kujolang.ai/learn/,0,rendered local route,,none
after,https://docs.kujolang.ai/tools/spec/,https://docs.kujolang.ai/build/,Build with Kujo,nav,200,https://docs.kujolang.ai/build/,0,rendered local route,,none
after,https://docs.kujolang.ai/tools/spec/,https://docs.kujolang.ai/ecosystem/providers/,Providers,nav,200,https://docs.kujolang.ai/ecosystem/providers/,0,rendered local route,,none
after,https://docs.kujolang.ai/tools/spec/,https://docs.kujolang.ai/tools/,Tools,nav,200,https://docs.kujolang.ai/tools/,0,rendered local route,,none
after,https://docs.kujolang.ai/tools/spec/,https://docs.kujolang.ai/showcases/,Showcases,nav,200,https://docs.kujolang.ai/showcases/,0,rendered local route,,none
after,https://docs.kujolang.ai/tools/spec/,https://docs.kujolang.ai/start-here/,Start here,aside,200,https://docs.kujolang.ai/start-here/,0,rendered local route,,none
after,https://docs.kujolang.ai/tools/spec/,https://docs.kujolang.ai/install/,Install Kujo,aside,200,https://docs.kujolang.ai/install/,0,rendered local route,,none
after,https://docs.kujolang.ai/tools/spec/,https://docs.kujolang.ai/quickstart/,Quickstart,aside,200,https://docs.kujolang.ai/quickstart/,0,rendered local route,,none
after,https://docs.kujolang.ai/tools/spec/,https://docs.kujolang.ai/choose-a-path/,Choose a path,aside,200,https://docs.kujolang.ai/choose-a-path/,0,rendered local route,,none
after,https://docs.kujolang.ai/tools/spec/,https://docs.kujolang.ai/learn/,Learn Kujo,aside,200,https://docs.kujolang.ai/learn/,0,rendered local route,,none
after,https://docs.kujolang.ai/tools/spec/,https://docs.kujolang.ai/build/,Build with Kujo,aside,200,https://docs.kujolang.ai/build/,0,rendered local route,,none
after,https://docs.kujolang.ai/tools/spec/,https://docs.kujolang.ai/review/,Reviewable work,aside,200,https://docs.kujolang.ai/review/,0,rendered local route,,none
after,https://docs.kujolang.ai/tools/spec/,https://docs.kujolang.ai/tools/,Tools,aside,200,https://docs.kujolang.ai/tools/,0,rendered local route,,none
after,https://docs.kujolang.ai/tools/spec/,https://docs.kujolang.ai/showcases/,Showcases,aside,200,https://docs.kujolang.ai/showcases/,0,rendered local route,,none
after,https://docs.kujolang.ai/tools/spec/,https://docs.kujolang.ai/collections/,Collections,aside,200,https://docs.kujolang.ai/collections/,0,rendered local route,,none
after,https://docs.kujolang.ai/tools/spec/,https://docs.kujolang.ai/ecosystem/,Ecosystem,aside,200,https://docs.kujolang.ai/ecosystem/,0,rendered local route,,none
after,https://docs.kujolang.ai/tools/spec/,https://docs.kujolang.ai/reference/,Reference,aside,200,https://docs.kujolang.ai/reference/,0,rendered local route,,none
after,https://docs.kujolang.ai/tools/spec/,https://docs.kujolang.ai/security/,Security model,aside,200,https://docs.kujolang.ai/security/,0,rendered local route,,none
after,https://docs.kujolang.ai/tools/spec/,https://docs.kujolang.ai/release-boundaries/,Release boundaries,aside,200,https://docs.kujolang.ai/release-boundaries/,0,rendered local route,,none
after,https://docs.kujolang.ai/tools/spec/,https://docs.kujolang.ai/support/,Support,aside,200,https://docs.kujolang.ai/support/,0,rendered local route,,none
after,https://docs.kujolang.ai/tools/spec/,https://docs.kujolang.ai/tools/scout/,Scout,article,200,https://docs.kujolang.ai/tools/scout/,0,rendered local route,,none
after,https://docs.kujolang.ai/tools/spec/,https://docs.kujolang.ai/tools/scent/,Scent,article,200,https://docs.kujolang.ai/tools/scent/,0,rendered local route,,none
after,https://docs.kujolang.ai/tools/spec/,https://docs.kujolang.ai/tools/kennel/,Previous,nav,200,https://docs.kujolang.ai/tools/kennel/,0,rendered local route,prev,none
after,https://docs.kujolang.ai/tools/spec/,https://docs.kujolang.ai/tools/eval/,Next,nav,200,https://docs.kujolang.ai/tools/eval/,0,rendered local route,next,none
after,https://docs.kujolang.ai/tools/spec/,https://docs.kujolang.ai/reference/,Reference,nav,200,https://docs.kujolang.ai/reference/,0,rendered local route,,none
after,https://docs.kujolang.ai/tools/spec/,https://docs.kujolang.ai/support/,Support,nav,200,https://docs.kujolang.ai/support/,0,rendered local route,,none
after,https://docs.kujolang.ai/tools/spec/,https://docs.kujolang.ai/release-boundaries/,Release boundaries,nav,200,https://docs.kujolang.ai/release-boundaries/,0,rendered local route,,none
after,https://docs.kujolang.ai/tools/spec/,https://docs.kujolang.ai/llms.txt,llms.txt,nav,200,https://docs.kujolang.ai/llms.txt,0,rendered local route,,none
after,https://docs.kujolang.ai/tools/storydesk/,https://docs.kujolang.ai/,Docs,header,200,https://docs.kujolang.ai/,0,rendered local route,,none
after,https://docs.kujolang.ai/tools/storydesk/,https://docs.kujolang.ai/start-here/,Start here,nav,200,https://docs.kujolang.ai/start-here/,0,rendered local route,,none
after,https://docs.kujolang.ai/tools/storydesk/,https://docs.kujolang.ai/learn/,Learn Kujo,nav,200,https://docs.kujolang.ai/learn/,0,rendered local route,,none
after,https://docs.kujolang.ai/tools/storydesk/,https://docs.kujolang.ai/build/,Build with Kujo,nav,200,https://docs.kujolang.ai/build/,0,rendered local route,,none
after,https://docs.kujolang.ai/tools/storydesk/,https://docs.kujolang.ai/ecosystem/providers/,Providers,nav,200,https://docs.kujolang.ai/ecosystem/providers/,0,rendered local route,,none
after,https://docs.kujolang.ai/tools/storydesk/,https://docs.kujolang.ai/tools/,Tools,nav,200,https://docs.kujolang.ai/tools/,0,rendered local route,,none
after,https://docs.kujolang.ai/tools/storydesk/,https://docs.kujolang.ai/showcases/,Showcases,nav,200,https://docs.kujolang.ai/showcases/,0,rendered local route,,none
after,https://docs.kujolang.ai/tools/storydesk/,https://docs.kujolang.ai/start-here/,Start here,aside,200,https://docs.kujolang.ai/start-here/,0,rendered local route,,none
after,https://docs.kujolang.ai/tools/storydesk/,https://docs.kujolang.ai/install/,Install Kujo,aside,200,https://docs.kujolang.ai/install/,0,rendered local route,,none
after,https://docs.kujolang.ai/tools/storydesk/,https://docs.kujolang.ai/quickstart/,Quickstart,aside,200,https://docs.kujolang.ai/quickstart/,0,rendered local route,,none
after,https://docs.kujolang.ai/tools/storydesk/,https://docs.kujolang.ai/choose-a-path/,Choose a path,aside,200,https://docs.kujolang.ai/choose-a-path/,0,rendered local route,,none
after,https://docs.kujolang.ai/tools/storydesk/,https://docs.kujolang.ai/learn/,Learn Kujo,aside,200,https://docs.kujolang.ai/learn/,0,rendered local route,,none
after,https://docs.kujolang.ai/tools/storydesk/,https://docs.kujolang.ai/build/,Build with Kujo,aside,200,https://docs.kujolang.ai/build/,0,rendered local route,,none
after,https://docs.kujolang.ai/tools/storydesk/,https://docs.kujolang.ai/review/,Reviewable work,aside,200,https://docs.kujolang.ai/review/,0,rendered local route,,none
after,https://docs.kujolang.ai/tools/storydesk/,https://docs.kujolang.ai/tools/,Tools,aside,200,https://docs.kujolang.ai/tools/,0,rendered local route,,none
after,https://docs.kujolang.ai/tools/storydesk/,https://docs.kujolang.ai/showcases/,Showcases,aside,200,https://docs.kujolang.ai/showcases/,0,rendered local route,,none
after,https://docs.kujolang.ai/tools/storydesk/,https://docs.kujolang.ai/collections/,Collections,aside,200,https://docs.kujolang.ai/collections/,0,rendered local route,,none
after,https://docs.kujolang.ai/tools/storydesk/,https://docs.kujolang.ai/ecosystem/,Ecosystem,aside,200,https://docs.kujolang.ai/ecosystem/,0,rendered local route,,none
after,https://docs.kujolang.ai/tools/storydesk/,https://docs.kujolang.ai/reference/,Reference,aside,200,https://docs.kujolang.ai/reference/,0,rendered local route,,none
after,https://docs.kujolang.ai/tools/storydesk/,https://docs.kujolang.ai/security/,Security model,aside,200,https://docs.kujolang.ai/security/,0,rendered local route,,none
after,https://docs.kujolang.ai/tools/storydesk/,https://docs.kujolang.ai/release-boundaries/,Release boundaries,aside,200,https://docs.kujolang.ai/release-boundaries/,0,rendered local route,,none
after,https://docs.kujolang.ai/tools/storydesk/,https://docs.kujolang.ai/support/,Support,aside,200,https://docs.kujolang.ai/support/,0,rendered local route,,none
after,https://docs.kujolang.ai/tools/storydesk/,https://docs.kujolang.ai/reference/,Reference,nav,200,https://docs.kujolang.ai/reference/,0,rendered local route,,none
after,https://docs.kujolang.ai/tools/storydesk/,https://docs.kujolang.ai/support/,Support,nav,200,https://docs.kujolang.ai/support/,0,rendered local route,,none
after,https://docs.kujolang.ai/tools/storydesk/,https://docs.kujolang.ai/release-boundaries/,Release boundaries,nav,200,https://docs.kujolang.ai/release-boundaries/,0,rendered local route,,none
after,https://docs.kujolang.ai/tools/storydesk/,https://docs.kujolang.ai/llms.txt,llms.txt,nav,200,https://docs.kujolang.ai/llms.txt,0,rendered local route,,none
after,https://docs.kujolang.ai/tools/tribunal/,https://docs.kujolang.ai/,Docs,header,200,https://docs.kujolang.ai/,0,rendered local route,,none
after,https://docs.kujolang.ai/tools/tribunal/,https://docs.kujolang.ai/start-here/,Start here,nav,200,https://docs.kujolang.ai/start-here/,0,rendered local route,,none
after,https://docs.kujolang.ai/tools/tribunal/,https://docs.kujolang.ai/learn/,Learn Kujo,nav,200,https://docs.kujolang.ai/learn/,0,rendered local route,,none
after,https://docs.kujolang.ai/tools/tribunal/,https://docs.kujolang.ai/build/,Build with Kujo,nav,200,https://docs.kujolang.ai/build/,0,rendered local route,,none
after,https://docs.kujolang.ai/tools/tribunal/,https://docs.kujolang.ai/ecosystem/providers/,Providers,nav,200,https://docs.kujolang.ai/ecosystem/providers/,0,rendered local route,,none
after,https://docs.kujolang.ai/tools/tribunal/,https://docs.kujolang.ai/tools/,Tools,nav,200,https://docs.kujolang.ai/tools/,0,rendered local route,,none
after,https://docs.kujolang.ai/tools/tribunal/,https://docs.kujolang.ai/showcases/,Showcases,nav,200,https://docs.kujolang.ai/showcases/,0,rendered local route,,none
after,https://docs.kujolang.ai/tools/tribunal/,https://docs.kujolang.ai/start-here/,Start here,aside,200,https://docs.kujolang.ai/start-here/,0,rendered local route,,none
after,https://docs.kujolang.ai/tools/tribunal/,https://docs.kujolang.ai/install/,Install Kujo,aside,200,https://docs.kujolang.ai/install/,0,rendered local route,,none
after,https://docs.kujolang.ai/tools/tribunal/,https://docs.kujolang.ai/quickstart/,Quickstart,aside,200,https://docs.kujolang.ai/quickstart/,0,rendered local route,,none
after,https://docs.kujolang.ai/tools/tribunal/,https://docs.kujolang.ai/choose-a-path/,Choose a path,aside,200,https://docs.kujolang.ai/choose-a-path/,0,rendered local route,,none
after,https://docs.kujolang.ai/tools/tribunal/,https://docs.kujolang.ai/learn/,Learn Kujo,aside,200,https://docs.kujolang.ai/learn/,0,rendered local route,,none
after,https://docs.kujolang.ai/tools/tribunal/,https://docs.kujolang.ai/build/,Build with Kujo,aside,200,https://docs.kujolang.ai/build/,0,rendered local route,,none
after,https://docs.kujolang.ai/tools/tribunal/,https://docs.kujolang.ai/review/,Reviewable work,aside,200,https://docs.kujolang.ai/review/,0,rendered local route,,none
after,https://docs.kujolang.ai/tools/tribunal/,https://docs.kujolang.ai/tools/,Tools,aside,200,https://docs.kujolang.ai/tools/,0,rendered local route,,none
after,https://docs.kujolang.ai/tools/tribunal/,https://docs.kujolang.ai/showcases/,Showcases,aside,200,https://docs.kujolang.ai/showcases/,0,rendered local route,,none
after,https://docs.kujolang.ai/tools/tribunal/,https://docs.kujolang.ai/collections/,Collections,aside,200,https://docs.kujolang.ai/collections/,0,rendered local route,,none
after,https://docs.kujolang.ai/tools/tribunal/,https://docs.kujolang.ai/ecosystem/,Ecosystem,aside,200,https://docs.kujolang.ai/ecosystem/,0,rendered local route,,none
after,https://docs.kujolang.ai/tools/tribunal/,https://docs.kujolang.ai/reference/,Reference,aside,200,https://docs.kujolang.ai/reference/,0,rendered local route,,none
after,https://docs.kujolang.ai/tools/tribunal/,https://docs.kujolang.ai/security/,Security model,aside,200,https://docs.kujolang.ai/security/,0,rendered local route,,none
after,https://docs.kujolang.ai/tools/tribunal/,https://docs.kujolang.ai/release-boundaries/,Release boundaries,aside,200,https://docs.kujolang.ai/release-boundaries/,0,rendered local route,,none
after,https://docs.kujolang.ai/tools/tribunal/,https://docs.kujolang.ai/support/,Support,aside,200,https://docs.kujolang.ai/support/,0,rendered local route,,none
after,https://docs.kujolang.ai/tools/tribunal/,https://docs.kujolang.ai/reference/,Reference,nav,200,https://docs.kujolang.ai/reference/,0,rendered local route,,none
after,https://docs.kujolang.ai/tools/tribunal/,https://docs.kujolang.ai/support/,Support,nav,200,https://docs.kujolang.ai/support/,0,rendered local route,,none
after,https://docs.kujolang.ai/tools/tribunal/,https://docs.kujolang.ai/release-boundaries/,Release boundaries,nav,200,https://docs.kujolang.ai/release-boundaries/,0,rendered local route,,none
after,https://docs.kujolang.ai/tools/tribunal/,https://docs.kujolang.ai/llms.txt,llms.txt,nav,200,https://docs.kujolang.ai/llms.txt,0,rendered local route,,none
after,https://docs.kujolang.ai/tools/versionseal/,https://docs.kujolang.ai/,Docs,header,200,https://docs.kujolang.ai/,0,rendered local route,,none
after,https://docs.kujolang.ai/tools/versionseal/,https://docs.kujolang.ai/start-here/,Start here,nav,200,https://docs.kujolang.ai/start-here/,0,rendered local route,,none
after,https://docs.kujolang.ai/tools/versionseal/,https://docs.kujolang.ai/learn/,Learn Kujo,nav,200,https://docs.kujolang.ai/learn/,0,rendered local route,,none
after,https://docs.kujolang.ai/tools/versionseal/,https://docs.kujolang.ai/build/,Build with Kujo,nav,200,https://docs.kujolang.ai/build/,0,rendered local route,,none
after,https://docs.kujolang.ai/tools/versionseal/,https://docs.kujolang.ai/ecosystem/providers/,Providers,nav,200,https://docs.kujolang.ai/ecosystem/providers/,0,rendered local route,,none
after,https://docs.kujolang.ai/tools/versionseal/,https://docs.kujolang.ai/tools/,Tools,nav,200,https://docs.kujolang.ai/tools/,0,rendered local route,,none
after,https://docs.kujolang.ai/tools/versionseal/,https://docs.kujolang.ai/showcases/,Showcases,nav,200,https://docs.kujolang.ai/showcases/,0,rendered local route,,none
after,https://docs.kujolang.ai/tools/versionseal/,https://docs.kujolang.ai/start-here/,Start here,aside,200,https://docs.kujolang.ai/start-here/,0,rendered local route,,none
after,https://docs.kujolang.ai/tools/versionseal/,https://docs.kujolang.ai/install/,Install Kujo,aside,200,https://docs.kujolang.ai/install/,0,rendered local route,,none
after,https://docs.kujolang.ai/tools/versionseal/,https://docs.kujolang.ai/quickstart/,Quickstart,aside,200,https://docs.kujolang.ai/quickstart/,0,rendered local route,,none
after,https://docs.kujolang.ai/tools/versionseal/,https://docs.kujolang.ai/choose-a-path/,Choose a path,aside,200,https://docs.kujolang.ai/choose-a-path/,0,rendered local route,,none
after,https://docs.kujolang.ai/tools/versionseal/,https://docs.kujolang.ai/learn/,Learn Kujo,aside,200,https://docs.kujolang.ai/learn/,0,rendered local route,,none
after,https://docs.kujolang.ai/tools/versionseal/,https://docs.kujolang.ai/build/,Build with Kujo,aside,200,https://docs.kujolang.ai/build/,0,rendered local route,,none
after,https://docs.kujolang.ai/tools/versionseal/,https://docs.kujolang.ai/review/,Reviewable work,aside,200,https://docs.kujolang.ai/review/,0,rendered local route,,none
after,https://docs.kujolang.ai/tools/versionseal/,https://docs.kujolang.ai/tools/,Tools,aside,200,https://docs.kujolang.ai/tools/,0,rendered local route,,none
after,https://docs.kujolang.ai/tools/versionseal/,https://docs.kujolang.ai/showcases/,Showcases,aside,200,https://docs.kujolang.ai/showcases/,0,rendered local route,,none
after,https://docs.kujolang.ai/tools/versionseal/,https://docs.kujolang.ai/collections/,Collections,aside,200,https://docs.kujolang.ai/collections/,0,rendered local route,,none
after,https://docs.kujolang.ai/tools/versionseal/,https://docs.kujolang.ai/ecosystem/,Ecosystem,aside,200,https://docs.kujolang.ai/ecosystem/,0,rendered local route,,none
after,https://docs.kujolang.ai/tools/versionseal/,https://docs.kujolang.ai/reference/,Reference,aside,200,https://docs.kujolang.ai/reference/,0,rendered local route,,none
after,https://docs.kujolang.ai/tools/versionseal/,https://docs.kujolang.ai/security/,Security model,aside,200,https://docs.kujolang.ai/security/,0,rendered local route,,none
after,https://docs.kujolang.ai/tools/versionseal/,https://docs.kujolang.ai/release-boundaries/,Release boundaries,aside,200,https://docs.kujolang.ai/release-boundaries/,0,rendered local route,,none
after,https://docs.kujolang.ai/tools/versionseal/,https://docs.kujolang.ai/support/,Support,aside,200,https://docs.kujolang.ai/support/,0,rendered local route,,none
after,https://docs.kujolang.ai/tools/versionseal/,https://docs.kujolang.ai/reference/,Reference,nav,200,https://docs.kujolang.ai/reference/,0,rendered local route,,none
after,https://docs.kujolang.ai/tools/versionseal/,https://docs.kujolang.ai/support/,Support,nav,200,https://docs.kujolang.ai/support/,0,rendered local route,,none
after,https://docs.kujolang.ai/tools/versionseal/,https://docs.kujolang.ai/release-boundaries/,Release boundaries,nav,200,https://docs.kujolang.ai/release-boundaries/,0,rendered local route,,none
after,https://docs.kujolang.ai/tools/versionseal/,https://docs.kujolang.ai/llms.txt,llms.txt,nav,200,https://docs.kujolang.ai/llms.txt,0,rendered local route,,none
after,https://docs.kujolang.ai/tools/ward/,https://docs.kujolang.ai/,Docs,header,200,https://docs.kujolang.ai/,0,rendered local route,,none
after,https://docs.kujolang.ai/tools/ward/,https://docs.kujolang.ai/start-here/,Start here,nav,200,https://docs.kujolang.ai/start-here/,0,rendered local route,,none
after,https://docs.kujolang.ai/tools/ward/,https://docs.kujolang.ai/learn/,Learn Kujo,nav,200,https://docs.kujolang.ai/learn/,0,rendered local route,,none
after,https://docs.kujolang.ai/tools/ward/,https://docs.kujolang.ai/build/,Build with Kujo,nav,200,https://docs.kujolang.ai/build/,0,rendered local route,,none
after,https://docs.kujolang.ai/tools/ward/,https://docs.kujolang.ai/ecosystem/providers/,Providers,nav,200,https://docs.kujolang.ai/ecosystem/providers/,0,rendered local route,,none
after,https://docs.kujolang.ai/tools/ward/,https://docs.kujolang.ai/tools/,Tools,nav,200,https://docs.kujolang.ai/tools/,0,rendered local route,,none
after,https://docs.kujolang.ai/tools/ward/,https://docs.kujolang.ai/showcases/,Showcases,nav,200,https://docs.kujolang.ai/showcases/,0,rendered local route,,none
after,https://docs.kujolang.ai/tools/ward/,https://docs.kujolang.ai/start-here/,Start here,aside,200,https://docs.kujolang.ai/start-here/,0,rendered local route,,none
after,https://docs.kujolang.ai/tools/ward/,https://docs.kujolang.ai/install/,Install Kujo,aside,200,https://docs.kujolang.ai/install/,0,rendered local route,,none
after,https://docs.kujolang.ai/tools/ward/,https://docs.kujolang.ai/quickstart/,Quickstart,aside,200,https://docs.kujolang.ai/quickstart/,0,rendered local route,,none
after,https://docs.kujolang.ai/tools/ward/,https://docs.kujolang.ai/choose-a-path/,Choose a path,aside,200,https://docs.kujolang.ai/choose-a-path/,0,rendered local route,,none
after,https://docs.kujolang.ai/tools/ward/,https://docs.kujolang.ai/learn/,Learn Kujo,aside,200,https://docs.kujolang.ai/learn/,0,rendered local route,,none
after,https://docs.kujolang.ai/tools/ward/,https://docs.kujolang.ai/build/,Build with Kujo,aside,200,https://docs.kujolang.ai/build/,0,rendered local route,,none
after,https://docs.kujolang.ai/tools/ward/,https://docs.kujolang.ai/review/,Reviewable work,aside,200,https://docs.kujolang.ai/review/,0,rendered local route,,none
after,https://docs.kujolang.ai/tools/ward/,https://docs.kujolang.ai/tools/,Tools,aside,200,https://docs.kujolang.ai/tools/,0,rendered local route,,none
after,https://docs.kujolang.ai/tools/ward/,https://docs.kujolang.ai/showcases/,Showcases,aside,200,https://docs.kujolang.ai/showcases/,0,rendered local route,,none
after,https://docs.kujolang.ai/tools/ward/,https://docs.kujolang.ai/collections/,Collections,aside,200,https://docs.kujolang.ai/collections/,0,rendered local route,,none
after,https://docs.kujolang.ai/tools/ward/,https://docs.kujolang.ai/ecosystem/,Ecosystem,aside,200,https://docs.kujolang.ai/ecosystem/,0,rendered local route,,none
after,https://docs.kujolang.ai/tools/ward/,https://docs.kujolang.ai/reference/,Reference,aside,200,https://docs.kujolang.ai/reference/,0,rendered local route,,none
after,https://docs.kujolang.ai/tools/ward/,https://docs.kujolang.ai/security/,Security model,aside,200,https://docs.kujolang.ai/security/,0,rendered local route,,none
after,https://docs.kujolang.ai/tools/ward/,https://docs.kujolang.ai/release-boundaries/,Release boundaries,aside,200,https://docs.kujolang.ai/release-boundaries/,0,rendered local route,,none
after,https://docs.kujolang.ai/tools/ward/,https://docs.kujolang.ai/support/,Support,aside,200,https://docs.kujolang.ai/support/,0,rendered local route,,none
after,https://docs.kujolang.ai/tools/ward/,https://docs.kujolang.ai/tools/patchbrief/,PatchBrief,article,200,https://docs.kujolang.ai/tools/patchbrief/,0,rendered local route,,none
after,https://docs.kujolang.ai/tools/ward/,https://docs.kujolang.ai/tools/changebucket/,ChangeBucket,article,200,https://docs.kujolang.ai/tools/changebucket/,0,rendered local route,,none
after,https://docs.kujolang.ai/tools/ward/,https://docs.kujolang.ai/tools/lens/,Previous,nav,200,https://docs.kujolang.ai/tools/lens/,0,rendered local route,prev,none
after,https://docs.kujolang.ai/tools/ward/,https://docs.kujolang.ai/tools/howl/,Next,nav,200,https://docs.kujolang.ai/tools/howl/,0,rendered local route,next,none
after,https://docs.kujolang.ai/tools/ward/,https://docs.kujolang.ai/reference/,Reference,nav,200,https://docs.kujolang.ai/reference/,0,rendered local route,,none
after,https://docs.kujolang.ai/tools/ward/,https://docs.kujolang.ai/support/,Support,nav,200,https://docs.kujolang.ai/support/,0,rendered local route,,none
after,https://docs.kujolang.ai/tools/ward/,https://docs.kujolang.ai/release-boundaries/,Release boundaries,nav,200,https://docs.kujolang.ai/release-boundaries/,0,rendered local route,,none
after,https://docs.kujolang.ai/tools/ward/,https://docs.kujolang.ai/llms.txt,llms.txt,nav,200,https://docs.kujolang.ai/llms.txt,0,rendered local route,,none
after,https://docs.kujolang.ai/tools/watchdog/,https://docs.kujolang.ai/,Docs,header,200,https://docs.kujolang.ai/,0,rendered local route,,none
after,https://docs.kujolang.ai/tools/watchdog/,https://docs.kujolang.ai/start-here/,Start here,nav,200,https://docs.kujolang.ai/start-here/,0,rendered local route,,none
after,https://docs.kujolang.ai/tools/watchdog/,https://docs.kujolang.ai/learn/,Learn Kujo,nav,200,https://docs.kujolang.ai/learn/,0,rendered local route,,none
after,https://docs.kujolang.ai/tools/watchdog/,https://docs.kujolang.ai/build/,Build with Kujo,nav,200,https://docs.kujolang.ai/build/,0,rendered local route,,none
after,https://docs.kujolang.ai/tools/watchdog/,https://docs.kujolang.ai/ecosystem/providers/,Providers,nav,200,https://docs.kujolang.ai/ecosystem/providers/,0,rendered local route,,none
after,https://docs.kujolang.ai/tools/watchdog/,https://docs.kujolang.ai/tools/,Tools,nav,200,https://docs.kujolang.ai/tools/,0,rendered local route,,none
after,https://docs.kujolang.ai/tools/watchdog/,https://docs.kujolang.ai/showcases/,Showcases,nav,200,https://docs.kujolang.ai/showcases/,0,rendered local route,,none
after,https://docs.kujolang.ai/tools/watchdog/,https://docs.kujolang.ai/start-here/,Start here,aside,200,https://docs.kujolang.ai/start-here/,0,rendered local route,,none
after,https://docs.kujolang.ai/tools/watchdog/,https://docs.kujolang.ai/install/,Install Kujo,aside,200,https://docs.kujolang.ai/install/,0,rendered local route,,none
after,https://docs.kujolang.ai/tools/watchdog/,https://docs.kujolang.ai/quickstart/,Quickstart,aside,200,https://docs.kujolang.ai/quickstart/,0,rendered local route,,none
after,https://docs.kujolang.ai/tools/watchdog/,https://docs.kujolang.ai/choose-a-path/,Choose a path,aside,200,https://docs.kujolang.ai/choose-a-path/,0,rendered local route,,none
after,https://docs.kujolang.ai/tools/watchdog/,https://docs.kujolang.ai/learn/,Learn Kujo,aside,200,https://docs.kujolang.ai/learn/,0,rendered local route,,none
after,https://docs.kujolang.ai/tools/watchdog/,https://docs.kujolang.ai/build/,Build with Kujo,aside,200,https://docs.kujolang.ai/build/,0,rendered local route,,none
after,https://docs.kujolang.ai/tools/watchdog/,https://docs.kujolang.ai/review/,Reviewable work,aside,200,https://docs.kujolang.ai/review/,0,rendered local route,,none
after,https://docs.kujolang.ai/tools/watchdog/,https://docs.kujolang.ai/tools/,Tools,aside,200,https://docs.kujolang.ai/tools/,0,rendered local route,,none
after,https://docs.kujolang.ai/tools/watchdog/,https://docs.kujolang.ai/showcases/,Showcases,aside,200,https://docs.kujolang.ai/showcases/,0,rendered local route,,none
after,https://docs.kujolang.ai/tools/watchdog/,https://docs.kujolang.ai/collections/,Collections,aside,200,https://docs.kujolang.ai/collections/,0,rendered local route,,none
after,https://docs.kujolang.ai/tools/watchdog/,https://docs.kujolang.ai/ecosystem/,Ecosystem,aside,200,https://docs.kujolang.ai/ecosystem/,0,rendered local route,,none
after,https://docs.kujolang.ai/tools/watchdog/,https://docs.kujolang.ai/reference/,Reference,aside,200,https://docs.kujolang.ai/reference/,0,rendered local route,,none
after,https://docs.kujolang.ai/tools/watchdog/,https://docs.kujolang.ai/security/,Security model,aside,200,https://docs.kujolang.ai/security/,0,rendered local route,,none
after,https://docs.kujolang.ai/tools/watchdog/,https://docs.kujolang.ai/release-boundaries/,Release boundaries,aside,200,https://docs.kujolang.ai/release-boundaries/,0,rendered local route,,none
after,https://docs.kujolang.ai/tools/watchdog/,https://docs.kujolang.ai/support/,Support,aside,200,https://docs.kujolang.ai/support/,0,rendered local route,,none
after,https://docs.kujolang.ai/tools/watchdog/,https://docs.kujolang.ai/tools/ai-sdk/,AI SDK,article,200,https://docs.kujolang.ai/tools/ai-sdk/,0,rendered local route,,none
after,https://docs.kujolang.ai/tools/watchdog/,https://docs.kujolang.ai/tools/dispatch/,Dispatch,article,200,https://docs.kujolang.ai/tools/dispatch/,0,rendered local route,,none
after,https://docs.kujolang.ai/tools/watchdog/,https://docs.kujolang.ai/tools/fence/,Previous,nav,200,https://docs.kujolang.ai/tools/fence/,0,rendered local route,prev,none
after,https://docs.kujolang.ai/tools/watchdog/,https://docs.kujolang.ai/tools/leash/,Next,nav,200,https://docs.kujolang.ai/tools/leash/,0,rendered local route,next,none
after,https://docs.kujolang.ai/tools/watchdog/,https://docs.kujolang.ai/reference/,Reference,nav,200,https://docs.kujolang.ai/reference/,0,rendered local route,,none
after,https://docs.kujolang.ai/tools/watchdog/,https://docs.kujolang.ai/support/,Support,nav,200,https://docs.kujolang.ai/support/,0,rendered local route,,none
after,https://docs.kujolang.ai/tools/watchdog/,https://docs.kujolang.ai/release-boundaries/,Release boundaries,nav,200,https://docs.kujolang.ai/release-boundaries/,0,rendered local route,,none
after,https://docs.kujolang.ai/tools/watchdog/,https://docs.kujolang.ai/llms.txt,llms.txt,nav,200,https://docs.kujolang.ai/llms.txt,0,rendered local route,,none
after,https://docs.kujolang.ai/tools/workcell/,https://docs.kujolang.ai/,Docs,header,200,https://docs.kujolang.ai/,0,rendered local route,,none
after,https://docs.kujolang.ai/tools/workcell/,https://docs.kujolang.ai/start-here/,Start here,nav,200,https://docs.kujolang.ai/start-here/,0,rendered local route,,none
after,https://docs.kujolang.ai/tools/workcell/,https://docs.kujolang.ai/learn/,Learn Kujo,nav,200,https://docs.kujolang.ai/learn/,0,rendered local route,,none
after,https://docs.kujolang.ai/tools/workcell/,https://docs.kujolang.ai/build/,Build with Kujo,nav,200,https://docs.kujolang.ai/build/,0,rendered local route,,none
after,https://docs.kujolang.ai/tools/workcell/,https://docs.kujolang.ai/ecosystem/providers/,Providers,nav,200,https://docs.kujolang.ai/ecosystem/providers/,0,rendered local route,,none
after,https://docs.kujolang.ai/tools/workcell/,https://docs.kujolang.ai/tools/,Tools,nav,200,https://docs.kujolang.ai/tools/,0,rendered local route,,none
after,https://docs.kujolang.ai/tools/workcell/,https://docs.kujolang.ai/showcases/,Showcases,nav,200,https://docs.kujolang.ai/showcases/,0,rendered local route,,none
after,https://docs.kujolang.ai/tools/workcell/,https://docs.kujolang.ai/start-here/,Start here,aside,200,https://docs.kujolang.ai/start-here/,0,rendered local route,,none
after,https://docs.kujolang.ai/tools/workcell/,https://docs.kujolang.ai/install/,Install Kujo,aside,200,https://docs.kujolang.ai/install/,0,rendered local route,,none
after,https://docs.kujolang.ai/tools/workcell/,https://docs.kujolang.ai/quickstart/,Quickstart,aside,200,https://docs.kujolang.ai/quickstart/,0,rendered local route,,none
after,https://docs.kujolang.ai/tools/workcell/,https://docs.kujolang.ai/choose-a-path/,Choose a path,aside,200,https://docs.kujolang.ai/choose-a-path/,0,rendered local route,,none
after,https://docs.kujolang.ai/tools/workcell/,https://docs.kujolang.ai/learn/,Learn Kujo,aside,200,https://docs.kujolang.ai/learn/,0,rendered local route,,none
after,https://docs.kujolang.ai/tools/workcell/,https://docs.kujolang.ai/build/,Build with Kujo,aside,200,https://docs.kujolang.ai/build/,0,rendered local route,,none
after,https://docs.kujolang.ai/tools/workcell/,https://docs.kujolang.ai/review/,Reviewable work,aside,200,https://docs.kujolang.ai/review/,0,rendered local route,,none
after,https://docs.kujolang.ai/tools/workcell/,https://docs.kujolang.ai/tools/,Tools,aside,200,https://docs.kujolang.ai/tools/,0,rendered local route,,none
after,https://docs.kujolang.ai/tools/workcell/,https://docs.kujolang.ai/showcases/,Showcases,aside,200,https://docs.kujolang.ai/showcases/,0,rendered local route,,none
after,https://docs.kujolang.ai/tools/workcell/,https://docs.kujolang.ai/collections/,Collections,aside,200,https://docs.kujolang.ai/collections/,0,rendered local route,,none
after,https://docs.kujolang.ai/tools/workcell/,https://docs.kujolang.ai/ecosystem/,Ecosystem,aside,200,https://docs.kujolang.ai/ecosystem/,0,rendered local route,,none
after,https://docs.kujolang.ai/tools/workcell/,https://docs.kujolang.ai/reference/,Reference,aside,200,https://docs.kujolang.ai/reference/,0,rendered local route,,none
after,https://docs.kujolang.ai/tools/workcell/,https://docs.kujolang.ai/security/,Security model,aside,200,https://docs.kujolang.ai/security/,0,rendered local route,,none
after,https://docs.kujolang.ai/tools/workcell/,https://docs.kujolang.ai/release-boundaries/,Release boundaries,aside,200,https://docs.kujolang.ai/release-boundaries/,0,rendered local route,,none
after,https://docs.kujolang.ai/tools/workcell/,https://docs.kujolang.ai/support/,Support,aside,200,https://docs.kujolang.ai/support/,0,rendered local route,,none
after,https://docs.kujolang.ai/tools/workcell/,https://docs.kujolang.ai/reference/,Reference,nav,200,https://docs.kujolang.ai/reference/,0,rendered local route,,none
after,https://docs.kujolang.ai/tools/workcell/,https://docs.kujolang.ai/support/,Support,nav,200,https://docs.kujolang.ai/support/,0,rendered local route,,none
after,https://docs.kujolang.ai/tools/workcell/,https://docs.kujolang.ai/release-boundaries/,Release boundaries,nav,200,https://docs.kujolang.ai/release-boundaries/,0,rendered local route,,none
after,https://docs.kujolang.ai/tools/workcell/,https://docs.kujolang.ai/llms.txt,llms.txt,nav,200,https://docs.kujolang.ai/llms.txt,0,rendered local route,,none
